  0.000000E+00     1     1  8.560912E+03
  0.000000E+00     1     2  0.000000E+00
  0.000000E+00     1     3  3.910665E-01
  0.000000E+00     1     4  0.000000E+00
  0.000000E+00     1     5 -1.057805E+05
  0.000000E+00     1     6  0.000000E+00
  0.000000E+00     2     1  0.000000E+00
  0.000000E+00     2     2  8.560807E+03
  0.000000E+00     2     3  0.000000E+00
  0.000000E+00     2     4  1.057773E+05
  0.000000E+00     2     5  0.000000E+00
  0.000000E+00     2     6 -6.248625E-01
  0.000000E+00     3     1 -3.300670E-01
  0.000000E+00     3     2  0.000000E+00
  0.000000E+00     3     3  1.493953E+04
  0.000000E+00     3     4  0.000000E+00
  0.000000E+00     3     5  6.058731E+00
  0.000000E+00     3     6  0.000000E+00
  0.000000E+00     4     1  0.000000E+00
  0.000000E+00     4     2  1.058769E+05
  0.000000E+00     4     3  0.000000E+00
  0.000000E+00     4     4  7.577225E+06
  0.000000E+00     4     5  0.000000E+00
  0.000000E+00     4     6  2.360932E+01
  0.000000E+00     5     1 -1.058788E+05
  0.000000E+00     5     2  0.000000E+00
  0.000000E+00     5     3 -3.018694E+00
  0.000000E+00     5     4  0.000000E+00
  0.000000E+00     5     5  7.577318E+06
  0.000000E+00     5     6  0.000000E+00
  0.000000E+00     6     1  0.000000E+00
  0.000000E+00     6     2  3.698283E-01
  0.000000E+00     6     3  0.000000E+00
  0.000000E+00     6     4 -1.882007E+01
  0.000000E+00     6     5  0.000000E+00
  0.000000E+00     6     6  6.306063E+06
 -1.000000E+00     1     1  6.397363E+03
 -1.000000E+00     1     2  0.000000E+00
 -1.000000E+00     1     3  3.937277E-01
 -1.000000E+00     1     4  0.000000E+00
 -1.000000E+00     1     5 -8.388327E+04
 -1.000000E+00     1     6  0.000000E+00
 -1.000000E+00     2     1  0.000000E+00
 -1.000000E+00     2     2  6.397250E+03
 -1.000000E+00     2     3  0.000000E+00
 -1.000000E+00     2     4  8.387896E+04
 -1.000000E+00     2     5  0.000000E+00
 -1.000000E+00     2     6 -6.163126E-01
 -1.000000E+00     3     1 -3.286572E-01
 -1.000000E+00     3     2  0.000000E+00
 -1.000000E+00     3     3  1.455382E+04
 -1.000000E+00     3     4  0.000000E+00
 -1.000000E+00     3     5  7.571424E+00
 -1.000000E+00     3     6  0.000000E+00
 -1.000000E+00     4     1  0.000000E+00
 -1.000000E+00     4     2  8.398067E+04
 -1.000000E+00     4     3  0.000000E+00
 -1.000000E+00     4     4  7.165764E+06
 -1.000000E+00     4     5  0.000000E+00
 -1.000000E+00     4     6  2.122442E+01
 -1.000000E+00     5     1 -8.398295E+04
 -1.000000E+00     5     2  0.000000E+00
 -1.000000E+00     5     3 -2.738030E+00
 -1.000000E+00     5     4  0.000000E+00
 -1.000000E+00     5     5  7.165884E+06
 -1.000000E+00     5     6  0.000000E+00
 -1.000000E+00     6     1  0.000000E+00
 -1.000000E+00     6     2  3.829387E-01
 -1.000000E+00     6     3  0.000000E+00
 -1.000000E+00     6     4 -3.818696E+01
 -1.000000E+00     6     5  0.000000E+00
 -1.000000E+00     6     6  4.801701E+06
  6.280000E-02     1     1  8.573374E+03  8.043377E-03
  6.280000E-02     1     2  0.000000E+00  0.000000E+00
  6.280000E-02     1     3  4.030400E-01  1.699255E-02
  6.280000E-02     1     4  0.000000E+00  0.000000E+00
  6.280000E-02     1     5 -1.059489E+05 -5.268409E-02
  6.280000E-02     1     6  0.000000E+00  0.000000E+00
  6.280000E-02     2     1  0.000000E+00  0.000000E+00
  6.280000E-02     2     2  8.573269E+03  8.043581E-03
  6.280000E-02     2     3  0.000000E+00  0.000000E+00
  6.280000E-02     2     4  1.059457E+05  5.268569E-02
  6.280000E-02     2     5  0.000000E+00  0.000000E+00
  6.280000E-02     2     6 -6.249425E-01 -2.303629E-07
  6.280000E-02     3     1 -3.295267E-01 -9.454459E-05
  6.280000E-02     3     2  0.000000E+00  0.000000E+00
  6.280000E-02     3     3  1.495859E+04  2.752084E+01
  6.280000E-02     3     4  0.000000E+00  0.000000E+00
  6.280000E-02     3     5  6.042376E+00  2.328555E-03
  6.280000E-02     3     6  0.000000E+00  0.000000E+00
  6.280000E-02     4     1  0.000000E+00  0.000000E+00
  6.280000E-02     4     2  1.060448E+05  5.202706E-02
  6.280000E-02     4     3  0.000000E+00  0.000000E+00
  6.280000E-02     4     4  7.580387E+06  3.403344E-01
  6.280000E-02     4     5  0.000000E+00  0.000000E+00
  6.280000E-02     4     6  2.361862E+01 -1.723236E-06
  6.280000E-02     5     1 -1.060467E+05 -5.201224E-02
  6.280000E-02     5     2  0.000000E+00  0.000000E+00
  6.280000E-02     5     3 -3.023692E+00 -4.514758E-03
  6.280000E-02     5     4  0.000000E+00  0.000000E+00
  6.280000E-02     5     5  7.580480E+06  3.402421E-01
  6.280000E-02     5     6  0.000000E+00  0.000000E+00
  6.280000E-02     6     1  0.000000E+00  0.000000E+00
  6.280000E-02     6     2  3.770972E-01  8.199125E-06
  6.280000E-02     6     3  0.000000E+00  0.000000E+00
  6.280000E-02     6     4 -1.859952E+01  5.368267E-05
  6.280000E-02     6     5  0.000000E+00  0.000000E+00
  6.280000E-02     6     6  6.310990E+06  1.346094E-09
  1.256000E-01     1     1  8.613239E+03  5.018670E-01
  1.256000E-01     1     2  0.000000E+00  0.000000E+00
  1.256000E-01     1     3  4.028589E-01  6.061536E-02
  1.256000E-01     1     4  0.000000E+00  0.000000E+00
  1.256000E-01     1     5 -1.064851E+05 -3.547487E+00
  1.256000E-01     1     6  0.000000E+00  0.000000E+00
  1.256000E-01     2     1  0.000000E+00  0.000000E+00
  1.256000E-01     2     2  8.613134E+03  5.018762E-01
  1.256000E-01     2     3  0.000000E+00  0.000000E+00
  1.256000E-01     2     4  1.064819E+05  3.547505E+00
  1.256000E-01     2     5  0.000000E+00  0.000000E+00
  1.256000E-01     2     6 -6.251777E-01 -1.331001E-05
  1.256000E-01     3     1 -3.274539E-01 -1.747704E-04
  1.256000E-01     3     2  0.000000E+00  0.000000E+00
  1.256000E-01     3     3  1.495571E+04  9.091704E+01
  1.256000E-01     3     4  0.000000E+00  0.000000E+00
  1.256000E-01     3     5  5.984048E+00  5.261809E-03
  1.256000E-01     3     6  0.000000E+00  0.000000E+00
  1.256000E-01     4     1  0.000000E+00  0.000000E+00
  1.256000E-01     4     2  1.065790E+05  3.506556E+00
  1.256000E-01     4     3  0.000000E+00  0.000000E+00
  1.256000E-01     4     4  7.590322E+06  2.475638E+01
  1.256000E-01     4     5  0.000000E+00  0.000000E+00
  1.256000E-01     4     6  2.364666E+01 -1.091947E-04
  1.256000E-01     5     1 -1.065808E+05 -3.505640E+00
  1.256000E-01     5     2  0.000000E+00  0.000000E+00
  1.256000E-01     5     3 -3.029323E+00 -1.524032E-02
  1.256000E-01     5     4  0.000000E+00  0.000000E+00
  1.256000E-01     5     5  7.590414E+06  2.475023E+01
  1.256000E-01     5     6  0.000000E+00  0.000000E+00
  1.256000E-01     6     1  0.000000E+00  0.000000E+00
  1.256000E-01     6     2  4.015506E-01  5.109431E-04
  1.256000E-01     6     3  0.000000E+00  0.000000E+00
  1.256000E-01     6     4 -1.789754E+01  3.610085E-03
  1.256000E-01     6     5  0.000000E+00  0.000000E+00
  1.256000E-01     6     6  6.325957E+06  2.541027E-05
  1.884000E-01     1     1  8.688770E+03  5.470683E+00
  1.884000E-01     1     2  0.000000E+00  0.000000E+00
  1.884000E-01     1     3  3.686136E-01  1.112015E-01
  1.884000E-01     1     4  0.000000E+00  0.000000E+00
  1.884000E-01     1     5 -1.075022E+05 -4.327792E+01
  1.884000E-01     1     6  0.000000E+00  0.000000E+00
  1.884000E-01     2     1  0.000000E+00  0.000000E+00
  1.884000E-01     2     2  8.688666E+03  5.470782E+00
  1.884000E-01     2     3  0.000000E+00  0.000000E+00
  1.884000E-01     2     4  1.074989E+05  4.327821E+01
  1.884000E-01     2     5  0.000000E+00  0.000000E+00
  1.884000E-01     2     6 -6.255801E-01 -1.261216E-04
  1.884000E-01     3     1 -3.232632E-01  4.504569E-04
  1.884000E-01     3     2  0.000000E+00  0.000000E+00
  1.884000E-01     3     3  1.490665E+04  1.445922E+02
  1.884000E-01     3     4  0.000000E+00  0.000000E+00
  1.884000E-01     3     5  5.872547E+00 -2.555315E-03
  1.884000E-01     3     6  0.000000E+00  0.000000E+00
  1.884000E-01     4     1  0.000000E+00  0.000000E+00
  1.884000E-01     4     2  1.075906E+05  4.283298E+01
  1.884000E-01     4     3  0.000000E+00  0.000000E+00
  1.884000E-01     4     4  7.608766E+06  3.385061E+02
  1.884000E-01     4     5  0.000000E+00  0.000000E+00
  1.884000E-01     4     6  2.369548E+01 -1.194850E-03
  1.884000E-01     5     1 -1.075923E+05 -4.282311E+01
  1.884000E-01     5     2  0.000000E+00  0.000000E+00
  1.884000E-01     5     3 -3.032487E+00 -2.622503E-02
  1.884000E-01     5     4  0.000000E+00  0.000000E+00
  1.884000E-01     5     5  7.608857E+06  3.384317E+02
  1.884000E-01     5     6  0.000000E+00  0.000000E+00
  1.884000E-01     6     1  0.000000E+00  0.000000E+00
  1.884000E-01     6     2  4.511659E-01  5.566645E-03
  1.884000E-01     6     3  0.000000E+00  0.000000E+00
  1.884000E-01     6     4 -1.657856E+01  4.401625E-02
  1.884000E-01     6     5  0.000000E+00  0.000000E+00
  1.884000E-01     6     6  6.351888E+06  7.094772E-03
  2.512000E-01     1     1  8.811042E+03  2.879886E+01
  2.512000E-01     1     2  0.000000E+00  0.000000E+00
  2.512000E-01     1     3  2.972338E-01  1.432761E-01
  2.512000E-01     1     4  0.000000E+00  0.000000E+00
  2.512000E-01     1     5 -1.091942E+05 -2.605321E+02
  2.512000E-01     1     6  0.000000E+00  0.000000E+00
  2.512000E-01     2     1  0.000000E+00  0.000000E+00
  2.512000E-01     2     2  8.810938E+03  2.879939E+01
  2.512000E-01     2     3  0.000000E+00  0.000000E+00
  2.512000E-01     2     4  1.091910E+05  2.605345E+02
  2.512000E-01     2     5  0.000000E+00  0.000000E+00
  2.512000E-01     2     6 -6.257841E-01 -5.272715E-04
  2.512000E-01     3     1 -3.162543E-01  3.175956E-03
  2.512000E-01     3     2  0.000000E+00  0.000000E+00
  2.512000E-01     3     3  1.483539E+04  1.464379E+02
  2.512000E-01     3     4  0.000000E+00  0.000000E+00
  2.512000E-01     3     5  5.693922E+00 -4.014153E-02
  2.512000E-01     3     6  0.000000E+00  0.000000E+00
  2.512000E-01     4     1  0.000000E+00  0.000000E+00
  2.512000E-01     4     2  1.092753E+05  2.581901E+02
  2.512000E-01     4     3  0.000000E+00  0.000000E+00
  2.512000E-01     4     4  7.638847E+06  2.333678E+03
  2.512000E-01     4     5  0.000000E+00  0.000000E+00
  2.512000E-01     4     6  2.376671E+01 -6.062580E-03
  2.512000E-01     5     1 -1.092770E+05 -2.581388E+02
  2.512000E-01     5     2  0.000000E+00  0.000000E+00
  2.512000E-01     5     3 -3.035902E+00 -3.351229E-02
  2.512000E-01     5     4  0.000000E+00  0.000000E+00
  2.512000E-01     5     5  7.638934E+06  2.333233E+03
  2.512000E-01     5     6  0.000000E+00  0.000000E+00
  2.512000E-01     6     1  0.000000E+00  0.000000E+00
  2.512000E-01     6     2  5.394770E-01  2.937728E-02
  2.512000E-01     6     3  0.000000E+00  0.000000E+00
  2.512000E-01     6     4 -1.437505E+01  2.656205E-01
  2.512000E-01     6     5  0.000000E+00  0.000000E+00
  2.512000E-01     6     6  6.389715E+06  3.734175E-01
  3.140000E-01     1     1  8.987201E+03  1.003231E+02
  3.140000E-01     1     2  0.000000E+00  0.000000E+00
  3.140000E-01     1     3  2.014116E-01  1.334412E-01
  3.140000E-01     1     4  0.000000E+00  0.000000E+00
  3.140000E-01     1     5 -1.118129E+05 -1.047248E+03
  3.140000E-01     1     6  0.000000E+00  0.000000E+00
  3.140000E-01     2     1  0.000000E+00  0.000000E+00
  3.140000E-01     2     2  8.987098E+03  1.003251E+02
  3.140000E-01     2     3  0.000000E+00  0.000000E+00
  3.140000E-01     2     4  1.118098E+05  1.047261E+03
  3.140000E-01     2     5  0.000000E+00  0.000000E+00
  3.140000E-01     2     6 -6.252239E-01 -1.239223E-03
  3.140000E-01     3     1 -3.067416E-01  1.039567E-02
  3.140000E-01     3     2  0.000000E+00  0.000000E+00
  3.140000E-01     3     3  1.479676E+04  8.917506E+01
  3.140000E-01     3     4  0.000000E+00  0.000000E+00
  3.140000E-01     3     5  5.433832E+00 -1.418337E-01
  3.140000E-01     3     6  0.000000E+00  0.000000E+00
  3.140000E-01     4     1  0.000000E+00  0.000000E+00
  3.140000E-01     4     2  1.118760E+05  1.038976E+03
  3.140000E-01     4     3  0.000000E+00  0.000000E+00
  3.140000E-01     4     4  7.686728E+06  1.083440E+04
  3.140000E-01     4     5  0.000000E+00  0.000000E+00
  3.140000E-01     4     6  2.387633E+01 -1.872893E-02
  3.140000E-01     5     1 -1.118775E+05 -1.038798E+03
  3.140000E-01     5     2  0.000000E+00  0.000000E+00
  3.140000E-01     5     3 -3.043293E+00 -3.588554E-02
  3.140000E-01     5     4  0.000000E+00  0.000000E+00
  3.140000E-01     5     5  7.686811E+06  1.083261E+04
  3.140000E-01     5     6  0.000000E+00  0.000000E+00
  3.140000E-01     6     1  0.000000E+00  0.000000E+00
  3.140000E-01     6     2  6.728720E-01  1.032517E-01
  3.140000E-01     6     3  0.000000E+00  0.000000E+00
  3.140000E-01     6     4 -1.094742E+01  1.077165E+00
  3.140000E-01     6     5  0.000000E+00  0.000000E+00
  3.140000E-01     6     6  6.442502E+06  7.803962E+00
  3.768000E-01     1     1  9.200289E+03  2.645849E+02
  3.768000E-01     1     2  0.000000E+00  0.000000E+00
  3.768000E-01     1     3  1.062881E-01  6.709063E-02
  3.768000E-01     1     4  0.000000E+00  0.000000E+00
  3.768000E-01     1     5 -1.153821E+05 -3.187184E+03
  3.768000E-01     1     6  0.000000E+00  0.000000E+00
  3.768000E-01     2     1  0.000000E+00  0.000000E+00
  3.768000E-01     2     2  9.200187E+03  2.645904E+02
  3.768000E-01     2     3  0.000000E+00  0.000000E+00
  3.768000E-01     2     4  1.153791E+05  3.187235E+03
  3.768000E-01     2     5  0.000000E+00  0.000000E+00
  3.768000E-01     2     6 -6.223178E-01 -1.370621E-03
  3.768000E-01     3     1 -2.958311E-01  2.564924E-02
  3.768000E-01     3     2  0.000000E+00  0.000000E+00
  3.768000E-01     3     3  1.483563E+04  1.403942E+01
  3.768000E-01     3     4  0.000000E+00  0.000000E+00
  3.768000E-01     3     5  5.083592E+00 -3.743271E-01
  3.768000E-01     3     6  0.000000E+00  0.000000E+00
  3.768000E-01     4     1  0.000000E+00  0.000000E+00
  3.768000E-01     4     2  1.154310E+05  3.164698E+03
  3.768000E-01     4     3  0.000000E+00  0.000000E+00
  3.768000E-01     4     4  7.757120E+06  3.806947E+04
  3.768000E-01     4     5  0.000000E+00  0.000000E+00
  3.768000E-01     4     6  2.404586E+01 -3.679623E-02
  3.768000E-01     5     1 -1.154322E+05 -3.164229E+03
  3.768000E-01     5     2  0.000000E+00  0.000000E+00
  3.768000E-01     5     3 -3.058289E+00 -2.849241E-02
  3.768000E-01     5     4  0.000000E+00  0.000000E+00
  3.768000E-01     5     5  7.757196E+06  3.806395E+04
  3.768000E-01     5     6  0.000000E+00  0.000000E+00
  3.768000E-01     6     1  0.000000E+00  0.000000E+00
  3.768000E-01     6     2  8.445440E-01  2.776978E-01
  3.768000E-01     6     3  0.000000E+00  0.000000E+00
  3.768000E-01     6     4 -6.008552E+00  3.343193E+00
  3.768000E-01     6     5  0.000000E+00  0.000000E+00
  3.768000E-01     6     6  6.512535E+06  9.015218E+01
  4.396000E-01     1     1  9.395048E+03  5.629013E+02
  4.396000E-01     1     2  0.000000E+00  0.000000E+00
  4.396000E-01     1     3  4.530003E-02 -5.578159E-02
  4.396000E-01     1     4  0.000000E+00  0.000000E+00
  4.396000E-01     1     5 -1.192928E+05 -7.783223E+03
  4.396000E-01     1     6  0.000000E+00  0.000000E+00
  4.396000E-01     2     1  0.000000E+00  0.000000E+00
  4.396000E-01     2     2  9.394946E+03  5.629141E+02
  4.396000E-01     2     3  0.000000E+00  0.000000E+00
  4.396000E-01     2     4  1.192900E+05  7.783384E+03
  4.396000E-01     2     5  0.000000E+00  0.000000E+00
  4.396000E-01     2     6 -6.159765E-01  1.882649E-03
  4.396000E-01     3     1 -2.889545E-01  5.274070E-02
  4.396000E-01     3     2  0.000000E+00  0.000000E+00
  4.396000E-01     3     3  1.495409E+04 -4.897662E+00
  4.396000E-01     3     4  0.000000E+00  0.000000E+00
  4.396000E-01     3     5  4.685696E+00 -8.474210E-01
  4.396000E-01     3     6  0.000000E+00  0.000000E+00
  4.396000E-01     4     1  0.000000E+00  0.000000E+00
  4.396000E-01     4     2  1.193230E+05  7.731618E+03
  4.396000E-01     4     3  0.000000E+00  0.000000E+00
  4.396000E-01     4     4  7.847566E+06  1.067496E+05
  4.396000E-01     4     5  0.000000E+00  0.000000E+00
  4.396000E-01     4     6  2.431720E+01 -3.311480E-02
  4.396000E-01     5     1 -1.193240E+05 -7.730601E+03
  4.396000E-01     5     2  0.000000E+00  0.000000E+00
  4.396000E-01     5     3 -3.103791E+00 -5.082320E-03
  4.396000E-01     5     4  0.000000E+00  0.000000E+00
  4.396000E-01     5     5  7.847633E+06  1.067356E+05
  4.396000E-01     5     6  0.000000E+00  0.000000E+00
  4.396000E-01     6     1  0.000000E+00  0.000000E+00
  4.396000E-01     6     2  1.001658E+00  6.124143E-01
  4.396000E-01     6     3  0.000000E+00  0.000000E+00
  4.396000E-01     6     4  1.739630E-01  8.465188E+00
  4.396000E-01     6     5  0.000000E+00  0.000000E+00
  4.396000E-01     6     6  6.607241E+06  6.865240E+02
  5.024000E-01     1     1  9.472721E+03  9.924657E+02
  5.024000E-01     1     2  0.000000E+00  0.000000E+00
  5.024000E-01     1     3  5.304364E-02 -2.148600E-01
  5.024000E-01     1     4  0.000000E+00  0.000000E+00
  5.024000E-01     1     5 -1.217680E+05 -1.562406E+04
  5.024000E-01     1     6  0.000000E+00  0.000000E+00
  5.024000E-01     2     1  0.000000E+00  0.000000E+00
  5.024000E-01     2     2  9.472613E+03  9.924909E+02
  5.024000E-01     2     3  0.000000E+00  0.000000E+00
  5.024000E-01     2     4  1.217653E+05  1.562447E+04
  5.024000E-01     2     5  0.000000E+00  0.000000E+00
  5.024000E-01     2     6 -6.079155E-01  1.351876E-02
  5.024000E-01     3     1 -2.963451E-01  9.198931E-02
  5.024000E-01     3     2  0.000000E+00  0.000000E+00
  5.024000E-01     3     3  1.509114E+04  9.410001E+01
  5.024000E-01     3     4  0.000000E+00  0.000000E+00
  5.024000E-01     3     5  4.409215E+00 -1.669509E+00
  5.024000E-01     3     6  0.000000E+00  0.000000E+00
  5.024000E-01     4     1  0.000000E+00  0.000000E+00
  5.024000E-01     4     2  1.217860E+05  1.552279E+04
  5.024000E-01     4     3  0.000000E+00  0.000000E+00
  5.024000E-01     4     4  7.936490E+06  2.443027E+05
  5.024000E-01     4     5  0.000000E+00  0.000000E+00
  5.024000E-01     4     6  2.472388E+01  6.534330E-02
  5.024000E-01     5     1 -1.217870E+05 -1.552093E+04
  5.024000E-01     5     2  0.000000E+00  0.000000E+00
  5.024000E-01     5     3 -3.227829E+00  3.512769E-03
  5.024000E-01     5     4  0.000000E+00  0.000000E+00
  5.024000E-01     5     5  7.936551E+06  2.442729E+05
  5.024000E-01     5     6  0.000000E+00  0.000000E+00
  5.024000E-01     6     1  0.000000E+00  0.000000E+00
  5.024000E-01     6     2  1.038216E+00  1.146026E+00
  5.024000E-01     6     3  0.000000E+00  0.000000E+00
  5.024000E-01     6     4  6.191891E+00  1.805219E+01
  5.024000E-01     6     5  0.000000E+00  0.000000E+00
  5.024000E-01     6     6  6.736671E+06  3.827248E+03
  5.652000E-01     1     1  9.332362E+03  1.460218E+03
  5.652000E-01     1     2  0.000000E+00  0.000000E+00
  5.652000E-01     1     3  1.504786E-01 -3.669779E-01
  5.652000E-01     1     4  0.000000E+00  0.000000E+00
  5.652000E-01     1     5 -1.201009E+05 -2.590749E+04
  5.652000E-01     1     6  0.000000E+00  0.000000E+00
  5.652000E-01     2     1  0.000000E+00  0.000000E+00
  5.652000E-01     2     2  9.332237E+03  1.460257E+03
  5.652000E-01     2     3  0.000000E+00  0.000000E+00
  5.652000E-01     2     4  1.200982E+05  2.590831E+04
  5.652000E-01     2     5  0.000000E+00  0.000000E+00
  5.652000E-01     2     6 -6.038317E-01  3.886654E-02
  5.652000E-01     3     1 -3.291053E-01  1.337716E-01
  5.652000E-01     3     2  0.000000E+00  0.000000E+00
  5.652000E-01     3     3  1.512676E+04  3.021457E+02
  5.652000E-01     3     4  0.000000E+00  0.000000E+00
  5.652000E-01     3     5  4.551282E+00 -2.793648E+00
  5.652000E-01     3     6  0.000000E+00  0.000000E+00
  5.652000E-01     4     1  0.000000E+00  0.000000E+00
  5.652000E-01     4     2  1.201595E+05  2.573861E+04
  5.652000E-01     4     3  0.000000E+00  0.000000E+00
  5.652000E-01     4     4  7.964901E+06  4.586209E+05
  5.652000E-01     4     5  0.000000E+00  0.000000E+00
  5.652000E-01     4     6  2.522940E+01  3.737733E-01
  5.652000E-01     5     1 -1.201612E+05 -2.573575E+04
  5.652000E-01     5     2  0.000000E+00  0.000000E+00
  5.652000E-01     5     3 -3.437039E+00 -1.151276E-01
  5.652000E-01     5     4  0.000000E+00  0.000000E+00
  5.652000E-01     5     5  7.964961E+06  4.585671E+05
  5.652000E-01     5     6  0.000000E+00  0.000000E+00
  5.652000E-01     6     1  0.000000E+00  0.000000E+00
  5.652000E-01     6     2  8.091236E-01  1.848340E+00
  5.652000E-01     6     3  0.000000E+00  0.000000E+00
  5.652000E-01     6     4  9.269262E+00  3.289987E+01
  5.652000E-01     6     5  0.000000E+00  0.000000E+00
  5.652000E-01     6     6  6.916932E+06  1.671874E+04
  6.280000E-01     1     1  8.970048E+03  1.791935E+03
  6.280000E-01     1     2  0.000000E+00  0.000000E+00
  6.280000E-01     1     3  3.306151E-01 -4.545741E-01
  6.280000E-01     1     4  0.000000E+00  0.000000E+00
  6.280000E-01     1     5 -1.124590E+05 -3.539672E+04
  6.280000E-01     1     6  0.000000E+00  0.000000E+00
  6.280000E-01     2     1  0.000000E+00  0.000000E+00
  6.280000E-01     2     2  8.969890E+03  1.791980E+03
  6.280000E-01     2     3  0.000000E+00  0.000000E+00
  6.280000E-01     2     4  1.124560E+05  3.539798E+04
  6.280000E-01     2     5  0.000000E+00  0.000000E+00
  6.280000E-01     2     6 -6.161301E-01  7.926364E-02
  6.280000E-01     3     1 -3.887732E-01  1.575355E-01
  6.280000E-01     3     2  0.000000E+00  0.000000E+00
  6.280000E-01     3     3  1.498797E+04  5.086152E+02
  6.280000E-01     3     4  0.000000E+00  0.000000E+00
  6.280000E-01     3     5  5.341978E+00 -3.864828E+00
  6.280000E-01     3     6  0.000000E+00  0.000000E+00
  6.280000E-01     4     1  0.000000E+00  0.000000E+00
  6.280000E-01     4     2  1.126321E+05  3.516843E+04
  6.280000E-01     4     3  0.000000E+00  0.000000E+00
  6.280000E-01     4     4  7.874630E+06  7.068091E+05
  6.280000E-01     4     5  0.000000E+00  0.000000E+00
  6.280000E-01     4     6  2.571598E+01  9.912189E-01
  6.280000E-01     5     1 -1.126351E+05 -3.516481E+04
  6.280000E-01     5     2  0.000000E+00  0.000000E+00
  6.280000E-01     5     3 -3.579948E+00 -4.869064E-01
  6.280000E-01     5     4  0.000000E+00  0.000000E+00
  6.280000E-01     5     5  7.874706E+06  7.067288E+05
  6.280000E-01     5     6  0.000000E+00  0.000000E+00
  6.280000E-01     6     1  0.000000E+00  0.000000E+00
  6.280000E-01     6     2  1.746068E-01  2.595160E+00
  6.280000E-01     6     3  0.000000E+00  0.000000E+00
  6.280000E-01     6     4  5.912486E+00  5.182551E+01
  6.280000E-01     6     5  0.000000E+00  0.000000E+00
  6.280000E-01     6     6  7.175351E+06  6.000835E+04
  6.908000E-01     1     1  8.527979E+03  1.834339E+03
  6.908000E-01     1     2  0.000000E+00  0.000000E+00
  6.908000E-01     1     3  5.442042E-01 -4.237500E-01
  6.908000E-01     1     4  0.000000E+00  0.000000E+00
  6.908000E-01     1     5 -1.000098E+05 -3.970196E+04
  6.908000E-01     1     6  0.000000E+00  0.000000E+00
  6.908000E-01     2     1  0.000000E+00  0.000000E+00
  6.908000E-01     2     2  8.527778E+03  1.834367E+03
  6.908000E-01     2     3  0.000000E+00  0.000000E+00
  6.908000E-01     2     4  1.000061E+05  3.970341E+04
  6.908000E-01     2     5  0.000000E+00  0.000000E+00
  6.908000E-01     2     6 -6.607718E-01  1.277598E-01
  6.908000E-01     3     1 -4.555511E-01  1.485453E-01
  6.908000E-01     3     2  0.000000E+00  0.000000E+00
  6.908000E-01     3     3  1.473601E+04  5.466639E+02
  6.908000E-01     3     4  0.000000E+00  0.000000E+00
  6.908000E-01     3     5  6.587788E+00 -4.401864E+00
  6.908000E-01     3     6  0.000000E+00  0.000000E+00
  6.908000E-01     4     1  0.000000E+00  0.000000E+00
  6.908000E-01     4     2  1.003569E+05  3.947681E+04
  6.908000E-01     4     3  0.000000E+00  0.000000E+00
  6.908000E-01     4     4  7.654894E+06  8.992560E+05
  6.908000E-01     4     5  0.000000E+00  0.000000E+00
  6.908000E-01     4     6  2.598185E+01  1.914998E+00
  6.908000E-01     5     1 -1.003619E+05 -3.947325E+04
  6.908000E-01     5     2  0.000000E+00  0.000000E+00
  6.908000E-01     5     3 -3.357025E+00 -1.009577E+00
  6.908000E-01     5     4  0.000000E+00  0.000000E+00
  6.908000E-01     5     5  7.655002E+06  8.991578E+05
  6.908000E-01     5     6  0.000000E+00  0.000000E+00
  6.908000E-01     6     1  0.000000E+00  0.000000E+00
  6.908000E-01     6     2 -9.451720E-01  3.206992E+00
  6.908000E-01     6     3  0.000000E+00  0.000000E+00
  6.908000E-01     6     4 -6.376706E+00  7.179148E+01
  6.908000E-01     6     5  0.000000E+00  0.000000E+00
  6.908000E-01     6     6  7.541400E+06  1.831453E+05
  7.536000E-01     1     1  8.238849E+03  1.559982E+03
  7.536000E-01     1     2  0.000000E+00  0.000000E+00
  7.536000E-01     1     3  6.927972E-01 -2.669160E-01
  7.536000E-01     1     4  0.000000E+00  0.000000E+00
  7.536000E-01     1     5 -8.705777E+04 -3.608271E+04
  7.536000E-01     1     6  0.000000E+00  0.000000E+00
  7.536000E-01     2     1  0.000000E+00  0.000000E+00
  7.536000E-01     2     2  8.238617E+03  1.559962E+03
  7.536000E-01     2     3  0.000000E+00  0.000000E+00
  7.536000E-01     2     4  8.705340E+04  3.608383E+04
  7.536000E-01     2     5  0.000000E+00  0.000000E+00
  7.536000E-01     2     6 -7.533024E-01  1.658256E-01
  7.536000E-01     3     1 -5.070672E-01  1.216240E-01
  7.536000E-01     3     2  0.000000E+00  0.000000E+00
  7.536000E-01     3     3  1.458726E+04  3.663387E+02
  7.536000E-01     3     4  0.000000E+00  0.000000E+00
  7.536000E-01     3     5  7.725023E+00 -4.384109E+00
  7.536000E-01     3     6  0.000000E+00  0.000000E+00
  7.536000E-01     4     1  0.000000E+00  0.000000E+00
  7.536000E-01     4     2  8.759645E+04  3.598021E+04
  7.536000E-01     4     3  0.000000E+00  0.000000E+00
  7.536000E-01     4     4  7.360904E+06  9.541220E+05
  7.536000E-01     4     5  0.000000E+00  0.000000E+00
  7.536000E-01     4     6  2.583225E+01  3.006499E+00
  7.536000E-01     5     1 -8.760331E+04 -3.597784E+04
  7.536000E-01     5     2  0.000000E+00  0.000000E+00
  7.536000E-01     5     3 -2.693245E+00 -1.224051E+00
  7.536000E-01     5     4  0.000000E+00  0.000000E+00
  7.536000E-01     5     5  7.361053E+06  9.540258E+05
  7.536000E-01     5     6  0.000000E+00  0.000000E+00
  7.536000E-01     6     1  0.000000E+00  0.000000E+00
  7.536000E-01     6     2 -2.621032E+00  3.477457E+00
  7.536000E-01     6     3  0.000000E+00  0.000000E+00
  7.536000E-01     6     4 -2.876427E+01  8.930821E+01
  7.536000E-01     6     5  0.000000E+00  0.000000E+00
  7.536000E-01     6     6  8.024590E+06  4.864138E+05
  8.164000E-01     1     1  8.354394E+03  1.086321E+03
  8.164000E-01     1     2  0.000000E+00  0.000000E+00
  8.164000E-01     1     3  6.990828E-01 -8.055914E-02
  8.164000E-01     1     4  0.000000E+00  0.000000E+00
  8.164000E-01     1     5 -7.916018E+04 -2.510026E+04
  8.164000E-01     1     6  0.000000E+00  0.000000E+00
  8.164000E-01     2     1  0.000000E+00  0.000000E+00
  8.164000E-01     2     2  8.354169E+03  1.086233E+03
  8.164000E-01     2     3  0.000000E+00  0.000000E+00
  8.164000E-01     2     4  7.915558E+04  2.510054E+04
  8.164000E-01     2     5  0.000000E+00  0.000000E+00
  8.164000E-01     2     6 -9.043363E-01  1.555216E-01
  8.164000E-01     3     1 -5.619191E-01  1.005657E-01
  8.164000E-01     3     2  0.000000E+00  0.000000E+00
  8.164000E-01     3     3  1.468477E+04  2.048018E+02
  8.164000E-01     3     4  0.000000E+00  0.000000E+00
  8.164000E-01     3     5  8.672121E+00 -4.353164E+00
  8.164000E-01     3     6  0.000000E+00  0.000000E+00
  8.164000E-01     4     1  0.000000E+00  0.000000E+00
  8.164000E-01     4     2  7.984315E+04  2.529657E+04
  8.164000E-01     4     3  0.000000E+00  0.000000E+00
  8.164000E-01     4     4  7.089710E+06  8.498885E+05
  8.164000E-01     4     5  0.000000E+00  0.000000E+00
  8.164000E-01     4     6  2.516617E+01  4.021709E+00
  8.164000E-01     5     1 -7.985120E+04 -2.529651E+04
  8.164000E-01     5     2  0.000000E+00  0.000000E+00
  8.164000E-01     5     3 -2.102089E+00 -8.204741E-01
  8.164000E-01     5     4  0.000000E+00  0.000000E+00
  8.164000E-01     5     5  7.089895E+06  8.498171E+05
  8.164000E-01     5     6  0.000000E+00  0.000000E+00
  8.164000E-01     6     1  0.000000E+00  0.000000E+00
  8.164000E-01     6     2 -4.996482E+00  3.012314E+00
  8.164000E-01     6     3  0.000000E+00  0.000000E+00
  8.164000E-01     6     4 -6.306597E+01  1.003361E+02
  8.164000E-01     6     5  0.000000E+00  0.000000E+00
  8.164000E-01     6     6  8.552499E+06  1.133451E+06
  8.792000E-01     1     1  9.136019E+03  7.389897E+02
  8.792000E-01     1     2  0.000000E+00  0.000000E+00
  8.792000E-01     1     3  6.197929E-01  2.420170E-02
  8.792000E-01     1     4  0.000000E+00  0.000000E+00
  8.792000E-01     1     5 -8.157317E+04 -1.081885E+04
  8.792000E-01     1     6  0.000000E+00  0.000000E+00
  8.792000E-01     2     1  0.000000E+00  0.000000E+00
  8.792000E-01     2     2  9.135859E+03  7.388655E+02
  8.792000E-01     2     3  0.000000E+00  0.000000E+00
  8.792000E-01     2     4  8.156939E+04  1.081836E+04
  8.792000E-01     2     5  0.000000E+00  0.000000E+00
  8.792000E-01     2     6 -1.097746E+00  2.651745E-02
  8.792000E-01     3     1 -6.586731E-01  5.195415E-02
  8.792000E-01     3     2  0.000000E+00  0.000000E+00
  8.792000E-01     3     3  1.482880E+04  2.660302E+02
  8.792000E-01     3     4  0.000000E+00  0.000000E+00
  8.792000E-01     3     5  1.007809E+01 -4.304194E+00
  8.792000E-01     3     6  0.000000E+00  0.000000E+00
  8.792000E-01     4     1  0.000000E+00  0.000000E+00
  8.792000E-01     4     2  8.218800E+04  1.156240E+04
  8.792000E-01     4     3  0.000000E+00  0.000000E+00
  8.792000E-01     4     4  6.936610E+06  6.292112E+05
  8.792000E-01     4     5  0.000000E+00  0.000000E+00
  8.792000E-01     4     6  2.400695E+01  4.601888E+00
  8.792000E-01     5     1 -8.219570E+04 -1.156532E+04
  8.792000E-01     5     2  0.000000E+00  0.000000E+00
  8.792000E-01     5     3 -2.062961E+00 -2.091497E-01
  8.792000E-01     5     4  0.000000E+00  0.000000E+00
  8.792000E-01     5     5  6.936810E+06  6.291820E+05
  8.792000E-01     5     6  0.000000E+00  0.000000E+00
  8.792000E-01     6     1  0.000000E+00  0.000000E+00
  8.792000E-01     6     2 -8.038368E+00  7.766239E-01
  8.792000E-01     6     3  0.000000E+00  0.000000E+00
  8.792000E-01     6     4 -1.126599E+02  9.499512E+01
  8.792000E-01     6     5  0.000000E+00  0.000000E+00
  8.792000E-01     6     6  8.849462E+06  2.278270E+06
  9.420000E-01     1     1  1.064547E+04  1.350275E+03
  9.420000E-01     1     2  0.000000E+00  0.000000E+00
  9.420000E-01     1     3  5.510404E-01  5.723954E-02
  9.420000E-01     1     4  0.000000E+00  0.000000E+00
  9.420000E-01     1     5 -9.804604E+04 -2.823346E+03
  9.420000E-01     1     6  0.000000E+00  0.000000E+00
  9.420000E-01     2     1  0.000000E+00  0.000000E+00
  9.420000E-01     2     2  1.064536E+04  1.350251E+03
  9.420000E-01     2     3  0.000000E+00  0.000000E+00
  9.420000E-01     2     4  9.804384E+04  2.823977E+03
  9.420000E-01     2     5  0.000000E+00  0.000000E+00
  9.420000E-01     2     6 -1.223711E+00 -3.149708E-01
  9.420000E-01     3     1 -7.669811E-01 -1.129532E-01
  9.420000E-01     3     2  0.000000E+00  0.000000E+00
  9.420000E-01     3     3  1.482949E+04  4.273017E+02
  9.420000E-01     3     4  0.000000E+00  0.000000E+00
  9.420000E-01     3     5  1.212529E+01 -3.207323E+00
  9.420000E-01     3     6  0.000000E+00  0.000000E+00
  9.420000E-01     4     1  0.000000E+00  0.000000E+00
  9.420000E-01     4     2  9.787983E+04  4.202188E+03
  9.420000E-01     4     3  0.000000E+00  0.000000E+00
  9.420000E-01     4     4  6.978601E+06  3.947561E+05
  9.420000E-01     4     5  0.000000E+00  0.000000E+00
  9.420000E-01     4     6  2.275748E+01  4.212661E+00
  9.420000E-01     5     1 -9.788501E+04 -4.207238E+03
  9.420000E-01     5     2  0.000000E+00  0.000000E+00
  9.420000E-01     5     3 -2.410083E+00  1.150378E-01
  9.420000E-01     5     4  0.000000E+00  0.000000E+00
  9.420000E-01     5     5  6.978784E+06  3.947681E+05
  9.420000E-01     5     6  0.000000E+00  0.000000E+00
  9.420000E-01     6     1  0.000000E+00  0.000000E+00
  9.420000E-01     6     2 -9.969031E+00 -5.183507E+00
  9.420000E-01     6     3  0.000000E+00  0.000000E+00
  9.420000E-01     6     4 -1.693494E+02  4.678677E+01
  9.420000E-01     6     5  0.000000E+00  0.000000E+00
  9.420000E-01     6     6  8.410415E+06  3.760927E+06
  1.004800E+00     1     1  1.135940E+04  4.120965E+03
  1.004800E+00     1     2  0.000000E+00  0.000000E+00
  1.004800E+00     1     3  5.062811E-01  7.821998E-02
  1.004800E+00     1     4  0.000000E+00  0.000000E+00
  1.004800E+00     1     5 -1.184197E+05 -1.975673E+04
  1.004800E+00     1     6  0.000000E+00  0.000000E+00
  1.004800E+00     2     1  0.000000E+00  0.000000E+00
  1.004800E+00     2     2  1.135898E+04  4.120936E+03
  1.004800E+00     2     3  0.000000E+00  0.000000E+00
  1.004800E+00     2     4  1.184150E+05  1.976026E+04
  1.004800E+00     2     5  0.000000E+00  0.000000E+00
  1.004800E+00     2     6 -9.612433E-01 -8.146376E-01
  1.004800E+00     3     1 -6.936224E-01 -4.204439E-01
  1.004800E+00     3     2  0.000000E+00  0.000000E+00
  1.004800E+00     3     3  1.472364E+04  5.385656E+02
  1.004800E+00     3     4  0.000000E+00  0.000000E+00
  1.004800E+00     3     5  1.310815E+01  5.346680E-02
  1.004800E+00     3     6  0.000000E+00  0.000000E+00
  1.004800E+00     4     1  0.000000E+00  0.000000E+00
  1.004800E+00     4     2  1.167551E+05  2.034396E+04
  1.004800E+00     4     3  0.000000E+00  0.000000E+00
  1.004800E+00     4     4  7.187062E+06  3.663366E+05
  1.004800E+00     4     5  0.000000E+00  0.000000E+00
  1.004800E+00     4     6  2.283011E+01  2.815103E+00
  1.004800E+00     5     1 -1.167583E+05 -2.034826E+04
  1.004800E+00     5     2  0.000000E+00  0.000000E+00
  1.004800E+00     5     3 -2.760940E+00  2.964431E-02
  1.004800E+00     5     4  0.000000E+00  0.000000E+00
  1.004800E+00     5     5  7.187214E+06  3.663500E+05
  1.004800E+00     5     6  0.000000E+00  0.000000E+00
  1.004800E+00     6     1  0.000000E+00  0.000000E+00
  1.004800E+00     6     2 -4.404607E+00 -1.327504E+01
  1.004800E+00     6     3  0.000000E+00  0.000000E+00
  1.004800E+00     6     4 -1.658383E+02 -5.857964E+01
  1.004800E+00     6     5  0.000000E+00  0.000000E+00
  1.004800E+00     6     6  7.021164E+06  4.837939E+06
  1.067600E+00     1     1  8.607655E+03  6.400362E+03
  1.067600E+00     1     2  0.000000E+00  0.000000E+00
  1.067600E+00     1     3  4.498769E-01  8.994875E-02
  1.067600E+00     1     4  0.000000E+00  0.000000E+00
  1.067600E+00     1     5 -1.056774E+05 -4.889803E+04
  1.067600E+00     1     6  0.000000E+00  0.000000E+00
  1.067600E+00     2     1  0.000000E+00  0.000000E+00
  1.067600E+00     2     2  8.607409E+03  6.399801E+03
  1.067600E+00     2     3  0.000000E+00  0.000000E+00
  1.067600E+00     2     4  1.056702E+05  4.889729E+04
  1.067600E+00     2     5  0.000000E+00  0.000000E+00
  1.067600E+00     2     6 -2.688296E-01 -7.819437E-01
  1.067600E+00     3     1 -3.470842E-01 -5.183065E-01
  1.067600E+00     3     2  0.000000E+00  0.000000E+00
  1.067600E+00     3     3  1.459848E+04  5.704568E+02
  1.067600E+00     3     4  0.000000E+00  0.000000E+00
  1.067600E+00     3     5  1.063744E+01  2.616032E+00
  1.067600E+00     3     6  0.000000E+00  0.000000E+00
  1.067600E+00     4     1  0.000000E+00  0.000000E+00
  1.067600E+00     4     2  1.047547E+05  4.785452E+04
  1.067600E+00     4     3  0.000000E+00  0.000000E+00
  1.067600E+00     4     4  7.185613E+06  5.837601E+05
  1.067600E+00     4     5  0.000000E+00  0.000000E+00
  1.067600E+00     4     6  2.510363E+01  3.433759E+00
  1.067600E+00     5     1 -1.047566E+05 -4.785986E+04
  1.067600E+00     5     2  0.000000E+00  0.000000E+00
  1.067600E+00     5     3 -2.762912E+00 -2.079989E-01
  1.067600E+00     5     4  0.000000E+00  0.000000E+00
  1.067600E+00     5     5  7.185764E+06  5.837796E+05
  1.067600E+00     5     6  0.000000E+00  0.000000E+00
  1.067600E+00     6     1  0.000000E+00  0.000000E+00
  1.067600E+00     6     2  6.475386E+00 -1.095399E+01
  1.067600E+00     6     3  0.000000E+00  0.000000E+00
  1.067600E+00     6     4 -6.501829E+01 -9.618354E+01
  1.067600E+00     6     5  0.000000E+00  0.000000E+00
  1.067600E+00     6     6  5.332236E+06  4.885466E+06
  1.130400E+00     1     1  5.995919E+03  5.446344E+03
  1.130400E+00     1     2  0.000000E+00  0.000000E+00
  1.130400E+00     1     3  4.023396E-01  6.790569E-02
  1.130400E+00     1     4  0.000000E+00  0.000000E+00
  1.130400E+00     1     5 -8.022614E+04 -4.943646E+04
  1.130400E+00     1     6  0.000000E+00  0.000000E+00
  1.130400E+00     2     1  0.000000E+00  0.000000E+00
  1.130400E+00     2     2  5.996122E+03  5.445958E+03
  1.130400E+00     2     3  0.000000E+00  0.000000E+00
  1.130400E+00     2     4  8.022204E+04  4.943464E+04
  1.130400E+00     2     5  0.000000E+00  0.000000E+00
  1.130400E+00     2     6 -7.262988E-02 -2.804977E-01
  1.130400E+00     3     1 -1.476274E-01 -3.518579E-01
  1.130400E+00     3     2  0.000000E+00  0.000000E+00
  1.130400E+00     3     3  1.449840E+04  5.528681E+02
  1.130400E+00     3     4  0.000000E+00  0.000000E+00
  1.130400E+00     3     5  8.352186E+00  2.135840E+00
  1.130400E+00     3     6  0.000000E+00  0.000000E+00
  1.130400E+00     4     1  0.000000E+00  0.000000E+00
  1.130400E+00     4     2  8.028663E+04  4.862325E+04
  1.130400E+00     4     3  0.000000E+00  0.000000E+00
  1.130400E+00     4     4  6.972427E+06  6.203156E+05
  1.130400E+00     4     5  0.000000E+00  0.000000E+00
  1.130400E+00     4     6  2.475288E+01  6.674031E+00
  1.130400E+00     5     1 -8.028573E+04 -4.862701E+04
  1.130400E+00     5     2  0.000000E+00  0.000000E+00
  1.130400E+00     5     3 -2.628192E+00 -1.930825E-01
  1.130400E+00     5     4  0.000000E+00  0.000000E+00
  1.130400E+00     5     5  6.972557E+06  6.203370E+05
  1.130400E+00     5     6  0.000000E+00  0.000000E+00
  1.130400E+00     6     1  0.000000E+00  0.000000E+00
  1.130400E+00     6     2  8.452327E+00 -3.155646E+00
  1.130400E+00     6     3  0.000000E+00  0.000000E+00
  1.130400E+00     6     4 -1.667256E+01 -4.755496E+01
  1.130400E+00     6     5  0.000000E+00  0.000000E+00
  1.130400E+00     6     6  4.111836E+06  4.152676E+06
  1.193200E+00     1     1  5.191402E+03  3.937646E+03
  1.193200E+00     1     2  0.000000E+00  0.000000E+00
  1.193200E+00     1     3  3.806767E-01  3.308506E-02
  1.193200E+00     1     4  0.000000E+00  0.000000E+00
  1.193200E+00     1     5 -6.809055E+04 -3.831469E+04
  1.193200E+00     1     6  0.000000E+00  0.000000E+00
  1.193200E+00     2     1  0.000000E+00  0.000000E+00
  1.193200E+00     2     2  5.191632E+03  3.937539E+03
  1.193200E+00     2     3  0.000000E+00  0.000000E+00
  1.193200E+00     2     4  6.808728E+04  3.831406E+04
  1.193200E+00     2     5  0.000000E+00  0.000000E+00
  1.193200E+00     2     6 -2.232048E-01  1.148847E-02
  1.193200E+00     3     1 -1.110056E-01 -2.020997E-01
  1.193200E+00     3     2  0.000000E+00  0.000000E+00
  1.193200E+00     3     3  1.442459E+04  5.271479E+02
  1.193200E+00     3     4  0.000000E+00  0.000000E+00
  1.193200E+00     3     5  7.632838E+00  1.155308E+00
  1.193200E+00     3     6  0.000000E+00  0.000000E+00
  1.193200E+00     4     1  0.000000E+00  0.000000E+00
  1.193200E+00     4     2  6.836494E+04  3.786516E+04
  1.193200E+00     4     3  0.000000E+00  0.000000E+00
  1.193200E+00     4     4  6.833649E+06  5.081502E+05
  1.193200E+00     4     5  0.000000E+00  0.000000E+00
  1.193200E+00     4     6  2.215449E+01  8.416229E+00
  1.193200E+00     5     1 -6.836388E+04 -3.786663E+04
  1.193200E+00     5     2  0.000000E+00  0.000000E+00
  1.193200E+00     5     3 -2.648966E+00 -7.222890E-02
  1.193200E+00     5     4  0.000000E+00  0.000000E+00
  1.193200E+00     5     5  6.833772E+06  5.081616E+05
  1.193200E+00     5     6  0.000000E+00  0.000000E+00
  1.193200E+00     6     1  0.000000E+00  0.000000E+00
  1.193200E+00     6     2  5.878762E+00  9.152510E-01
  1.193200E+00     6     3  0.000000E+00  0.000000E+00
  1.193200E+00     6     4 -1.975478E+01 -1.378942E+01
  1.193200E+00     6     5  0.000000E+00  0.000000E+00
  1.193200E+00     6     6  3.538028E+06  3.184956E+06
  1.256000E+00     1     1  5.208241E+03  2.896949E+03
  1.256000E+00     1     2  0.000000E+00  0.000000E+00
  1.256000E+00     1     3  3.871356E-01 -5.337791E-03
  1.256000E+00     1     4  0.000000E+00  0.000000E+00
  1.256000E+00     1     5 -6.421736E+04 -2.807183E+04
  1.256000E+00     1     6  0.000000E+00  0.000000E+00
  1.256000E+00     2     1  0.000000E+00  0.000000E+00
  1.256000E+00     2     2  5.208385E+03  2.896969E+03
  1.256000E+00     2     3  0.000000E+00  0.000000E+00
  1.256000E+00     2     4  6.421391E+04  2.807175E+04
  1.256000E+00     2     5  0.000000E+00  0.000000E+00
  1.256000E+00     2     6 -4.194129E-01  1.268351E-01
  1.256000E+00     3     1 -1.242584E-01 -1.099964E-01
  1.256000E+00     3     2  0.000000E+00  0.000000E+00
  1.256000E+00     3     3  1.432619E+04  5.258404E+02
  1.256000E+00     3     4  0.000000E+00  0.000000E+00
  1.256000E+00     3     5  7.588315E+00  5.639865E-01
  1.256000E+00     3     6  0.000000E+00  0.000000E+00
  1.256000E+00     4     1  0.000000E+00  0.000000E+00
  1.256000E+00     4     2  6.451321E+04  2.783066E+04
  1.256000E+00     4     3  0.000000E+00  0.000000E+00
  1.256000E+00     4     4  6.778840E+06  3.737848E+05
  1.256000E+00     4     5  0.000000E+00  0.000000E+00
  1.256000E+00     4     6  1.907057E+01  8.853552E+00
  1.256000E+00     5     1 -6.451270E+04 -2.783099E+04
  1.256000E+00     5     2  0.000000E+00  0.000000E+00
  1.256000E+00     5     3 -2.840280E+00 -4.297297E-02
  1.256000E+00     5     4  0.000000E+00  0.000000E+00
  1.256000E+00     5     5  6.778962E+06  3.737912E+05
  1.256000E+00     5     6  0.000000E+00  0.000000E+00
  1.256000E+00     6     1  0.000000E+00  0.000000E+00
  1.256000E+00     6     2  3.076693E+00  1.993192E+00
  1.256000E+00     6     3  0.000000E+00  0.000000E+00
  1.256000E+00     6     4 -3.060476E+01 -2.694508E+00
  1.256000E+00     6     5  0.000000E+00  0.000000E+00
  1.256000E+00     6     6  3.486343E+06  2.317758E+06
  1.318800E+00     1     1  5.526068E+03  2.280579E+03
  1.318800E+00     1     2  0.000000E+00  0.000000E+00
  1.318800E+00     1     3  4.318314E-01  6.004598E-03
  1.318800E+00     1     4  0.000000E+00  0.000000E+00
  1.318800E+00     1     5 -6.430836E+04 -1.984503E+04
  1.318800E+00     1     6  0.000000E+00  0.000000E+00
  1.318800E+00     2     1  0.000000E+00  0.000000E+00
  1.318800E+00     2     2  5.526127E+03  2.280654E+03
  1.318800E+00     2     3  0.000000E+00  0.000000E+00
  1.318800E+00     2     4  6.430474E+04  1.984510E+04
  1.318800E+00     2     5  0.000000E+00  0.000000E+00
  1.318800E+00     2     6 -6.577040E-01  1.043611E-01
  1.318800E+00     3     1 -1.385492E-01 -5.474220E-02
  1.318800E+00     3     2  0.000000E+00  0.000000E+00
  1.318800E+00     3     3  1.410344E+04  4.058202E+02
  1.318800E+00     3     4  0.000000E+00  0.000000E+00
  1.318800E+00     3     5  7.628455E+00  4.085456E-01
  1.318800E+00     3     6  0.000000E+00  0.000000E+00
  1.318800E+00     4     1  0.000000E+00  0.000000E+00
  1.318800E+00     4     2  6.455552E+04  1.970901E+04
  1.318800E+00     4     3  0.000000E+00  0.000000E+00
  1.318800E+00     4     4  6.778386E+06  2.518113E+05
  1.318800E+00     4     5  0.000000E+00  0.000000E+00
  1.318800E+00     4     6  1.530392E+01  7.633654E+00
  1.318800E+00     5     1 -6.455550E+04 -1.970855E+04
  1.318800E+00     5     2  0.000000E+00  0.000000E+00
  1.318800E+00     5     3 -2.913566E+00 -4.686325E-01
  1.318800E+00     5     4  0.000000E+00  0.000000E+00
  1.318800E+00     5     5  6.778507E+06  2.518147E+05
  1.318800E+00     5     6  0.000000E+00  0.000000E+00
  1.318800E+00     6     1  0.000000E+00  0.000000E+00
  1.318800E+00     6     2  1.220349E+00  1.484231E+00
  1.318800E+00     6     3  0.000000E+00  0.000000E+00
  1.318800E+00     6     4 -3.677647E+01 -1.357133E+00
  1.318800E+00     6     5  0.000000E+00  0.000000E+00
  1.318800E+00     6     6  3.790322E+06  1.765893E+06
  1.381600E+00     1     1  6.023710E+03  2.112578E+03
  1.381600E+00     1     2  0.000000E+00  0.000000E+00
  1.381600E+00     1     3  3.926791E-01  3.372965E-02
  1.381600E+00     1     4  0.000000E+00  0.000000E+00
  1.381600E+00     1     5 -6.727413E+04 -1.429569E+04
  1.381600E+00     1     6  0.000000E+00  0.000000E+00
  1.381600E+00     2     1  0.000000E+00  0.000000E+00
  1.381600E+00     2     2  6.023680E+03  2.112670E+03
  1.381600E+00     2     3  0.000000E+00  0.000000E+00
  1.381600E+00     2     4  6.727040E+04  1.429586E+04
  1.381600E+00     2     5  0.000000E+00  0.000000E+00
  1.381600E+00     2     6 -7.992712E-01 -1.714257E-01
  1.381600E+00     3     1 -1.546114E-01  6.649952E-03
  1.381600E+00     3     2  0.000000E+00  0.000000E+00
  1.381600E+00     3     3  1.414910E+04  1.394320E+02
  1.381600E+00     3     4  0.000000E+00  0.000000E+00
  1.381600E+00     3     5  7.473760E+00  2.179611E-01
  1.381600E+00     3     6  0.000000E+00  0.000000E+00
  1.381600E+00     4     1  0.000000E+00  0.000000E+00
  1.381600E+00     4     2  6.745140E+04  1.418510E+04
  1.381600E+00     4     3  0.000000E+00  0.000000E+00
  1.381600E+00     4     4  6.813829E+06  1.593139E+05
  1.381600E+00     4     5  0.000000E+00  0.000000E+00
  1.381600E+00     4     6  1.270478E+01  3.513654E+00
  1.381600E+00     5     1 -6.745210E+04 -1.418401E+04
  1.381600E+00     5     2  0.000000E+00  0.000000E+00
  1.381600E+00     5     3 -2.445941E+00 -4.519041E-01
  1.381600E+00     5     4  0.000000E+00  0.000000E+00
  1.381600E+00     5     5  6.813950E+06  1.593141E+05
  1.381600E+00     5     6  0.000000E+00  0.000000E+00
  1.381600E+00     6     1  0.000000E+00  0.000000E+00
  1.381600E+00     6     2  6.286545E-01  5.831259E-01
  1.381600E+00     6     3  0.000000E+00  0.000000E+00
  1.381600E+00     6     4 -3.807394E+01 -1.672075E+00
  1.381600E+00     6     5  0.000000E+00  0.000000E+00
  1.381600E+00     6     6  4.133767E+06  1.672456E+06
  1.444400E+00     1     1  6.293044E+03  2.600162E+03
  1.444400E+00     1     2  0.000000E+00  0.000000E+00
  1.444400E+00     1     3  3.661800E-01 -2.466908E-04
  1.444400E+00     1     4  0.000000E+00  0.000000E+00
  1.444400E+00     1     5 -7.076262E+04 -1.313752E+04
  1.444400E+00     1     6  0.000000E+00  0.000000E+00
  1.444400E+00     2     1  0.000000E+00  0.000000E+00
  1.444400E+00     2     2  6.292933E+03  2.600208E+03
  1.444400E+00     2     3  0.000000E+00  0.000000E+00
  1.444400E+00     2     4  7.075871E+04  1.313779E+04
  1.444400E+00     2     5  0.000000E+00  0.000000E+00
  1.444400E+00     2     6 -5.334807E-01 -4.606902E-01
  1.444400E+00     3     1 -1.956529E-01  5.915282E-02
  1.444400E+00     3     2  0.000000E+00  0.000000E+00
  1.444400E+00     3     3  1.424497E+04  6.632186E+01
  1.444400E+00     3     4  0.000000E+00  0.000000E+00
  1.444400E+00     3     5  7.477405E+00 -6.523436E-02
  1.444400E+00     3     6  0.000000E+00  0.000000E+00
  1.444400E+00     4     1  0.000000E+00  0.000000E+00
  1.444400E+00     4     2  7.086258E+04  1.295848E+04
  1.444400E+00     4     3  0.000000E+00  0.000000E+00
  1.444400E+00     4     4  6.862579E+06  1.074670E+05
  1.444400E+00     4     5  0.000000E+00  0.000000E+00
  1.444400E+00     4     6  1.399107E+01 -1.161976E+00
  1.444400E+00     5     1 -7.086424E+04 -1.295726E+04
  1.444400E+00     5     2  0.000000E+00  0.000000E+00
  1.444400E+00     5     3 -2.306934E+00 -1.772621E-01
  1.444400E+00     5     4  0.000000E+00  0.000000E+00
  1.444400E+00     5     5  6.862702E+06  1.074646E+05
  1.444400E+00     5     6  0.000000E+00  0.000000E+00
  1.444400E+00     6     1  0.000000E+00  0.000000E+00
  1.444400E+00     6     2  5.679758E-01  2.694976E-01
  1.444400E+00     6     3  0.000000E+00  0.000000E+00
  1.444400E+00     6     4 -3.849753E+01  1.981397E-01
  1.444400E+00     6     5  0.000000E+00  0.000000E+00
  1.444400E+00     6     6  4.166768E+06  1.806776E+06
  1.507200E+00     1     1  5.679632E+03  3.143393E+03
  1.507200E+00     1     2  0.000000E+00  0.000000E+00
  1.507200E+00     1     3  3.857044E-01 -3.565294E-02
  1.507200E+00     1     4  0.000000E+00  0.000000E+00
  1.507200E+00     1     5 -7.040934E+04 -1.405501E+04
  1.507200E+00     1     6  0.000000E+00  0.000000E+00
  1.507200E+00     2     1  0.000000E+00  0.000000E+00
  1.507200E+00     2     2  5.679510E+03  3.143357E+03
  1.507200E+00     2     3  0.000000E+00  0.000000E+00
  1.507200E+00     2     4  7.040512E+04  1.405518E+04
  1.507200E+00     2     5  0.000000E+00  0.000000E+00
  1.507200E+00     2     6 -1.393642E-01 -3.042447E-01
  1.507200E+00     3     1 -2.577949E-01  8.290462E-02
  1.507200E+00     3     2  0.000000E+00  0.000000E+00
  1.507200E+00     3     3  1.429614E+04  3.945356E+01
  1.507200E+00     3     4  0.000000E+00  0.000000E+00
  1.507200E+00     3     5  7.653156E+00 -2.359959E-01
  1.507200E+00     3     6  0.000000E+00  0.000000E+00
  1.507200E+00     4     1  0.000000E+00  0.000000E+00
  1.507200E+00     4     2  7.056351E+04  1.373770E+04
  1.507200E+00     4     3  0.000000E+00  0.000000E+00
  1.507200E+00     4     4  6.894590E+06  8.552767E+04
  1.507200E+00     4     5  0.000000E+00  0.000000E+00
  1.507200E+00     4     6  1.725245E+01 -2.845983E+00
  1.507200E+00     5     1 -7.056581E+04 -1.373696E+04
  1.507200E+00     5     2  0.000000E+00  0.000000E+00
  1.507200E+00     5     3 -2.400007E+00  5.701627E-02
  1.507200E+00     5     4  0.000000E+00  0.000000E+00
  1.507200E+00     5     5  6.894715E+06  8.552516E+04
  1.507200E+00     5     6  0.000000E+00  0.000000E+00
  1.507200E+00     6     1  0.000000E+00  0.000000E+00
  1.507200E+00     6     2  2.371911E-01 -1.239773E-02
  1.507200E+00     6     3  0.000000E+00  0.000000E+00
  1.507200E+00     6     4 -4.120861E+01  1.040476E+00
  1.507200E+00     6     5  0.000000E+00  0.000000E+00
  1.507200E+00     6     6  3.973260E+06  1.829396E+06
  1.570000E+00     1     1  4.665924E+03  2.924735E+03
  1.570000E+00     1     2  0.000000E+00  0.000000E+00
  1.570000E+00     1     3  4.193647E-01 -3.517689E-02
  1.570000E+00     1     4  0.000000E+00  0.000000E+00
  1.570000E+00     1     5 -6.796300E+04 -1.230488E+04
  1.570000E+00     1     6  0.000000E+00  0.000000E+00
  1.570000E+00     2     1  0.000000E+00  0.000000E+00
  1.570000E+00     2     2  4.665856E+03  2.924646E+03
  1.570000E+00     2     3  0.000000E+00  0.000000E+00
  1.570000E+00     2     4  6.795872E+04  1.230466E+04
  1.570000E+00     2     5  0.000000E+00  0.000000E+00
  1.570000E+00     2     6 -4.559641E-02  1.168043E-01
  1.570000E+00     3     1 -3.162690E-01  6.942415E-02
  1.570000E+00     3     2  0.000000E+00  0.000000E+00
  1.570000E+00     3     3  1.432656E+04  2.499442E+01
  1.570000E+00     3     4  0.000000E+00  0.000000E+00
  1.570000E+00     3     5  7.834900E+00 -2.218941E-01
  1.570000E+00     3     6  0.000000E+00  0.000000E+00
  1.570000E+00     4     1  0.000000E+00  0.000000E+00
  1.570000E+00     4     2  6.824287E+04  1.197029E+04
  1.570000E+00     4     3  0.000000E+00  0.000000E+00
  1.570000E+00     4     4  6.911398E+06  6.440443E+04
  1.570000E+00     4     5  0.000000E+00  0.000000E+00
  1.570000E+00     4     6  1.956307E+01 -2.500525E+00
  1.570000E+00     5     1 -6.824525E+04 -1.197004E+04
  1.570000E+00     5     2  0.000000E+00  0.000000E+00
  1.570000E+00     5     3 -2.571755E+00  1.125756E-01
  1.570000E+00     5     4  0.000000E+00  0.000000E+00
  1.570000E+00     5     5  6.911524E+06  6.440406E+04
  1.570000E+00     5     6  0.000000E+00  0.000000E+00
  1.570000E+00     6     1  0.000000E+00  0.000000E+00
  1.570000E+00     6     2  1.246017E-01 -7.112978E-01
  1.570000E+00     6     3  0.000000E+00  0.000000E+00
  1.570000E+00     6     4 -4.304861E+01 -9.496859E-01
  1.570000E+00     6     5  0.000000E+00  0.000000E+00
  1.570000E+00     6     6  3.734103E+06  1.709729E+06
  1.632800E+00     1     1  4.132623E+03  1.875384E+03
  1.632800E+00     1     2  0.000000E+00  0.000000E+00
  1.632800E+00     1     3  4.318638E-01 -1.100097E-02
  1.632800E+00     1     4  0.000000E+00  0.000000E+00
  1.632800E+00     1     5 -6.725117E+04 -8.048391E+03
  1.632800E+00     1     6  0.000000E+00  0.000000E+00
  1.632800E+00     2     1  0.000000E+00  0.000000E+00
  1.632800E+00     2     2  4.132622E+03  1.875330E+03
  1.632800E+00     2     3  0.000000E+00  0.000000E+00
  1.632800E+00     2     4  6.724723E+04  8.048051E+03
  1.632800E+00     2     5  0.000000E+00  0.000000E+00
  1.632800E+00     2     6 -4.268143E-01  4.664307E-01
  1.632800E+00     3     1 -3.433716E-01  2.514041E-02
  1.632800E+00     3     2  0.000000E+00  0.000000E+00
  1.632800E+00     3     3  1.434710E+04  1.599984E+01
  1.632800E+00     3     4  0.000000E+00  0.000000E+00
  1.632800E+00     3     5  7.902877E+00 -9.532612E-02
  1.632800E+00     3     6  0.000000E+00  0.000000E+00
  1.632800E+00     4     1  0.000000E+00  0.000000E+00
  1.632800E+00     4     2  6.761971E+04  7.793583E+03
  1.632800E+00     4     3  0.000000E+00  0.000000E+00
  1.632800E+00     4     4  6.930061E+06  4.059222E+04
  1.632800E+00     4     5  0.000000E+00  0.000000E+00
  1.632800E+00     4     6  2.077733E+01 -1.588293E+00
  1.632800E+00     5     1 -6.762197E+04 -7.793532E+03
  1.632800E+00     5     2  0.000000E+00  0.000000E+00
  1.632800E+00     5     3 -2.663820E+00  5.464979E-02
  1.632800E+00     5     4  0.000000E+00  0.000000E+00
  1.632800E+00     5     5  6.930185E+06  4.059323E+04
  1.632800E+00     5     6  0.000000E+00  0.000000E+00
  1.632800E+00     6     1  0.000000E+00  0.000000E+00
  1.632800E+00     6     2  9.589875E-01 -1.387461E+00
  1.632800E+00     6     3  0.000000E+00  0.000000E+00
  1.632800E+00     6     4 -4.161078E+01 -3.608870E+00
  1.632800E+00     6     5  0.000000E+00  0.000000E+00
  1.632800E+00     6     6  3.498702E+06  1.429351E+06
  1.695600E+00     1     1  4.505239E+03  1.045760E+03
  1.695600E+00     1     2  0.000000E+00  0.000000E+00
  1.695600E+00     1     3  4.213639E-01  4.370726E-03
  1.695600E+00     1     4  0.000000E+00  0.000000E+00
  1.695600E+00     1     5 -6.924285E+04 -4.753283E+03
  1.695600E+00     1     6  0.000000E+00  0.000000E+00
  1.695600E+00     2     1  0.000000E+00  0.000000E+00
  1.695600E+00     2     2  4.505225E+03  1.045756E+03
  1.695600E+00     2     3  0.000000E+00  0.000000E+00
  1.695600E+00     2     4  6.923904E+04  4.753155E+03
  1.695600E+00     2     5  0.000000E+00  0.000000E+00
  1.695600E+00     2     6 -8.270586E-01  1.878679E-01
  1.695600E+00     3     1 -3.324312E-01 -4.491186E-03
  1.695600E+00     3     2  0.000000E+00  0.000000E+00
  1.695600E+00     3     3  1.436287E+04  9.953716E+00
  1.695600E+00     3     4  0.000000E+00  0.000000E+00
  1.695600E+00     3     5  7.853494E+00 -7.874133E-03
  1.695600E+00     3     6  0.000000E+00  0.000000E+00
  1.695600E+00     4     1  0.000000E+00  0.000000E+00
  1.695600E+00     4     2  6.957853E+04  4.610216E+03
  1.695600E+00     4     3  0.000000E+00  0.000000E+00
  1.695600E+00     4     4  6.953925E+06  2.380326E+04
  1.695600E+00     4     5  0.000000E+00  0.000000E+00
  1.695600E+00     4     6  2.128753E+01 -6.177732E-01
  1.695600E+00     5     1 -6.958076E+04 -4.610244E+03
  1.695600E+00     5     2  0.000000E+00  0.000000E+00
  1.695600E+00     5     3 -2.671830E+00  1.098384E-02
  1.695600E+00     5     4  0.000000E+00  0.000000E+00
  1.695600E+00     5     5  6.954048E+06  2.380432E+04
  1.695600E+00     5     6  0.000000E+00  0.000000E+00
  1.695600E+00     6     1  0.000000E+00  0.000000E+00
  1.695600E+00     6     2  1.847273E+00 -6.517297E-01
  1.695600E+00     6     3  0.000000E+00  0.000000E+00
  1.695600E+00     6     4 -3.889155E+01 -2.826901E+00
  1.695600E+00     6     5  0.000000E+00  0.000000E+00
  1.695600E+00     6     6  3.500895E+06  9.852041E+05
  1.758400E+00     1     1  4.956615E+03  7.771835E+02
  1.758400E+00     1     2  0.000000E+00  0.000000E+00
  1.758400E+00     1     3  4.084707E-01  5.593077E-03
  1.758400E+00     1     4  0.000000E+00  0.000000E+00
  1.758400E+00     1     5 -7.140601E+04 -3.302493E+03
  1.758400E+00     1     6  0.000000E+00  0.000000E+00
  1.758400E+00     2     1  0.000000E+00  0.000000E+00
  1.758400E+00     2     2  4.956576E+03  7.771874E+02
  1.758400E+00     2     3  0.000000E+00  0.000000E+00
  1.758400E+00     2     4  7.140210E+04  3.302510E+03
  1.758400E+00     2     5  0.000000E+00  0.000000E+00
  1.758400E+00     2     6 -7.160695E-01 -8.596129E-02
  1.758400E+00     3     1 -3.177705E-01 -1.237429E-02
  1.758400E+00     3     2  0.000000E+00  0.000000E+00
  1.758400E+00     3     3  1.437662E+04  5.349452E+00
  1.758400E+00     3     4  0.000000E+00  0.000000E+00
  1.758400E+00     3     5  7.791920E+00  1.865276E-02
  1.758400E+00     3     6  0.000000E+00  0.000000E+00
  1.758400E+00     4     1  0.000000E+00  0.000000E+00
  1.758400E+00     4     2  7.166246E+04  3.202968E+03
  1.758400E+00     4     3  0.000000E+00  0.000000E+00
  1.758400E+00     4     4  6.976007E+06  1.498745E+04
  1.758400E+00     4     5  0.000000E+00  0.000000E+00
  1.758400E+00     4     6  2.116184E+01  1.479501E-01
  1.758400E+00     5     1 -7.166465E+04 -3.203126E+03
  1.758400E+00     5     2  0.000000E+00  0.000000E+00
  1.758400E+00     5     3 -2.672611E+00  5.256148E-03
  1.758400E+00     5     4  0.000000E+00  0.000000E+00
  1.758400E+00     5     5  6.976129E+06  1.498853E+04
  1.758400E+00     5     6  0.000000E+00  0.000000E+00
  1.758400E+00     6     1  0.000000E+00  0.000000E+00
  1.758400E+00     6     2  1.567258E+00  1.660765E-02
  1.758400E+00     6     3  0.000000E+00  0.000000E+00
  1.758400E+00     6     4 -3.858514E+01 -1.275131E+00
  1.758400E+00     6     5  0.000000E+00  0.000000E+00
  1.758400E+00     6     6  3.729015E+06  7.547063E+05
  1.821200E+00     1     1  5.226181E+03  6.945397E+02
  1.821200E+00     1     2  0.000000E+00  0.000000E+00
  1.821200E+00     1     3  4.081040E-01 -7.343414E-03
  1.821200E+00     1     4  0.000000E+00  0.000000E+00
  1.821200E+00     1     5 -7.298950E+04 -2.513241E+03
  1.821200E+00     1     6  0.000000E+00  0.000000E+00
  1.821200E+00     2     1  0.000000E+00  0.000000E+00
  1.821200E+00     2     2  5.226134E+03  6.945364E+02
  1.821200E+00     2     3  0.000000E+00  0.000000E+00
  1.821200E+00     2     4  7.298545E+04  2.513294E+03
  1.821200E+00     2     5  0.000000E+00  0.000000E+00
  1.821200E+00     2     6 -5.695483E-01 -8.781522E-02
  1.821200E+00     3     1 -3.076308E-01 -9.051091E-03
  1.821200E+00     3     2  0.000000E+00  0.000000E+00
  1.821200E+00     3     3  1.439280E+04  2.679539E+00
  1.821200E+00     3     4  0.000000E+00  0.000000E+00
  1.821200E+00     3     5  7.731437E+00  1.796597E-02
  1.821200E+00     3     6  0.000000E+00  0.000000E+00
  1.821200E+00     4     1  0.000000E+00  0.000000E+00
  1.821200E+00     4     2  7.317071E+04  2.430471E+03
  1.821200E+00     4     3  0.000000E+00  0.000000E+00
  1.821200E+00     4     4  6.994775E+06  9.674073E+03
  1.821200E+00     4     5  0.000000E+00  0.000000E+00
  1.821200E+00     4     6  2.073030E+01  6.129023E-01
  1.821200E+00     5     1 -7.317269E+04 -2.430717E+03
  1.821200E+00     5     2  0.000000E+00  0.000000E+00
  1.821200E+00     5     3 -2.683539E+00 -1.570724E-02
  1.821200E+00     5     4  0.000000E+00  0.000000E+00
  1.821200E+00     5     5  6.994896E+06  9.675040E+03
  1.821200E+00     5     6  0.000000E+00  0.000000E+00
  1.821200E+00     6     1  0.000000E+00  0.000000E+00
  1.821200E+00     6     2  1.260097E+00  1.439215E-01
  1.821200E+00     6     3  0.000000E+00  0.000000E+00
  1.821200E+00     6     4 -3.864849E+01 -5.795709E-01
  1.821200E+00     6     5  0.000000E+00  0.000000E+00
  1.821200E+00     6     6  3.894524E+06  6.919226E+05
  1.884000E+00     1     1  5.456593E+03  6.310182E+02
  1.884000E+00     1     2  0.000000E+00  0.000000E+00
  1.884000E+00     1     3  4.107408E-01  7.063380E-05
  1.884000E+00     1     4  0.000000E+00  0.000000E+00
  1.884000E+00     1     5 -7.446151E+04 -1.936748E+03
  1.884000E+00     1     6  0.000000E+00  0.000000E+00
  1.884000E+00     2     1  0.000000E+00  0.000000E+00
  1.884000E+00     2     2  5.456549E+03  6.310275E+02
  1.884000E+00     2     3  0.000000E+00  0.000000E+00
  1.884000E+00     2     4  7.445732E+04  1.936823E+03
  1.884000E+00     2     5  0.000000E+00  0.000000E+00
  1.884000E+00     2     6 -5.416013E-01 -3.417651E-02
  1.884000E+00     3     1 -3.053493E-01 -5.198846E-03
  1.884000E+00     3     2  0.000000E+00  0.000000E+00
  1.884000E+00     3     3  1.440443E+04  3.137133E+00
  1.884000E+00     3     4  0.000000E+00  0.000000E+00
  1.884000E+00     3     5  7.706866E+00  3.302927E-03
  1.884000E+00     3     6  0.000000E+00  0.000000E+00
  1.884000E+00     4     1  0.000000E+00  0.000000E+00
  1.884000E+00     4     2  7.455806E+04  1.851208E+03
  1.884000E+00     4     3  0.000000E+00  0.000000E+00
  1.884000E+00     4     4  7.012062E+06  6.238733E+03
  1.884000E+00     4     5  0.000000E+00  0.000000E+00
  1.884000E+00     4     6  1.991830E+01  5.239348E-01
  1.884000E+00     5     1 -7.455987E+04 -1.851256E+03
  1.884000E+00     5     2  0.000000E+00  0.000000E+00
  1.884000E+00     5     3 -2.676217E+00 -1.617781E-02
  1.884000E+00     5     4  0.000000E+00  0.000000E+00
  1.884000E+00     5     5  7.012182E+06  6.238873E+03
  1.884000E+00     5     6  0.000000E+00  0.000000E+00
  1.884000E+00     6     1  0.000000E+00  0.000000E+00
  1.884000E+00     6     2  1.021781E+00  1.182946E-01
  1.884000E+00     6     3  0.000000E+00  0.000000E+00
  1.884000E+00     6     4 -3.879290E+01 -3.747954E-02
  1.884000E+00     6     5  0.000000E+00  0.000000E+00
  1.884000E+00     6     6  3.992736E+06  6.883130E+05
  1.946800E+00     1     1  5.703441E+03  7.043431E+02
  1.946800E+00     1     2  0.000000E+00  0.000000E+00
  1.946800E+00     1     3  4.051653E-01  1.292140E-03
  1.946800E+00     1     4  0.000000E+00  0.000000E+00
  1.946800E+00     1     5 -7.586789E+04 -1.911157E+03
  1.946800E+00     1     6  0.000000E+00  0.000000E+00
  1.946800E+00     2     1  0.000000E+00  0.000000E+00
  1.946800E+00     2     2  5.703364E+03  7.043656E+02
  1.946800E+00     2     3  0.000000E+00  0.000000E+00
  1.946800E+00     2     4  7.586346E+04  1.911131E+03
  1.946800E+00     2     5  0.000000E+00  0.000000E+00
  1.946800E+00     2     6 -5.256562E-01 -2.822711E-02
  1.946800E+00     3     1 -2.996735E-01  1.277545E-03
  1.946800E+00     3     2  0.000000E+00  0.000000E+00
  1.946800E+00     3     3  1.441657E+04  2.730833E+00
  1.946800E+00     3     4  0.000000E+00  0.000000E+00
  1.946800E+00     3     5  7.669253E+00 -1.207645E-02
  1.946800E+00     3     6  0.000000E+00  0.000000E+00
  1.946800E+00     4     1  0.000000E+00  0.000000E+00
  1.946800E+00     4     2  7.587917E+04  1.778107E+03
  1.946800E+00     4     3  0.000000E+00  0.000000E+00
  1.946800E+00     4     4  7.027842E+06  5.180452E+03
  1.946800E+00     4     5  0.000000E+00  0.000000E+00
  1.946800E+00     4     6  1.946517E+01 -5.210508E-01
  1.946800E+00     5     1 -7.588111E+04 -1.777909E+03
  1.946800E+00     5     2  0.000000E+00  0.000000E+00
  1.946800E+00     5     3 -2.668033E+00 -1.475085E-02
  1.946800E+00     5     4  0.000000E+00  0.000000E+00
  1.946800E+00     5     5  7.027963E+06  5.180098E+03
  1.946800E+00     5     6  0.000000E+00  0.000000E+00
  1.946800E+00     6     1  0.000000E+00  0.000000E+00
  1.946800E+00     6     2  9.841595E-01 -1.792599E-01
  1.946800E+00     6     3  0.000000E+00  0.000000E+00
  1.946800E+00     6     4 -3.873503E+01  6.926560E-02
  1.946800E+00     6     5  0.000000E+00  0.000000E+00
  1.946800E+00     6     6  4.003411E+06  7.107758E+05
  2.009600E+00     1     1  5.715176E+03  9.979115E+02
  2.009600E+00     1     2  0.000000E+00  0.000000E+00
  2.009600E+00     1     3  4.038000E-01 -6.632082E-03
  2.009600E+00     1     4  0.000000E+00  0.000000E+00
  2.009600E+00     1     5 -7.648944E+04 -2.535833E+03
  2.009600E+00     1     6  0.000000E+00  0.000000E+00
  2.009600E+00     2     1  0.000000E+00  0.000000E+00
  2.009600E+00     2     2  5.715093E+03  9.978591E+02
  2.009600E+00     2     3  0.000000E+00  0.000000E+00
  2.009600E+00     2     4  7.648506E+04  2.535417E+03
  2.009600E+00     2     5  0.000000E+00  0.000000E+00
  2.009600E+00     2     6 -3.950246E-01  7.678007E-02
  2.009600E+00     3     1 -3.052801E-01  2.190764E-02
  2.009600E+00     3     2  0.000000E+00  0.000000E+00
  2.009600E+00     3     3  1.442849E+04  2.609700E+00
  2.009600E+00     3     4  0.000000E+00  0.000000E+00
  2.009600E+00     3     5  7.663574E+00 -6.919601E-02
  2.009600E+00     3     6  0.000000E+00  0.000000E+00
  2.009600E+00     4     1  0.000000E+00  0.000000E+00
  2.009600E+00     4     2  7.651353E+04  2.294623E+03
  2.009600E+00     4     3  0.000000E+00  0.000000E+00
  2.009600E+00     4     4  7.040544E+06  6.111954E+03
  2.009600E+00     4     5  0.000000E+00  0.000000E+00
  2.009600E+00     4     6  2.030242E+01 -1.647477E+00
  2.009600E+00     5     1 -7.651576E+04 -2.294553E+03
  2.009600E+00     5     2  0.000000E+00  0.000000E+00
  2.009600E+00     5     3 -2.668317E+00  9.979433E-03
  2.009600E+00     5     4  0.000000E+00  0.000000E+00
  2.009600E+00     5     5  7.040665E+06  6.112319E+03
  2.009600E+00     5     6  0.000000E+00  0.000000E+00
  2.009600E+00     6     1  0.000000E+00  0.000000E+00
  2.009600E+00     6     2  1.448162E+00 -1.567825E-01
  2.009600E+00     6     3  0.000000E+00  0.000000E+00
  2.009600E+00     6     4 -3.804938E+01  1.185664E+00
  2.009600E+00     6     5  0.000000E+00  0.000000E+00
  2.009600E+00     6     6  3.942115E+06  6.630475E+05
  2.072400E+00     1     1  5.409249E+03  9.121894E+02
  2.072400E+00     1     2  0.000000E+00  0.000000E+00
  2.072400E+00     1     3  4.146897E-01 -3.008286E-03
  2.072400E+00     1     4  0.000000E+00  0.000000E+00
  2.072400E+00     1     5 -7.621437E+04 -2.117854E+03
  2.072400E+00     1     6  0.000000E+00  0.000000E+00
  2.072400E+00     2     1  0.000000E+00  0.000000E+00
  2.072400E+00     2     2  5.409228E+03  9.122127E+02
  2.072400E+00     2     3  0.000000E+00  0.000000E+00
  2.072400E+00     2     4  7.621021E+04  2.117762E+03
  2.072400E+00     2     5  0.000000E+00  0.000000E+00
  2.072400E+00     2     6 -7.450743E-01  4.443496E-01
  2.072400E+00     3     1 -3.331740E-01  1.325286E-02
  2.072400E+00     3     2  0.000000E+00  0.000000E+00
  2.072400E+00     3     3  1.444018E+04  2.506168E+00
  2.072400E+00     3     4  0.000000E+00  0.000000E+00
  2.072400E+00     3     5  7.720613E+00 -4.599175E-02
  2.072400E+00     3     6  0.000000E+00  0.000000E+00
  2.072400E+00     4     1  0.000000E+00  0.000000E+00
  2.072400E+00     4     2  7.630949E+04  1.953960E+03
  2.072400E+00     4     3  0.000000E+00  0.000000E+00
  2.072400E+00     4     4  7.050145E+06  4.807804E+03
  2.072400E+00     4     5  0.000000E+00  0.000000E+00
  2.072400E+00     4     6  2.144815E+01 -1.775066E+00
  2.072400E+00     5     1 -7.631158E+04 -1.954010E+03
  2.072400E+00     5     2  0.000000E+00  0.000000E+00
  2.072400E+00     5     3 -2.700717E+00  9.212738E-03
  2.072400E+00     5     4  0.000000E+00  0.000000E+00
  2.072400E+00     5     5  7.050265E+06  4.808119E+03
  2.072400E+00     5     6  0.000000E+00  0.000000E+00
  2.072400E+00     6     1  0.000000E+00  0.000000E+00
  2.072400E+00     6     2  1.460647E+00  4.194807E-02
  2.072400E+00     6     3  0.000000E+00  0.000000E+00
  2.072400E+00     6     4 -3.975981E+01  2.297906E+00
  2.072400E+00     6     5  0.000000E+00  0.000000E+00
  2.072400E+00     6     6  3.911138E+06  5.268952E+05
  2.135200E+00     1     1  5.441828E+03  7.131819E+02
  2.135200E+00     1     2  0.000000E+00  0.000000E+00
  2.135200E+00     1     3  4.124782E-01  6.877195E-03
  2.135200E+00     1     4  0.000000E+00  0.000000E+00
  2.135200E+00     1     5 -7.683004E+04 -1.457242E+03
  2.135200E+00     1     6  0.000000E+00  0.000000E+00
  2.135200E+00     2     1  0.000000E+00  0.000000E+00
  2.135200E+00     2     2  5.441774E+03  7.132168E+02
  2.135200E+00     2     3  0.000000E+00  0.000000E+00
  2.135200E+00     2     4  7.682564E+04  1.457186E+03
  2.135200E+00     2     5  0.000000E+00  0.000000E+00
  2.135200E+00     2     6 -1.069184E+00 -1.151209E-01
  2.135200E+00     3     1 -3.281455E-01 -2.503385E-03
  2.135200E+00     3     2  0.000000E+00  0.000000E+00
  2.135200E+00     3     3  1.445159E+04  2.631082E+00
  2.135200E+00     3     4  0.000000E+00  0.000000E+00
  2.135200E+00     3     5  7.692276E+00 -3.797232E-03
  2.135200E+00     3     6  0.000000E+00  0.000000E+00
  2.135200E+00     4     1  0.000000E+00  0.000000E+00
  2.135200E+00     4     2  7.686157E+04  1.344538E+03
  2.135200E+00     4     3  0.000000E+00  0.000000E+00
  2.135200E+00     4     4  7.061092E+06  2.979796E+03
  2.135200E+00     4     5  0.000000E+00  0.000000E+00
  2.135200E+00     4     6  2.299525E+01 -1.023043E+00
  2.135200E+00     5     1 -7.686361E+04 -1.344585E+03
  2.135200E+00     5     2  0.000000E+00  0.000000E+00
  2.135200E+00     5     3 -2.702219E+00 -3.876007E-03
  2.135200E+00     5     4  0.000000E+00  0.000000E+00
  2.135200E+00     5     5  7.061212E+06  2.979978E+03
  2.135200E+00     5     6  0.000000E+00  0.000000E+00
  2.135200E+00     6     1  0.000000E+00  0.000000E+00
  2.135200E+00     6     2  1.891395E+00  5.106482E-01
  2.135200E+00     6     3  0.000000E+00  0.000000E+00
  2.135200E+00     6     4 -4.057851E+01  1.433012E+00
  2.135200E+00     6     5  0.000000E+00  0.000000E+00
  2.135200E+00     6     6  4.004703E+06  3.709537E+05
  2.198000E+00     1     1  5.514472E+03  6.281916E+02
  2.198000E+00     1     2  0.000000E+00  0.000000E+00
  2.198000E+00     1     3  3.990113E-01  1.366935E-02
  2.198000E+00     1     4  0.000000E+00  0.000000E+00
  2.198000E+00     1     5 -7.750252E+04 -1.136018E+03
  2.198000E+00     1     6  0.000000E+00  0.000000E+00
  2.198000E+00     2     1  0.000000E+00  0.000000E+00
  2.198000E+00     2     2  5.514410E+03  6.282527E+02
  2.198000E+00     2     3  0.000000E+00  0.000000E+00
  2.198000E+00     2     4  7.749795E+04  1.135939E+03
  2.198000E+00     2     5  0.000000E+00  0.000000E+00
  2.198000E+00     2     6 -6.969865E-01 -2.835965E-01
  2.198000E+00     3     1 -3.181155E-01 -9.281402E-04
  2.198000E+00     3     2  0.000000E+00  0.000000E+00
  2.198000E+00     3     3  1.446071E+04  3.302582E+00
  2.198000E+00     3     4  0.000000E+00  0.000000E+00
  2.198000E+00     3     5  7.654323E+00  1.865902E-02
  2.198000E+00     3     6  0.000000E+00  0.000000E+00
  2.198000E+00     4     1  0.000000E+00  0.000000E+00
  2.198000E+00     4     2  7.747292E+04  1.034315E+03
  2.198000E+00     4     3  0.000000E+00  0.000000E+00
  2.198000E+00     4     4  7.071462E+06  2.077294E+03
  2.198000E+00     4     5  0.000000E+00  0.000000E+00
  2.198000E+00     4     6  2.269555E+01  5.884421E-01
  2.198000E+00     5     1 -7.747489E+04 -1.034295E+03
  2.198000E+00     5     2  0.000000E+00  0.000000E+00
  2.198000E+00     5     3 -2.704932E+00  4.914803E-03
  2.198000E+00     5     4  0.000000E+00  0.000000E+00
  2.198000E+00     5     5  7.071583E+06  2.077352E+03
  2.198000E+00     5     6  0.000000E+00  0.000000E+00
  2.198000E+00     6     1  0.000000E+00  0.000000E+00
  2.198000E+00     6     2  1.517561E+00  1.175321E+00
  2.198000E+00     6     3  0.000000E+00  0.000000E+00
  2.198000E+00     6     4 -4.031809E+01  9.559186E-01
  2.198000E+00     6     5  0.000000E+00  0.000000E+00
  2.198000E+00     6     6  4.124978E+06  3.525714E+05
  2.260800E+00     1     1  5.580248E+03  6.232536E+02
  2.260800E+00     1     2  0.000000E+00  0.000000E+00
  2.260800E+00     1     3  4.017056E-01  2.998923E-03
  2.260800E+00     1     4  0.000000E+00  0.000000E+00
  2.260800E+00     1     5 -7.812954E+04 -1.019043E+03
  2.260800E+00     1     6  0.000000E+00  0.000000E+00
  2.260800E+00     2     1  0.000000E+00  0.000000E+00
  2.260800E+00     2     2  5.580109E+03  6.233531E+02
  2.260800E+00     2     3  0.000000E+00  0.000000E+00
  2.260800E+00     2     4  7.812480E+04  1.018802E+03
  2.260800E+00     2     5  0.000000E+00  0.000000E+00
  2.260800E+00     2     6 -5.600347E-01 -1.435920E-01
  2.260800E+00     3     1 -3.225205E-01 -3.738881E-03
  2.260800E+00     3     2  0.000000E+00  0.000000E+00
  2.260800E+00     3     3  1.447254E+04  9.389846E-01
  2.260800E+00     3     4  0.000000E+00  0.000000E+00
  2.260800E+00     3     5  7.620519E+00  1.039014E-04
  2.260800E+00     3     6  0.000000E+00  0.000000E+00
  2.260800E+00     4     1  0.000000E+00  0.000000E+00
  2.260800E+00     4     2  7.804098E+04  8.812142E+02
  2.260800E+00     4     3  0.000000E+00  0.000000E+00
  2.260800E+00     4     4  7.081018E+06  1.639769E+03
  2.260800E+00     4     5  0.000000E+00  0.000000E+00
  2.260800E+00     4     6  2.184114E+01  1.101142E+00
  2.260800E+00     5     1 -7.804298E+04 -8.809869E+02
  2.260800E+00     5     2  0.000000E+00  0.000000E+00
  2.260800E+00     5     3 -2.716771E+00 -8.052596E-03
  2.260800E+00     5     4  0.000000E+00  0.000000E+00
  2.260800E+00     5     5  7.081139E+06  1.639689E+03
  2.260800E+00     5     6  0.000000E+00  0.000000E+00
  2.260800E+00     6     1  0.000000E+00  0.000000E+00
  2.260800E+00     6     2  9.820923E-01  1.563473E+00
  2.260800E+00     6     3  0.000000E+00  0.000000E+00
  2.260800E+00     6     4 -4.017625E+01  1.308959E+00
  2.260800E+00     6     5  0.000000E+00  0.000000E+00
  2.260800E+00     6     6  4.174023E+06  3.599270E+05
  2.323600E+00     1     1  5.534970E+03  6.376519E+02
  2.323600E+00     1     2  0.000000E+00  0.000000E+00
  2.323600E+00     1     3  3.988641E-01  4.289230E-03
  2.323600E+00     1     4  0.000000E+00  0.000000E+00
  2.323600E+00     1     5 -7.852851E+04 -1.006233E+03
  2.323600E+00     1     6  0.000000E+00  0.000000E+00
  2.323600E+00     2     1  0.000000E+00  0.000000E+00
  2.323600E+00     2     2  5.534797E+03  6.376625E+02
  2.323600E+00     2     3  0.000000E+00  0.000000E+00
  2.323600E+00     2     4  7.852391E+04  1.005872E+03
  2.323600E+00     2     5  0.000000E+00  0.000000E+00
  2.323600E+00     2     6 -5.950526E-01 -5.009601E-02
  2.323600E+00     3     1 -3.131059E-01  9.308738E-04
  2.323600E+00     3     2  0.000000E+00  0.000000E+00
  2.323600E+00     3     3  1.448287E+04  1.163069E+00
  2.323600E+00     3     4  0.000000E+00  0.000000E+00
  2.323600E+00     3     5  7.594833E+00 -7.576727E-03
  2.323600E+00     3     6  0.000000E+00  0.000000E+00
  2.323600E+00     4     1  0.000000E+00  0.000000E+00
  2.323600E+00     4     2  7.845741E+04  7.992635E+02
  2.323600E+00     4     3  0.000000E+00  0.000000E+00
  2.323600E+00     4     4  7.089549E+06  1.482190E+03
  2.323600E+00     4     5  0.000000E+00  0.000000E+00
  2.323600E+00     4     6  2.092956E+01  9.944126E-01
  2.323600E+00     5     1 -7.845961E+04 -7.989790E+02
  2.323600E+00     5     2  0.000000E+00  0.000000E+00
  2.323600E+00     5     3 -2.717585E+00 -1.198762E-02
  2.323600E+00     5     4  0.000000E+00  0.000000E+00
  2.323600E+00     5     5  7.089670E+06  1.482067E+03
  2.323600E+00     5     6  0.000000E+00  0.000000E+00
  2.323600E+00     6     1  0.000000E+00  0.000000E+00
  2.323600E+00     6     2  1.809362E-01  1.445022E+00
  2.323600E+00     6     3  0.000000E+00  0.000000E+00
  2.323600E+00     6     4 -4.055499E+01  1.376562E+00
  2.323600E+00     6     5  0.000000E+00  0.000000E+00
  2.323600E+00     6     6  4.192562E+06  3.630660E+05
  2.386400E+00     1     1  5.401248E+03  4.935076E+02
  2.386400E+00     1     2  0.000000E+00  0.000000E+00
  2.386400E+00     1     3  3.991484E-01 -1.107929E-03
  2.386400E+00     1     4  0.000000E+00  0.000000E+00
  2.386400E+00     1     5 -7.872688E+04 -8.155815E+02
  2.386400E+00     1     6  0.000000E+00  0.000000E+00
  2.386400E+00     2     1  0.000000E+00  0.000000E+00
  2.386400E+00     2     2  5.401130E+03  4.935433E+02
  2.386400E+00     2     3  0.000000E+00  0.000000E+00
  2.386400E+00     2     4  7.872231E+04  8.155187E+02
  2.386400E+00     2     5  0.000000E+00  0.000000E+00
  2.386400E+00     2     6 -6.043079E-01 -3.143063E-02
  2.386400E+00     3     1 -3.217514E-01  1.398408E-02
  2.386400E+00     3     2  0.000000E+00  0.000000E+00
  2.386400E+00     3     3  1.449211E+04  1.709001E+00
  2.386400E+00     3     4  0.000000E+00  0.000000E+00
  2.386400E+00     3     5  7.584739E+00 -1.928384E-02
  2.386400E+00     3     6  0.000000E+00  0.000000E+00
  2.386400E+00     4     1  0.000000E+00  0.000000E+00
  2.386400E+00     4     2  7.878551E+04  6.262009E+02
  2.386400E+00     4     3  0.000000E+00  0.000000E+00
  2.386400E+00     4     4  7.097157E+06  1.258362E+03
  2.386400E+00     4     5  0.000000E+00  0.000000E+00
  2.386400E+00     4     6  2.042021E+01  5.191315E-03
  2.386400E+00     5     1 -7.878795E+04 -6.259772E+02
  2.386400E+00     5     2  0.000000E+00  0.000000E+00
  2.386400E+00     5     3 -2.724274E+00 -1.660497E-02
  2.386400E+00     5     4  0.000000E+00  0.000000E+00
  2.386400E+00     5     5  7.097279E+06  1.258143E+03
  2.386400E+00     5     6  0.000000E+00  0.000000E+00
  2.386400E+00     6     1  0.000000E+00  0.000000E+00
  2.386400E+00     6     2 -1.488822E-01  1.072452E+00
  2.386400E+00     6     3  0.000000E+00  0.000000E+00
  2.386400E+00     6     4 -4.095112E+01  1.836693E+00
  2.386400E+00     6     5  0.000000E+00  0.000000E+00
  2.386400E+00     6     6  4.168919E+06  3.444188E+05
  2.449200E+00     1     1  5.527853E+03  2.726440E+02
  2.449200E+00     1     2  0.000000E+00  0.000000E+00
  2.449200E+00     1     3  4.111962E-01  2.491229E-05
  2.449200E+00     1     4  0.000000E+00  0.000000E+00
  2.449200E+00     1     5 -7.918367E+04 -5.217945E+02
  2.449200E+00     1     6  0.000000E+00  0.000000E+00
  2.449200E+00     2     1  0.000000E+00  0.000000E+00
  2.449200E+00     2     2  5.527659E+03  2.726612E+02
  2.449200E+00     2     3  0.000000E+00  0.000000E+00
  2.449200E+00     2     4  7.917872E+04  5.217213E+02
  2.449200E+00     2     5  0.000000E+00  0.000000E+00
  2.449200E+00     2     6 -6.893146E-01  1.856705E-02
  2.449200E+00     3     1 -3.322317E-01  1.271996E-02
  2.449200E+00     3     2  0.000000E+00  0.000000E+00
  2.449200E+00     3     3  1.450227E+04 -1.838807E+00
  2.449200E+00     3     4  0.000000E+00  0.000000E+00
  2.449200E+00     3     5  7.569706E+00 -3.187884E-02
  2.449200E+00     3     6  0.000000E+00  0.000000E+00
  2.449200E+00     4     1  0.000000E+00  0.000000E+00
  2.449200E+00     4     2  7.921889E+04  4.868935E+02
  2.449200E+00     4     3  0.000000E+00  0.000000E+00
  2.449200E+00     4     4  7.104148E+06  1.081882E+03
  2.449200E+00     4     5  0.000000E+00  0.000000E+00
  2.449200E+00     4     6  2.149187E+01 -8.885426E-01
  2.449200E+00     5     1 -7.922133E+04 -4.868671E+02
  2.449200E+00     5     2  0.000000E+00  0.000000E+00
  2.449200E+00     5     3 -2.738846E+00 -5.225292E-02
  2.449200E+00     5     4  0.000000E+00  0.000000E+00
  2.449200E+00     5     5  7.104270E+06  1.081852E+03
  2.449200E+00     5     6  0.000000E+00  0.000000E+00
  2.449200E+00     6     1  0.000000E+00  0.000000E+00
  2.449200E+00     6     2 -6.622422E-01  3.658354E-01
  2.449200E+00     6     3  0.000000E+00  0.000000E+00
  2.449200E+00     6     4 -4.312343E+01  8.571017E-01
  2.449200E+00     6     5  0.000000E+00  0.000000E+00
  2.449200E+00     6     6  4.178323E+06  2.482461E+05
  2.512000E+00     1     1  5.674643E+03  2.312584E+02
  2.512000E+00     1     2  0.000000E+00  0.000000E+00
  2.512000E+00     1     3  3.877488E-01  1.303744E-02
  2.512000E+00     1     4  0.000000E+00  0.000000E+00
  2.512000E+00     1     5 -7.960870E+04 -4.559886E+02
  2.512000E+00     1     6  0.000000E+00  0.000000E+00
  2.512000E+00     2     1  0.000000E+00  0.000000E+00
  2.512000E+00     2     2  5.674489E+03  2.312296E+02
  2.512000E+00     2     3  0.000000E+00  0.000000E+00
  2.512000E+00     2     4  7.960368E+04  4.557466E+02
  2.512000E+00     2     5  0.000000E+00  0.000000E+00
  2.512000E+00     2     6 -7.935627E-01 -3.954386E-03
  2.512000E+00     3     1 -3.249892E-01 -6.436122E-03
  2.512000E+00     3     2  0.000000E+00  0.000000E+00
  2.512000E+00     3     3  1.449783E+04  8.249210E+00
  2.512000E+00     3     4  0.000000E+00  0.000000E+00
  2.512000E+00     3     5  7.543125E+00  4.855930E-03
  2.512000E+00     3     6  0.000000E+00  0.000000E+00
  2.512000E+00     4     1  0.000000E+00  0.000000E+00
  2.512000E+00     4     2  7.957245E+04  4.290997E+02
  2.512000E+00     4     3  0.000000E+00  0.000000E+00
  2.512000E+00     4     4  7.110366E+06  1.004142E+03
  2.512000E+00     4     5  0.000000E+00  0.000000E+00
  2.512000E+00     4     6  2.252164E+01  1.072905E-01
  2.512000E+00     5     1 -7.957488E+04 -4.290756E+02
  2.512000E+00     5     2  0.000000E+00  0.000000E+00
  2.512000E+00     5     3 -2.694447E+00  1.791746E-02
  2.512000E+00     5     4  0.000000E+00  0.000000E+00
  2.512000E+00     5     5  7.110488E+06  1.003923E+03
  2.512000E+00     5     6  0.000000E+00  0.000000E+00
  2.512000E+00     6     1  0.000000E+00  0.000000E+00
  2.512000E+00     6     2  1.307517E-01 -3.253125E-01
  2.512000E+00     6     3  0.000000E+00  0.000000E+00
  2.512000E+00     6     4 -4.241549E+01 -2.143107E+00
  2.512000E+00     6     5  0.000000E+00  0.000000E+00
  2.512000E+00     6     6  4.262981E+06  2.059236E+05
  2.574800E+00     1     1  5.820227E+03  2.308664E+02
  2.574800E+00     1     2  0.000000E+00  0.000000E+00
  2.574800E+00     1     3  3.915627E-01  5.758177E-03
  2.574800E+00     1     4  0.000000E+00  0.000000E+00
  2.574800E+00     1     5 -7.993672E+04 -2.853035E+02
  2.574800E+00     1     6  0.000000E+00  0.000000E+00
  2.574800E+00     2     1  0.000000E+00  0.000000E+00
  2.574800E+00     2     2  5.820094E+03  2.309240E+02
  2.574800E+00     2     3  0.000000E+00  0.000000E+00
  2.574800E+00     2     4  7.993194E+04  2.848742E+02
  2.574800E+00     2     5  0.000000E+00  0.000000E+00
  2.574800E+00     2     6 -8.171982E-01 -3.473409E-01
  2.574800E+00     3     1 -3.267688E-01 -5.848206E-03
  2.574800E+00     3     2  0.000000E+00  0.000000E+00
  2.574800E+00     3     3  1.450736E+04  1.912328E+00
  2.574800E+00     3     4  0.000000E+00  0.000000E+00
  2.574800E+00     3     5  7.533500E+00 -1.160125E-02
  2.574800E+00     3     6  0.000000E+00  0.000000E+00
  2.574800E+00     4     1  0.000000E+00  0.000000E+00
  2.574800E+00     4     2  7.987181E+04  3.093405E+02
  2.574800E+00     4     3  0.000000E+00  0.000000E+00
  2.574800E+00     4     4  7.115866E+06  9.345898E+02
  2.574800E+00     4     5  0.000000E+00  0.000000E+00
  2.574800E+00     4     6  2.199908E+01  1.247925E+00
  2.574800E+00     5     1 -7.987415E+04 -3.094820E+02
  2.574800E+00     5     2  0.000000E+00  0.000000E+00
  2.574800E+00     5     3 -2.718298E+00  3.924594E-03
  2.574800E+00     5     4  0.000000E+00  0.000000E+00
  2.574800E+00     5     5  7.115989E+06  9.343226E+02
  2.574800E+00     5     6  0.000000E+00  0.000000E+00
  2.574800E+00     6     1  0.000000E+00  0.000000E+00
  2.574800E+00     6     2  6.770799E-01  3.613886E-01
  2.574800E+00     6     3  0.000000E+00  0.000000E+00
  2.574800E+00     6     4 -3.960199E+01 -2.632344E+00
  2.574800E+00     6     5  0.000000E+00  0.000000E+00
  2.574800E+00     6     6  4.310601E+06  2.150504E+05
  2.637600E+00     1     1  5.854225E+03  3.346341E+02
  2.637600E+00     1     2  0.000000E+00  0.000000E+00
  2.637600E+00     1     3  3.915350E-01  5.393656E-03
  2.637600E+00     1     4  0.000000E+00  0.000000E+00
  2.637600E+00     1     5 -8.041450E+04 -3.254360E+02
  2.637600E+00     1     6  0.000000E+00  0.000000E+00
  2.637600E+00     2     1  0.000000E+00  0.000000E+00
  2.637600E+00     2     2  5.854052E+03  3.346278E+02
  2.637600E+00     2     3  0.000000E+00  0.000000E+00
  2.637600E+00     2     4  8.040977E+04  3.253237E+02
  2.637600E+00     2     5  0.000000E+00  0.000000E+00
  2.637600E+00     2     6 -4.922066E-01 -1.936213E-01
  2.637600E+00     3     1 -3.221248E-01 -6.958327E-03
  2.637600E+00     3     2  0.000000E+00  0.000000E+00
  2.637600E+00     3     3  1.451407E+04  1.634983E+00
  2.637600E+00     3     4  0.000000E+00  0.000000E+00
  2.637600E+00     3     5  7.528241E+00 -7.981138E-03
  2.637600E+00     3     6  0.000000E+00  0.000000E+00
  2.637600E+00     4     1  0.000000E+00  0.000000E+00
  2.637600E+00     4     2  8.029999E+04  2.914637E+02
  2.637600E+00     4     3  0.000000E+00  0.000000E+00
  2.637600E+00     4     4  7.120892E+06  7.692686E+02
  2.637600E+00     4     5  0.000000E+00  0.000000E+00
  2.637600E+00     4     6  2.134952E+01  1.332439E+00
  2.637600E+00     5     1 -8.030234E+04 -2.913477E+02
  2.637600E+00     5     2  0.000000E+00  0.000000E+00
  2.637600E+00     5     3 -2.725430E+00 -1.910604E-03
  2.637600E+00     5     4  0.000000E+00  0.000000E+00
  2.637600E+00     5     5  7.121015E+06  7.693728E+02
  2.637600E+00     5     6  0.000000E+00  0.000000E+00
  2.637600E+00     6     1  0.000000E+00  0.000000E+00
  2.637600E+00     6     2  4.609729E-02  5.632514E-01
  2.637600E+00     6     3  0.000000E+00  0.000000E+00
  2.637600E+00     6     4 -3.887409E+01 -1.269263E+00
  2.637600E+00     6     5  0.000000E+00  0.000000E+00
  2.637600E+00     6     6  4.327538E+06  2.215794E+05
  2.700400E+00     1     1  5.781697E+03  3.815470E+02
  2.700400E+00     1     2  0.000000E+00  0.000000E+00
  2.700400E+00     1     3  3.908155E-01  2.340252E-03
  2.700400E+00     1     4  0.000000E+00  0.000000E+00
  2.700400E+00     1     5 -8.065853E+04 -4.851961E+02
  2.700400E+00     1     6  0.000000E+00  0.000000E+00
  2.700400E+00     2     1  0.000000E+00  0.000000E+00
  2.700400E+00     2     2  5.781535E+03  3.815513E+02
  2.700400E+00     2     3  0.000000E+00  0.000000E+00
  2.700400E+00     2     4  8.065363E+04  4.852648E+02
  2.700400E+00     2     5  0.000000E+00  0.000000E+00
  2.700400E+00     2     6 -5.659321E-01  1.657507E-02
  2.700400E+00     3     1 -3.207387E-01 -2.888539E-03
  2.700400E+00     3     2  0.000000E+00  0.000000E+00
  2.700400E+00     3     3  1.451896E+04  1.356499E+00
  2.700400E+00     3     4  0.000000E+00  0.000000E+00
  2.700400E+00     3     5  7.511030E+00  2.597179E-03
  2.700400E+00     3     6  0.000000E+00  0.000000E+00
  2.700400E+00     4     1  0.000000E+00  0.000000E+00
  2.700400E+00     4     2  8.057618E+04  4.043745E+02
  2.700400E+00     4     3  0.000000E+00  0.000000E+00
  2.700400E+00     4     4  7.125325E+06  8.285004E+02
  2.700400E+00     4     5  0.000000E+00  0.000000E+00
  2.700400E+00     4     6  2.054879E+01  1.330608E+00
  2.700400E+00     5     1 -8.057871E+04 -4.042771E+02
  2.700400E+00     5     2  0.000000E+00  0.000000E+00
  2.700400E+00     5     3 -2.732413E+00 -4.156294E-03
  2.700400E+00     5     4  0.000000E+00  0.000000E+00
  2.700400E+00     5     5  7.125448E+06  8.284193E+02
  2.700400E+00     5     6  0.000000E+00  0.000000E+00
  2.700400E+00     6     1  0.000000E+00  0.000000E+00
  2.700400E+00     6     2 -2.112097E-01  1.483037E-02
  2.700400E+00     6     3  0.000000E+00  0.000000E+00
  2.700400E+00     6     4 -3.901842E+01 -5.551394E-01
  2.700400E+00     6     5  0.000000E+00  0.000000E+00
  2.700400E+00     6     6  4.319035E+06  2.180286E+05
  2.763200E+00     1     1  5.724851E+03  2.692455E+02
  2.763200E+00     1     2  0.000000E+00  0.000000E+00
  2.763200E+00     1     3  3.938290E-01 -1.941569E-04
  2.763200E+00     1     4  0.000000E+00  0.000000E+00
  2.763200E+00     1     5 -8.067418E+04 -4.585569E+02
  2.763200E+00     1     6  0.000000E+00  0.000000E+00
  2.763200E+00     2     1  0.000000E+00  0.000000E+00
  2.763200E+00     2     2  5.724688E+03  2.692330E+02
  2.763200E+00     2     3  0.000000E+00  0.000000E+00
  2.763200E+00     2     4  8.066919E+04  4.584611E+02
  2.763200E+00     2     5  0.000000E+00  0.000000E+00
  2.763200E+00     2     6 -6.533621E-01 -4.100157E-02
  2.763200E+00     3     1 -3.226156E-01 -2.105889E-04
  2.763200E+00     3     2  0.000000E+00  0.000000E+00
  2.763200E+00     3     3  1.452449E+04 -2.924961E-01
  2.763200E+00     3     4  0.000000E+00  0.000000E+00
  2.763200E+00     3     5  7.486562E+00  4.652176E-03
  2.763200E+00     3     6  0.000000E+00  0.000000E+00
  2.763200E+00     4     1  0.000000E+00  0.000000E+00
  2.763200E+00     4     2  8.064396E+04  4.233248E+02
  2.763200E+00     4     3  0.000000E+00  0.000000E+00
  2.763200E+00     4     4  7.128994E+06  9.050244E+02
  2.763200E+00     4     5  0.000000E+00  0.000000E+00
  2.763200E+00     4     6  2.034813E+01  3.792827E-02
  2.763200E+00     5     1 -8.064649E+04 -4.233518E+02
  2.763200E+00     5     2  0.000000E+00  0.000000E+00
  2.763200E+00     5     3 -2.751128E+00 -2.149259E-02
  2.763200E+00     5     4  0.000000E+00  0.000000E+00
  2.763200E+00     5     5  7.129118E+06  9.050772E+02
  2.763200E+00     5     6  0.000000E+00  0.000000E+00
  2.763200E+00     6     1  0.000000E+00  0.000000E+00
  2.763200E+00     6     2  2.167580E-02 -1.545957E-01
  2.763200E+00     6     3  0.000000E+00  0.000000E+00
  2.763200E+00     6     4 -3.971617E+01 -5.608377E-01
  2.763200E+00     6     5  0.000000E+00  0.000000E+00
  2.763200E+00     6     6  4.322879E+06  1.539300E+05
  2.826000E+00     1     1  5.809122E+03  1.920152E+02
  2.826000E+00     1     2  0.000000E+00  0.000000E+00
  2.826000E+00     1     3  3.946636E-01  3.904536E-03
  2.826000E+00     1     4  0.000000E+00  0.000000E+00
  2.826000E+00     1     5 -8.087033E+04 -2.993741E+02
  2.826000E+00     1     6  0.000000E+00  0.000000E+00
  2.826000E+00     2     1  0.000000E+00  0.000000E+00
  2.826000E+00     2     2  5.808977E+03  1.920088E+02
  2.826000E+00     2     3  0.000000E+00  0.000000E+00
  2.826000E+00     2     4  8.086548E+04  2.992686E+02
  2.826000E+00     2     5  0.000000E+00  0.000000E+00
  2.826000E+00     2     6 -6.544732E-01 -1.013186E-01
  2.826000E+00     3     1 -3.230209E-01 -5.575367E-03
  2.826000E+00     3     2  0.000000E+00  0.000000E+00
  2.826000E+00     3     3  1.452399E+04  3.764661E+00
  2.826000E+00     3     4  0.000000E+00  0.000000E+00
  2.826000E+00     3     5  7.482400E+00  6.123663E-03
  2.826000E+00     3     6  0.000000E+00  0.000000E+00
  2.826000E+00     4     1  0.000000E+00  0.000000E+00
  2.826000E+00     4     2  8.082290E+04  3.064874E+02
  2.826000E+00     4     3  0.000000E+00  0.000000E+00
  2.826000E+00     4     4  7.132300E+06  6.685193E+02
  2.826000E+00     4     5  0.000000E+00  0.000000E+00
  2.826000E+00     4     6  2.116120E+01 -3.566184E-02
  2.826000E+00     5     1 -8.082540E+04 -3.065332E+02
  2.826000E+00     5     2  0.000000E+00  0.000000E+00
  2.826000E+00     5     3 -2.722301E+00 -4.688672E-03
  2.826000E+00     5     4  0.000000E+00  0.000000E+00
  2.826000E+00     5     5  7.132424E+06  6.686316E+02
  2.826000E+00     5     6  0.000000E+00  0.000000E+00
  2.826000E+00     6     1  0.000000E+00  0.000000E+00
  2.826000E+00     6     2  2.939230E-01 -2.724355E-01
  2.826000E+00     6     3  0.000000E+00  0.000000E+00
  2.826000E+00     6     4 -3.936415E+01 -1.300891E+00
  2.826000E+00     6     5  0.000000E+00  0.000000E+00
  2.826000E+00     6     6  4.379439E+06  1.377339E+05
  2.888800E+00     1     1  5.870816E+03  2.022308E+02
  2.888800E+00     1     2  0.000000E+00  0.000000E+00
  2.888800E+00     1     3  3.974408E-01  5.260317E-03
  2.888800E+00     1     4  0.000000E+00  0.000000E+00
  2.888800E+00     1     5 -8.110256E+04 -2.450207E+02
  2.888800E+00     1     6  0.000000E+00  0.000000E+00
  2.888800E+00     2     1  0.000000E+00  0.000000E+00
  2.888800E+00     2     2  5.870658E+03  2.022286E+02
  2.888800E+00     2     3  0.000000E+00  0.000000E+00
  2.888800E+00     2     4  8.109772E+04  2.449829E+02
  2.888800E+00     2     5  0.000000E+00  0.000000E+00
  2.888800E+00     2     6 -5.612070E-01 -1.292192E-01
  2.888800E+00     3     1 -3.249024E-01 -8.358681E-03
  2.888800E+00     3     2  0.000000E+00  0.000000E+00
  2.888800E+00     3     3  1.452835E+04  1.758460E+00
  2.888800E+00     3     4  0.000000E+00  0.000000E+00
  2.888800E+00     3     5  7.463097E+00  9.337573E-03
  2.888800E+00     3     6  0.000000E+00  0.000000E+00
  2.888800E+00     4     1  0.000000E+00  0.000000E+00
  2.888800E+00     4     2  8.102596E+04  2.635024E+02
  2.888800E+00     4     3  0.000000E+00  0.000000E+00
  2.888800E+00     4     4  7.135398E+06  4.846950E+02
  2.888800E+00     4     5  0.000000E+00  0.000000E+00
  2.888800E+00     4     6  2.168620E+01  4.004596E-01
  2.888800E+00     5     1 -8.102841E+04 -2.635979E+02
  2.888800E+00     5     2  0.000000E+00  0.000000E+00
  2.888800E+00     5     3 -2.734820E+00 -1.081847E-02
  2.888800E+00     5     4  0.000000E+00  0.000000E+00
  2.888800E+00     5     5  7.135522E+06  4.847171E+02
  2.888800E+00     5     6  0.000000E+00  0.000000E+00
  2.888800E+00     6     1  0.000000E+00  0.000000E+00
  2.888800E+00     6     2  4.966830E-01 -2.325823E-01
  2.888800E+00     6     3  0.000000E+00  0.000000E+00
  2.888800E+00     6     4 -3.904160E+01 -1.289152E+00
  2.888800E+00     6     5  0.000000E+00  0.000000E+00
  2.888800E+00     6     6  4.407985E+06  1.434471E+05
  2.951600E+00     1     1  5.873565E+03  2.365125E+02
  2.951600E+00     1     2  0.000000E+00  0.000000E+00
  2.951600E+00     1     3  3.932991E-01  1.141357E-02
  2.951600E+00     1     4  0.000000E+00  0.000000E+00
  2.951600E+00     1     5 -8.129770E+04 -2.046105E+02
  2.951600E+00     1     6  0.000000E+00  0.000000E+00
  2.951600E+00     2     1  0.000000E+00  0.000000E+00
  2.951600E+00     2     2  5.873409E+03  2.364723E+02
  2.951600E+00     2     3  0.000000E+00  0.000000E+00
  2.951600E+00     2     4  8.129284E+04  2.044840E+02
  2.951600E+00     2     5  0.000000E+00  0.000000E+00
  2.951600E+00     2     6 -3.908647E-01 -7.667182E-02
  2.951600E+00     3     1 -3.165361E-01 -1.494454E-02
  2.951600E+00     3     2  0.000000E+00  0.000000E+00
  2.951600E+00     3     3  1.453103E+04  2.834266E+00
  2.951600E+00     3     4  0.000000E+00  0.000000E+00
  2.951600E+00     3     5  7.445365E+00  1.055606E-03
  2.951600E+00     3     6  0.000000E+00  0.000000E+00
  2.951600E+00     4     1  0.000000E+00  0.000000E+00
  2.951600E+00     4     2  8.117374E+04  2.155693E+02
  2.951600E+00     4     3  0.000000E+00  0.000000E+00
  2.951600E+00     4     4  7.138286E+06  3.297325E+02
  2.951600E+00     4     5  0.000000E+00  0.000000E+00
  2.951600E+00     4     6  2.206291E+01  1.334955E+00
  2.951600E+00     5     1 -8.117604E+04 -2.156435E+02
  2.951600E+00     5     2  0.000000E+00  0.000000E+00
  2.951600E+00     5     3 -2.727979E+00 -1.807428E-02
  2.951600E+00     5     4  0.000000E+00  0.000000E+00
  2.951600E+00     5     5  7.138410E+06  3.296377E+02
  2.951600E+00     5     6  0.000000E+00  0.000000E+00
  2.951600E+00     6     1  0.000000E+00  0.000000E+00
  2.951600E+00     6     2  5.883537E-01 -1.959510E-02
  2.951600E+00     6     3  0.000000E+00  0.000000E+00
  2.951600E+00     6     4 -3.920507E+01 -1.418495E+00
  2.951600E+00     6     5  0.000000E+00  0.000000E+00
  2.951600E+00     6     6  4.418465E+06  1.521970E+05
  3.014400E+00     1     1  5.848520E+03  1.609199E+02
  3.014400E+00     1     2  0.000000E+00  0.000000E+00
  3.014400E+00     1     3  3.887146E-01  4.897377E-03
  3.014400E+00     1     4  0.000000E+00  0.000000E+00
  3.014400E+00     1     5 -8.149328E+04 -2.273622E+02
  3.014400E+00     1     6  0.000000E+00  0.000000E+00
  3.014400E+00     2     1  0.000000E+00  0.000000E+00
  3.014400E+00     2     2  5.848395E+03  1.609136E+02
  3.014400E+00     2     3  0.000000E+00  0.000000E+00
  3.014400E+00     2     4  8.148851E+04  2.272374E+02
  3.014400E+00     2     5  0.000000E+00  0.000000E+00
  3.014400E+00     2     6 -7.594994E-01  1.620011E-01
  3.014400E+00     3     1 -3.124612E-01 -3.510375E-03
  3.014400E+00     3     2  0.000000E+00  0.000000E+00
  3.014400E+00     3     3  1.453246E+04  3.149734E+00
  3.014400E+00     3     4  0.000000E+00  0.000000E+00
  3.014400E+00     3     5  7.443127E+00 -3.667765E-03
  3.014400E+00     3     6  0.000000E+00  0.000000E+00
  3.014400E+00     4     1  0.000000E+00  0.000000E+00
  3.014400E+00     4     2  8.139778E+04  1.888931E+02
  3.014400E+00     4     3  0.000000E+00  0.000000E+00
  3.014400E+00     4     4  7.140914E+06  4.265550E+02
  3.014400E+00     4     5  0.000000E+00  0.000000E+00
  3.014400E+00     4     6  1.949238E+01  2.077885E+00
  3.014400E+00     5     1 -8.140024E+04 -1.888212E+02
  3.014400E+00     5     2  0.000000E+00  0.000000E+00
  3.014400E+00     5     3 -2.723540E+00 -6.463785E-03
  3.014400E+00     5     4  0.000000E+00  0.000000E+00
  3.014400E+00     5     5  7.141038E+06  4.262184E+02
  3.014400E+00     5     6  0.000000E+00  0.000000E+00
  3.014400E+00     6     1  0.000000E+00  0.000000E+00
  3.014400E+00     6     2  4.915194E-01 -7.137811E-03
  3.014400E+00     6     3  0.000000E+00  0.000000E+00
  3.014400E+00     6     4 -3.814889E+01 -1.611019E+00
  3.014400E+00     6     5  0.000000E+00  0.000000E+00
  3.014400E+00     6     6  4.398710E+06  1.362803E+05
  3.077200E+00     1     1  5.916751E+03  1.302226E+02
  3.077200E+00     1     2  0.000000E+00  0.000000E+00
  3.077200E+00     1     3  3.921044E-01  6.237337E-03
  3.077200E+00     1     4  0.000000E+00  0.000000E+00
  3.077200E+00     1     5 -8.160355E+04 -1.950548E+02
  3.077200E+00     1     6  0.000000E+00  0.000000E+00
  3.077200E+00     2     1  0.000000E+00  0.000000E+00
  3.077200E+00     2     2  5.916616E+03  1.302292E+02
  3.077200E+00     2     3  0.000000E+00  0.000000E+00
  3.077200E+00     2     4  8.159889E+04  1.948202E+02
  3.077200E+00     2     5  0.000000E+00  0.000000E+00
  3.077200E+00     2     6 -6.449462E-01 -3.608439E-02
  3.077200E+00     3     1 -3.150170E-01 -1.163271E-03
  3.077200E+00     3     2  0.000000E+00  0.000000E+00
  3.077200E+00     3     3  1.453381E+04  2.972911E+00
  3.077200E+00     3     4  0.000000E+00  0.000000E+00
  3.077200E+00     3     5  7.444388E+00  4.632043E-03
  3.077200E+00     3     6  0.000000E+00  0.000000E+00
  3.077200E+00     4     1  0.000000E+00  0.000000E+00
  3.077200E+00     4     2  8.153118E+04  1.299319E+02
  3.077200E+00     4     3  0.000000E+00  0.000000E+00
  3.077200E+00     4     4  7.143094E+06  8.541054E+02
  3.077200E+00     4     5  0.000000E+00  0.000000E+00
  3.077200E+00     4     6  2.020450E+01 -9.952214E-03
  3.077200E+00     5     1 -8.153360E+04 -1.298522E+02
  3.077200E+00     5     2  0.000000E+00  0.000000E+00
  3.077200E+00     5     3 -2.736910E+00  1.277564E-02
  3.077200E+00     5     4  0.000000E+00  0.000000E+00
  3.077200E+00     5     5  7.143219E+06  8.543095E+02
  3.077200E+00     5     6  0.000000E+00  0.000000E+00
  3.077200E+00     6     1  0.000000E+00  0.000000E+00
  3.077200E+00     6     2  4.938452E-01  4.895373E-02
  3.077200E+00     6     3  0.000000E+00  0.000000E+00
  3.077200E+00     6     4 -3.912760E+01 -1.841939E+00
  3.077200E+00     6     5  0.000000E+00  0.000000E+00
  3.077200E+00     6     6  4.437151E+06  1.022534E+05
  3.140000E+00     1     1  5.962999E+03  1.289394E+02
  3.140000E+00     1     2  0.000000E+00  0.000000E+00
  3.140000E+00     1     3  3.923009E-01  5.019011E-03
  3.140000E+00     1     4  0.000000E+00  0.000000E+00
  3.140000E+00     1     5 -8.179338E+04 -1.747317E+02
  3.140000E+00     1     6  0.000000E+00  0.000000E+00
  3.140000E+00     2     1  0.000000E+00  0.000000E+00
  3.140000E+00     2     2  5.962863E+03  1.289290E+02
  3.140000E+00     2     3  0.000000E+00  0.000000E+00
  3.140000E+00     2     4  8.178874E+04  1.746352E+02
  3.140000E+00     2     5  0.000000E+00  0.000000E+00
  3.140000E+00     2     6 -6.114445E-01 -1.708146E-02
  3.140000E+00     3     1 -3.175976E-01 -6.716146E-04
  3.140000E+00     3     2  0.000000E+00  0.000000E+00
  3.140000E+00     3     3  1.453597E+04  1.885413E+00
  3.140000E+00     3     4  0.000000E+00  0.000000E+00
  3.140000E+00     3     5  7.439009E+00  4.255327E-03
  3.140000E+00     3     6  0.000000E+00  0.000000E+00
  3.140000E+00     4     1  0.000000E+00  0.000000E+00
  3.140000E+00     4     2  8.174868E+04  1.506229E+02
  3.140000E+00     4     3  0.000000E+00  0.000000E+00
  3.140000E+00     4     4  7.144749E+06  7.367981E+02
  3.140000E+00     4     5  0.000000E+00  0.000000E+00
  3.140000E+00     4     6  2.094917E+01  1.839849E-01
  3.140000E+00     5     1 -8.175121E+04 -1.506155E+02
  3.140000E+00     5     2  0.000000E+00  0.000000E+00
  3.140000E+00     5     3 -2.752639E+00 -1.373417E-02
  3.140000E+00     5     4  0.000000E+00  0.000000E+00
  3.140000E+00     5     5  7.144873E+06  7.373640E+02
  3.140000E+00     5     6  0.000000E+00  0.000000E+00
  3.140000E+00     6     1  0.000000E+00  0.000000E+00
  3.140000E+00     6     2  2.550067E-01 -7.625203E-02
  3.140000E+00     6     3  0.000000E+00  0.000000E+00
  3.140000E+00     6     4 -3.817565E+01 -2.514824E+00
  3.140000E+00     6     5  0.000000E+00  0.000000E+00
  3.140000E+00     6     6  4.463235E+06  1.056939E+05
  3.202800E+00     1     1  6.015010E+03  1.635464E+02
  3.202800E+00     1     2  0.000000E+00  0.000000E+00
  3.202800E+00     1     3  3.930130E-01  1.399192E-02
  3.202800E+00     1     4  0.000000E+00  0.000000E+00
  3.202800E+00     1     5 -8.195718E+04 -2.535475E+02
  3.202800E+00     1     6  0.000000E+00  0.000000E+00
  3.202800E+00     2     1  0.000000E+00  0.000000E+00
  3.202800E+00     2     2  6.014863E+03  1.635197E+02
  3.202800E+00     2     3  0.000000E+00  0.000000E+00
  3.202800E+00     2     4  8.195245E+04  2.533045E+02
  3.202800E+00     2     5  0.000000E+00  0.000000E+00
  3.202800E+00     2     6 -5.767203E-01  1.025458E-02
  3.202800E+00     3     1 -3.244096E-01 -2.719609E-03
  3.202800E+00     3     2  0.000000E+00  0.000000E+00
  3.202800E+00     3     3  1.453987E+04  3.381142E+00
  3.202800E+00     3     4  0.000000E+00  0.000000E+00
  3.202800E+00     3     5  7.436111E+00  2.289282E-02
  3.202800E+00     3     6  0.000000E+00  0.000000E+00
  3.202800E+00     4     1  0.000000E+00  0.000000E+00
  3.202800E+00     4     2  8.190927E+04  2.321459E+02
  3.202800E+00     4     3  0.000000E+00  0.000000E+00
  3.202800E+00     4     4  7.146503E+06  7.752466E+02
  3.202800E+00     4     5  0.000000E+00  0.000000E+00
  3.202800E+00     4     6  2.119351E+01  5.358883E-01
  3.202800E+00     5     1 -8.191173E+04 -2.322081E+02
  3.202800E+00     5     2  0.000000E+00  0.000000E+00
  3.202800E+00     5     3 -2.727166E+00 -2.688571E-02
  3.202800E+00     5     4  0.000000E+00  0.000000E+00
  3.202800E+00     5     5  7.146626E+06  7.759977E+02
  3.202800E+00     5     6  0.000000E+00  0.000000E+00
  3.202800E+00     6     1  0.000000E+00  0.000000E+00
  3.202800E+00     6     2  5.007821E-01 -4.811616E-01
  3.202800E+00     6     3  0.000000E+00  0.000000E+00
  3.202800E+00     6     4 -3.695518E+01 -2.634821E+00
  3.202800E+00     6     5  0.000000E+00  0.000000E+00
  3.202800E+00     6     6  4.476338E+06  1.116142E+05
  3.265600E+00     1     1  5.916362E+03  2.028679E+02
  3.265600E+00     1     2  0.000000E+00  0.000000E+00
  3.265600E+00     1     3  3.809643E-01  4.300907E-03
  3.265600E+00     1     4  0.000000E+00  0.000000E+00
  3.265600E+00     1     5 -8.187887E+04 -2.555604E+02
  3.265600E+00     1     6  0.000000E+00  0.000000E+00
  3.265600E+00     2     1  0.000000E+00  0.000000E+00
  3.265600E+00     2     2  5.916261E+03  2.028758E+02
  3.265600E+00     2     3  0.000000E+00  0.000000E+00
  3.265600E+00     2     4  8.187440E+04  2.554464E+02
  3.265600E+00     2     5  0.000000E+00  0.000000E+00
  3.265600E+00     2     6 -7.749197E-01  1.750482E-01
  3.265600E+00     3     1 -3.054896E-01 -6.415238E-03
  3.265600E+00     3     2  0.000000E+00  0.000000E+00
  3.265600E+00     3     3  1.453754E+04  8.744646E+00
  3.265600E+00     3     4  0.000000E+00  0.000000E+00
  3.265600E+00     3     5  7.388068E+00  1.759058E-03
  3.265600E+00     3     6  0.000000E+00  0.000000E+00
  3.265600E+00     4     1  0.000000E+00  0.000000E+00
  3.265600E+00     4     2  8.182833E+04  2.008895E+02
  3.265600E+00     4     3  0.000000E+00  0.000000E+00
  3.265600E+00     4     4  7.147914E+06  4.337917E+02
  3.265600E+00     4     5  0.000000E+00  0.000000E+00
  3.265600E+00     4     6  2.059926E+01  1.723422E+00
  3.265600E+00     5     1 -8.183075E+04 -2.007296E+02
  3.265600E+00     5     2  0.000000E+00  0.000000E+00
  3.265600E+00     5     3 -2.720890E+00  1.961385E-02
  3.265600E+00     5     4  0.000000E+00  0.000000E+00
  3.265600E+00     5     5  7.148037E+06  4.335436E+02
  3.265600E+00     5     6  0.000000E+00  0.000000E+00
  3.265600E+00     6     1  0.000000E+00  0.000000E+00
  3.265600E+00     6     2  6.847169E-01  5.031845E-01
  3.265600E+00     6     3  0.000000E+00  0.000000E+00
  3.265600E+00     6     4 -3.699418E+01 -4.416337E-02
  3.265600E+00     6     5  0.000000E+00  0.000000E+00
  3.265600E+00     6     6  4.464411E+06  1.095599E+05
  3.328400E+00     1     1  5.938300E+03  1.190696E+02
  3.328400E+00     1     2  0.000000E+00  0.000000E+00
  3.328400E+00     1     3  3.890887E-01  3.682805E-03
  3.328400E+00     1     4  0.000000E+00  0.000000E+00
  3.328400E+00     1     5 -8.193920E+04 -3.122035E+02
  3.328400E+00     1     6  0.000000E+00  0.000000E+00
  3.328400E+00     2     1  0.000000E+00  0.000000E+00
  3.328400E+00     2     2  5.938187E+03  1.190153E+02
  3.328400E+00     2     3  0.000000E+00  0.000000E+00
  3.328400E+00     2     4  8.193433E+04  3.116230E+02
  3.328400E+00     2     5  0.000000E+00  0.000000E+00
  3.328400E+00     2     6 -7.149542E-01 -1.748545E-01
  3.328400E+00     3     1 -3.174820E-01  8.110406E-04
  3.328400E+00     3     2  0.000000E+00  0.000000E+00
  3.328400E+00     3     3  1.453442E+04  3.785369E+00
  3.328400E+00     3     4  0.000000E+00  0.000000E+00
  3.328400E+00     3     5  7.420452E+00 -3.911910E-03
  3.328400E+00     3     6  0.000000E+00  0.000000E+00
  3.328400E+00     4     1  0.000000E+00  0.000000E+00
  3.328400E+00     4     2  8.199551E+04  2.092647E+02
  3.328400E+00     4     3  0.000000E+00  0.000000E+00
  3.328400E+00     4     4  7.149903E+06  9.446644E+02
  3.328400E+00     4     5  0.000000E+00  0.000000E+00
  3.328400E+00     4     6  1.981045E+01  2.504859E-01
  3.328400E+00     5     1 -8.199824E+04 -2.093137E+02
  3.328400E+00     5     2  0.000000E+00  0.000000E+00
  3.328400E+00     5     3 -2.759560E+00  2.515536E-02
  3.328400E+00     5     4  0.000000E+00  0.000000E+00
  3.328400E+00     5     5  7.150029E+06  9.437632E+02
  3.328400E+00     5     6  0.000000E+00  0.000000E+00
  3.328400E+00     6     1  0.000000E+00  0.000000E+00
  3.328400E+00     6     2  4.733451E-01 -7.443510E-02
  3.328400E+00     6     3  0.000000E+00  0.000000E+00
  3.328400E+00     6     4 -3.860404E+01 -1.085981E+00
  3.328400E+00     6     5  0.000000E+00  0.000000E+00
  3.328400E+00     6     6  4.490110E+06  8.461074E+04
  3.391200E+00     1     1  6.004047E+03  9.375466E+01
  3.391200E+00     1     2  0.000000E+00  0.000000E+00
  3.391200E+00     1     3  3.883393E-01  1.937321E-03
  3.391200E+00     1     4  0.000000E+00  0.000000E+00
  3.391200E+00     1     5 -8.208438E+04 -9.793170E+01
  3.391200E+00     1     6  0.000000E+00  0.000000E+00
  3.391200E+00     2     1  0.000000E+00  0.000000E+00
  3.391200E+00     2     2  6.003912E+03  9.375383E+01
  3.391200E+00     2     3  0.000000E+00  0.000000E+00
  3.391200E+00     2     4  8.207975E+04  9.789998E+01
  3.391200E+00     2     5  0.000000E+00  0.000000E+00
  3.391200E+00     2     6 -6.297413E-01 -4.258344E-02
  3.391200E+00     3     1 -3.200987E-01 -3.673469E-03
  3.391200E+00     3     2  0.000000E+00  0.000000E+00
  3.391200E+00     3     3  1.453903E+04  1.554295E+00
  3.391200E+00     3     4  0.000000E+00  0.000000E+00
  3.391200E+00     3     5  7.438908E+00 -7.319694E-04
  3.391200E+00     3     6  0.000000E+00  0.000000E+00
  3.391200E+00     4     1  0.000000E+00  0.000000E+00
  3.391200E+00     4     2  8.207745E+04  1.309348E+02
  3.391200E+00     4     3  0.000000E+00  0.000000E+00
  3.391200E+00     4     4  7.150625E+06  6.259936E+02
  3.391200E+00     4     5  0.000000E+00  0.000000E+00
  3.391200E+00     4     6  2.078929E+01  1.115287E-01
  3.391200E+00     5     1 -8.207988E+04 -1.309139E+02
  3.391200E+00     5     2  0.000000E+00  0.000000E+00
  3.391200E+00     5     3 -2.753200E+00 -1.785878E-03
  3.391200E+00     5     4  0.000000E+00  0.000000E+00
  3.391200E+00     5     5  7.150748E+06  6.264963E+02
  3.391200E+00     5     6  0.000000E+00  0.000000E+00
  3.391200E+00     6     1  0.000000E+00  0.000000E+00
  3.391200E+00     6     2  7.061966E-01  3.906965E-02
  3.391200E+00     6     3  0.000000E+00  0.000000E+00
  3.391200E+00     6     4 -3.712378E+01 -1.428794E+00
  3.391200E+00     6     5  0.000000E+00  0.000000E+00
  3.391200E+00     6     6  4.509745E+06  8.535553E+04
  3.454000E+00     1     1  6.042836E+03  1.103032E+02
  3.454000E+00     1     2  0.000000E+00  0.000000E+00
  3.454000E+00     1     3  3.890235E-01  4.213984E-03
  3.454000E+00     1     4  0.000000E+00  0.000000E+00
  3.454000E+00     1     5 -8.222524E+04 -1.024294E+02
  3.454000E+00     1     6  0.000000E+00  0.000000E+00
  3.454000E+00     2     1  0.000000E+00  0.000000E+00
  3.454000E+00     2     2  6.042709E+03  1.102953E+02
  3.454000E+00     2     3  0.000000E+00  0.000000E+00
  3.454000E+00     2     4  8.222058E+04  1.023019E+02
  3.454000E+00     2     5  0.000000E+00  0.000000E+00
  3.454000E+00     2     6 -6.358684E-01 -5.907936E-02
  3.454000E+00     3     1 -3.182620E-01 -3.136208E-03
  3.454000E+00     3     2  0.000000E+00  0.000000E+00
  3.454000E+00     3     3  1.454074E+04  2.289159E+00
  3.454000E+00     3     4  0.000000E+00  0.000000E+00
  3.454000E+00     3     5  7.430188E+00  1.542366E-02
  3.454000E+00     3     6  0.000000E+00  0.000000E+00
  3.454000E+00     4     1  0.000000E+00  0.000000E+00
  3.454000E+00     4     2  8.218680E+04  1.173505E+02
  3.454000E+00     4     3  0.000000E+00  0.000000E+00
  3.454000E+00     4     4  7.151791E+06  4.016598E+02
  3.454000E+00     4     5  0.000000E+00  0.000000E+00
  3.454000E+00     4     6  2.099136E+01  3.254333E-01
  3.454000E+00     5     1 -8.218923E+04 -1.173249E+02
  3.454000E+00     5     2  0.000000E+00  0.000000E+00
  3.454000E+00     5     3 -2.749264E+00 -2.361448E-03
  3.454000E+00     5     4  0.000000E+00  0.000000E+00
  3.454000E+00     5     5  7.151915E+06  4.017585E+02
  3.454000E+00     5     6  0.000000E+00  0.000000E+00
  3.454000E+00     6     1  0.000000E+00  0.000000E+00
  3.454000E+00     6     2  7.034650E-01  9.672041E-02
  3.454000E+00     6     3  0.000000E+00  0.000000E+00
  3.454000E+00     6     4 -3.691287E+01 -4.539122E-01
  3.454000E+00     6     5  0.000000E+00  0.000000E+00
  3.454000E+00     6     6  4.519216E+06  8.962428E+04
  3.516800E+00     1     1  6.027405E+03  1.218093E+02
  3.516800E+00     1     2  0.000000E+00  0.000000E+00
  3.516800E+00     1     3  3.880820E-01  3.702464E-03
  3.516800E+00     1     4  0.000000E+00  0.000000E+00
  3.516800E+00     1     5 -8.229835E+04 -4.863355E+01
  3.516800E+00     1     6  0.000000E+00  0.000000E+00
  3.516800E+00     2     1  0.000000E+00  0.000000E+00
  3.516800E+00     2     2  6.027278E+03  1.218138E+02
  3.516800E+00     2     3  0.000000E+00  0.000000E+00
  3.516800E+00     2     4  8.229367E+04  4.857515E+01
  3.516800E+00     2     5  0.000000E+00  0.000000E+00
  3.516800E+00     2     6 -5.570678E-01 -3.504657E-02
  3.516800E+00     3     1 -3.175339E-01 -2.352471E-03
  3.516800E+00     3     2  0.000000E+00  0.000000E+00
  3.516800E+00     3     3  1.454231E+04  2.955827E+00
  3.516800E+00     3     4  0.000000E+00  0.000000E+00
  3.516800E+00     3     5  7.433887E+00  1.196584E-02
  3.516800E+00     3     6  0.000000E+00  0.000000E+00
  3.516800E+00     4     1  0.000000E+00  0.000000E+00
  3.516800E+00     4     2  8.228397E+04  5.917760E+01
  3.516800E+00     4     3  0.000000E+00  0.000000E+00
  3.516800E+00     4     4  7.153166E+06  2.641009E+02
  3.516800E+00     4     5  0.000000E+00  0.000000E+00
  3.516800E+00     4     6  2.069071E+01  1.222957E+00
  3.516800E+00     5     1 -8.228643E+04 -5.911373E+01
  3.516800E+00     5     2  0.000000E+00  0.000000E+00
  3.516800E+00     5     3 -2.746040E+00 -3.445630E-03
  3.516800E+00     5     4  0.000000E+00  0.000000E+00
  3.516800E+00     5     5  7.153289E+06  2.641854E+02
  3.516800E+00     5     6  0.000000E+00  0.000000E+00
  3.516800E+00     6     1  0.000000E+00  0.000000E+00
  3.516800E+00     6     2  3.950147E-01  3.589983E-01
  3.516800E+00     6     3  0.000000E+00  0.000000E+00
  3.516800E+00     6     4 -3.784512E+01 -2.306911E-01
  3.516800E+00     6     5  0.000000E+00  0.000000E+00
  3.516800E+00     6     6  4.515219E+06  8.002228E+04
  3.579600E+00     1     1  6.053233E+03  9.460560E+01
  3.579600E+00     1     2  0.000000E+00  0.000000E+00
  3.579600E+00     1     3  3.893938E-01  3.417050E-03
  3.579600E+00     1     4  0.000000E+00  0.000000E+00
  3.579600E+00     1     5 -8.242473E+04 -6.270258E+01
  3.579600E+00     1     6  0.000000E+00  0.000000E+00
  3.579600E+00     2     1  0.000000E+00  0.000000E+00
  3.579600E+00     2     2  6.053101E+03  9.460472E+01
  3.579600E+00     2     3  0.000000E+00  0.000000E+00
  3.579600E+00     2     4  8.242004E+04  6.259795E+01
  3.579600E+00     2     5  0.000000E+00  0.000000E+00
  3.579600E+00     2     6 -6.197731E-01 -1.343442E-02
  3.579600E+00     3     1 -3.188884E-01 -3.054226E-03
  3.579600E+00     3     2  0.000000E+00  0.000000E+00
  3.579600E+00     3     3  1.454237E+04  2.222318E+00
  3.579600E+00     3     4  0.000000E+00  0.000000E+00
  3.579600E+00     3     5  7.425074E+00  1.883131E-02
  3.579600E+00     3     6  0.000000E+00  0.000000E+00
  3.579600E+00     4     1  0.000000E+00  0.000000E+00
  3.579600E+00     4     2  8.238982E+04  8.186607E+01
  3.579600E+00     4     3  0.000000E+00  0.000000E+00
  3.579600E+00     4     4  7.154216E+06  2.815355E+02
  3.579600E+00     4     5  0.000000E+00  0.000000E+00
  3.579600E+00     4     6  2.047549E+01  3.504668E-01
  3.579600E+00     5     1 -8.239227E+04 -8.182563E+01
  3.579600E+00     5     2  0.000000E+00  0.000000E+00
  3.579600E+00     5     3 -2.749227E+00  3.117945E-03
  3.579600E+00     5     4  0.000000E+00  0.000000E+00
  3.579600E+00     5     5  7.154339E+06  2.816275E+02
  3.579600E+00     5     6  0.000000E+00  0.000000E+00
  3.579600E+00     6     1  0.000000E+00  0.000000E+00
  3.579600E+00     6     2  5.120191E-01  1.002887E-01
  3.579600E+00     6     3  0.000000E+00  0.000000E+00
  3.579600E+00     6     4 -3.792306E+01 -4.071509E-01
  3.579600E+00     6     5  0.000000E+00  0.000000E+00
  3.579600E+00     6     6  4.534431E+06  7.083257E+04
  3.642400E+00     1     1  6.086406E+03  1.054303E+02
  3.642400E+00     1     2  0.000000E+00  0.000000E+00
  3.642400E+00     1     3  3.904580E-01  4.497799E-03
  3.642400E+00     1     4  0.000000E+00  0.000000E+00
  3.642400E+00     1     5 -8.248970E+04 -7.772905E+01
  3.642400E+00     1     6  0.000000E+00  0.000000E+00
  3.642400E+00     2     1  0.000000E+00  0.000000E+00
  3.642400E+00     2     2  6.086293E+03  1.054323E+02
  3.642400E+00     2     3  0.000000E+00  0.000000E+00
  3.642400E+00     2     4  8.248509E+04  7.766562E+01
  3.642400E+00     2     5  0.000000E+00  0.000000E+00
  3.642400E+00     2     6 -6.244475E-01 -3.672721E-02
  3.642400E+00     3     1 -3.157675E-01 -2.481300E-03
  3.642400E+00     3     2  0.000000E+00  0.000000E+00
  3.642400E+00     3     3  1.454374E+04  3.644098E+00
  3.642400E+00     3     4  0.000000E+00  0.000000E+00
  3.642400E+00     3     5  7.419201E+00  6.775833E-03
  3.642400E+00     3     6  0.000000E+00  0.000000E+00
  3.642400E+00     4     1  0.000000E+00  0.000000E+00
  3.642400E+00     4     2  8.245250E+04  9.574869E+01
  3.642400E+00     4     3  0.000000E+00  0.000000E+00
  3.642400E+00     4     4  7.155173E+06  2.346265E+02
  3.642400E+00     4     5  0.000000E+00  0.000000E+00
  3.642400E+00     4     6  2.070384E+01  2.464896E-01
  3.642400E+00     5     1 -8.245497E+04 -9.573237E+01
  3.642400E+00     5     2  0.000000E+00  0.000000E+00
  3.642400E+00     5     3 -2.747981E+00  2.322964E-03
  3.642400E+00     5     4  0.000000E+00  0.000000E+00
  3.642400E+00     5     5  7.155296E+06  2.347108E+02
  3.642400E+00     5     6  0.000000E+00  0.000000E+00
  3.642400E+00     6     1  0.000000E+00  0.000000E+00
  3.642400E+00     6     2  6.277010E-01  1.488314E-01
  3.642400E+00     6     3  0.000000E+00  0.000000E+00
  3.642400E+00     6     4 -3.811130E+01 -5.047915E-01
  3.642400E+00     6     5  0.000000E+00  0.000000E+00
  3.642400E+00     6     6  4.545637E+06  7.067111E+04
  3.705200E+00     1     1  6.109449E+03  1.480837E+02
  3.705200E+00     1     2  0.000000E+00  0.000000E+00
  3.705200E+00     1     3  3.932831E-01  9.006595E-03
  3.705200E+00     1     4  0.000000E+00  0.000000E+00
  3.705200E+00     1     5 -8.244735E+04 -1.011731E+02
  3.705200E+00     1     6  0.000000E+00  0.000000E+00
  3.705200E+00     2     1  0.000000E+00  0.000000E+00
  3.705200E+00     2     2  6.109354E+03  1.481877E+02
  3.705200E+00     2     3  0.000000E+00  0.000000E+00
  3.705200E+00     2     4  8.244267E+04  1.011275E+02
  3.705200E+00     2     5  0.000000E+00  0.000000E+00
  3.705200E+00     2     6 -6.316251E-01 -1.409037E-01
  3.705200E+00     3     1 -3.165879E-01 -1.280160E-03
  3.705200E+00     3     2  0.000000E+00  0.000000E+00
  3.705200E+00     3     3  1.454398E+04  3.419279E+00
  3.705200E+00     3     4  0.000000E+00  0.000000E+00
  3.705200E+00     3     5  7.434948E+00  1.749135E-03
  3.705200E+00     3     6  0.000000E+00  0.000000E+00
  3.705200E+00     4     1  0.000000E+00  0.000000E+00
  3.705200E+00     4     2  8.244416E+04  1.266010E+02
  3.705200E+00     4     3  0.000000E+00  0.000000E+00
  3.705200E+00     4     4  7.156037E+06  1.548378E+02
  3.705200E+00     4     5  0.000000E+00  0.000000E+00
  3.705200E+00     4     6  2.134300E+01  2.037207E-02
  3.705200E+00     5     1 -8.244656E+04 -1.266970E+02
  3.705200E+00     5     2  0.000000E+00  0.000000E+00
  3.705200E+00     5     3 -2.742271E+00  1.217171E-04
  3.705200E+00     5     4  0.000000E+00  0.000000E+00
  3.705200E+00     5     5  7.156161E+06  1.546704E+02
  3.705200E+00     5     6  0.000000E+00  0.000000E+00
  3.705200E+00     6     1  0.000000E+00  0.000000E+00
  3.705200E+00     6     2  9.419495E-01  3.824596E-01
  3.705200E+00     6     3  0.000000E+00  0.000000E+00
  3.705200E+00     6     4 -3.826429E+01 -6.185674E-01
  3.705200E+00     6     5  0.000000E+00  0.000000E+00
  3.705200E+00     6     6  4.548135E+06  7.284486E+04
  3.768000E+00     1     1  6.017848E+03  9.064846E+01
  3.768000E+00     1     2  0.000000E+00  0.000000E+00
  3.768000E+00     1     3  3.802418E-01  7.240528E-03
  3.768000E+00     1     4  0.000000E+00  0.000000E+00
  3.768000E+00     1     5 -8.272457E+04  2.836397E+01
  3.768000E+00     1     6  0.000000E+00  0.000000E+00
  3.768000E+00     2     1  0.000000E+00  0.000000E+00
  3.768000E+00     2     2  6.017717E+03  9.066611E+01
  3.768000E+00     2     3  0.000000E+00  0.000000E+00
  3.768000E+00     2     4  8.271994E+04 -2.846042E+01
  3.768000E+00     2     5  0.000000E+00  0.000000E+00
  3.768000E+00     2     6 -5.484574E-01  1.453352E-01
  3.768000E+00     3     1 -3.210200E-01  5.278072E-03
  3.768000E+00     3     2  0.000000E+00  0.000000E+00
  3.768000E+00     3     3  1.454459E+04  5.591739E+00
  3.768000E+00     3     4  0.000000E+00  0.000000E+00
  3.768000E+00     3     5  7.402644E+00  1.389703E-02
  3.768000E+00     3     6  0.000000E+00  0.000000E+00
  3.768000E+00     4     1  0.000000E+00  0.000000E+00
  3.768000E+00     4     2  8.268298E+04 -3.473523E+01
  3.768000E+00     4     3  0.000000E+00  0.000000E+00
  3.768000E+00     4     4  7.156693E+06  5.415531E+02
  3.768000E+00     4     5  0.000000E+00  0.000000E+00
  3.768000E+00     4     6  2.040343E+01  8.025308E-01
  3.768000E+00     5     1 -8.268559E+04  3.486585E+01
  3.768000E+00     5     2  0.000000E+00  0.000000E+00
  3.768000E+00     5     3 -2.765742E+00  1.880120E-02
  3.768000E+00     5     4  0.000000E+00  0.000000E+00
  3.768000E+00     5     5  7.156816E+06  5.421398E+02
  3.768000E+00     5     6  0.000000E+00  0.000000E+00
  3.768000E+00     6     1  0.000000E+00  0.000000E+00
  3.768000E+00     6     2  5.707718E-03  1.785543E-01
  3.768000E+00     6     3  0.000000E+00  0.000000E+00
  3.768000E+00     6     4 -3.672310E+01 -9.753701E-01
  3.768000E+00     6     5  0.000000E+00  0.000000E+00
  3.768000E+00     6     6  4.555005E+06  6.117304E+04
  3.830800E+00     1     1  6.064880E+03  8.166819E+01
  3.830800E+00     1     2  0.000000E+00  0.000000E+00
  3.830800E+00     1     3  3.862642E-01  3.373167E-03
  3.830800E+00     1     4  0.000000E+00  0.000000E+00
  3.830800E+00     1     5 -8.274670E+04 -2.762951E+01
  3.830800E+00     1     6  0.000000E+00  0.000000E+00
  3.830800E+00     2     1  0.000000E+00  0.000000E+00
  3.830800E+00     2     2  6.064749E+03  8.167150E+01
  3.830800E+00     2     3  0.000000E+00  0.000000E+00
  3.830800E+00     2     4  8.274216E+04  2.757784E+01
  3.830800E+00     2     5  0.000000E+00  0.000000E+00
  3.830800E+00     2     6 -6.543708E-01  3.666370E-02
  3.830800E+00     3     1 -3.187041E-01  1.098726E-03
  3.830800E+00     3     2  0.000000E+00  0.000000E+00
  3.830800E+00     3     3  1.454515E+04  3.870198E+00
  3.830800E+00     3     4  0.000000E+00  0.000000E+00
  3.830800E+00     3     5  7.420604E+00  2.312798E-02
  3.830800E+00     3     6  0.000000E+00  0.000000E+00
  3.830800E+00     4     1  0.000000E+00  0.000000E+00
  3.830800E+00     4     2  8.272434E+04  2.702760E+01
  3.830800E+00     4     3  0.000000E+00  0.000000E+00
  3.830800E+00     4     4  7.157424E+06  2.984876E+02
  3.830800E+00     4     5  0.000000E+00  0.000000E+00
  3.830800E+00     4     6  2.033230E+01  5.214744E-01
  3.830800E+00     5     1 -8.272687E+04 -2.696720E+01
  3.830800E+00     5     2  0.000000E+00  0.000000E+00
  3.830800E+00     5     3 -2.745761E+00  1.988574E-03
  3.830800E+00     5     4  0.000000E+00  0.000000E+00
  3.830800E+00     5     5  7.157546E+06  2.986480E+02
  3.830800E+00     5     6  0.000000E+00  0.000000E+00
  3.830800E+00     6     1  0.000000E+00  0.000000E+00
  3.830800E+00     6     2  2.287508E-01  1.465061E-01
  3.830800E+00     6     3  0.000000E+00  0.000000E+00
  3.830800E+00     6     4 -3.743991E+01 -2.803292E-01
  3.830800E+00     6     5  0.000000E+00  0.000000E+00
  3.830800E+00     6     6  4.563522E+06  6.000514E+04
  3.893600E+00     1     1  6.061045E+03  1.003263E+02
  3.893600E+00     1     2  0.000000E+00  0.000000E+00
  3.893600E+00     1     3  3.854418E-01  5.867785E-03
  3.893600E+00     1     4  0.000000E+00  0.000000E+00
  3.893600E+00     1     5 -8.284785E+04 -5.907096E+01
  3.893600E+00     1     6  0.000000E+00  0.000000E+00
  3.893600E+00     2     1  0.000000E+00  0.000000E+00
  3.893600E+00     2     2  6.060906E+03  1.003516E+02
  3.893600E+00     2     3  0.000000E+00  0.000000E+00
  3.893600E+00     2     4  8.284330E+04  5.895825E+01
  3.893600E+00     2     5  0.000000E+00  0.000000E+00
  3.893600E+00     2     6 -6.790117E-01 -1.615482E-02
  3.893600E+00     3     1 -3.250066E-01  7.515573E-03
  3.893600E+00     3     2  0.000000E+00  0.000000E+00
  3.893600E+00     3     3  1.454460E+04  4.625805E+00
  3.893600E+00     3     4  0.000000E+00  0.000000E+00
  3.893600E+00     3     5  7.395076E+00  1.379002E-02
  3.893600E+00     3     6  0.000000E+00  0.000000E+00
  3.893600E+00     4     1  0.000000E+00  0.000000E+00
  3.893600E+00     4     2  8.283589E+04  1.261898E+01
  3.893600E+00     4     3  0.000000E+00  0.000000E+00
  3.893600E+00     4     4  7.158023E+06  2.426034E+02
  3.893600E+00     4     5  0.000000E+00  0.000000E+00
  3.893600E+00     4     6  2.051841E+01 -6.721921E-02
  3.893600E+00     5     1 -8.283846E+04 -1.263220E+01
  3.893600E+00     5     2  0.000000E+00  0.000000E+00
  3.893600E+00     5     3 -2.752224E+00  1.359364E-02
  3.893600E+00     5     4  0.000000E+00  0.000000E+00
  3.893600E+00     5     5  7.158146E+06  2.424276E+02
  3.893600E+00     5     6  0.000000E+00  0.000000E+00
  3.893600E+00     6     1  0.000000E+00  0.000000E+00
  3.893600E+00     6     2  2.756499E-02  1.177678E-01
  3.893600E+00     6     3  0.000000E+00  0.000000E+00
  3.893600E+00     6     4 -3.745262E+01 -1.051652E-01
  3.893600E+00     6     5  0.000000E+00  0.000000E+00
  3.893600E+00     6     6  4.568115E+06  6.403585E+04
  3.956400E+00     1     1  6.083655E+03  7.231492E+01
  3.956400E+00     1     2  0.000000E+00  0.000000E+00
  3.956400E+00     1     3  3.840445E-01  3.251751E-03
  3.956400E+00     1     4  0.000000E+00  0.000000E+00
  3.956400E+00     1     5 -8.278419E+04 -1.066313E+02
  3.956400E+00     1     6  0.000000E+00  0.000000E+00
  3.956400E+00     2     1  0.000000E+00  0.000000E+00
  3.956400E+00     2     2  6.083522E+03  7.230390E+01
  3.956400E+00     2     3  0.000000E+00  0.000000E+00
  3.956400E+00     2     4  8.277969E+04  1.064738E+02
  3.956400E+00     2     5  0.000000E+00  0.000000E+00
  3.956400E+00     2     6 -5.637572E-01  5.706200E-02
  3.956400E+00     3     1 -3.214594E-01 -2.085105E-03
  3.956400E+00     3     2  0.000000E+00  0.000000E+00
  3.956400E+00     3     3  1.454179E+04  4.160935E+00
  3.956400E+00     3     4  0.000000E+00  0.000000E+00
  3.956400E+00     3     5  7.396741E+00  8.428586E-03
  3.956400E+00     3     6  0.000000E+00  0.000000E+00
  3.956400E+00     4     1  0.000000E+00  0.000000E+00
  3.956400E+00     4     2  8.282577E+04  9.394866E+01
  3.956400E+00     4     3  0.000000E+00  0.000000E+00
  3.956400E+00     4     4  7.158914E+06  3.964545E+02
  3.956400E+00     4     5  0.000000E+00  0.000000E+00
  3.956400E+00     4     6  2.117601E+01  7.395392E-01
  3.956400E+00     5     1 -8.282827E+04 -9.389435E+01
  3.956400E+00     5     2  0.000000E+00  0.000000E+00
  3.956400E+00     5     3 -2.765860E+00  1.467905E-02
  3.956400E+00     5     4  0.000000E+00  0.000000E+00
  3.956400E+00     5     5  7.159038E+06  3.963265E+02
  3.956400E+00     5     6  0.000000E+00  0.000000E+00
  3.956400E+00     6     1  0.000000E+00  0.000000E+00
  3.956400E+00     6     2  3.427767E-01  4.382974E-02
  3.956400E+00     6     3  0.000000E+00  0.000000E+00
  3.956400E+00     6     4 -3.805526E+01 -1.002556E+00
  3.956400E+00     6     5  0.000000E+00  0.000000E+00
  3.956400E+00     6     6  4.570585E+06  5.384392E+04
  4.019200E+00     1     1  6.105286E+03  7.435086E+01
  4.019200E+00     1     2  0.000000E+00  0.000000E+00
  4.019200E+00     1     3  3.862744E-01  1.563627E-03
  4.019200E+00     1     4  0.000000E+00  0.000000E+00
  4.019200E+00     1     5 -8.286803E+04 -1.508697E+01
  4.019200E+00     1     6  0.000000E+00  0.000000E+00
  4.019200E+00     2     1  0.000000E+00  0.000000E+00
  4.019200E+00     2     2  6.105157E+03  7.433585E+01
  4.019200E+00     2     3  0.000000E+00  0.000000E+00
  4.019200E+00     2     4  8.286348E+04  1.504841E+01
  4.019200E+00     2     5  0.000000E+00  0.000000E+00
  4.019200E+00     2     6 -6.262502E-01  6.117138E-02
  4.019200E+00     3     1 -3.202730E-01 -3.502594E-03
  4.019200E+00     3     2  0.000000E+00  0.000000E+00
  4.019200E+00     3     3  1.454496E+04  7.929867E-01
  4.019200E+00     3     4  0.000000E+00  0.000000E+00
  4.019200E+00     3     5  7.401494E+00 -1.477291E-03
  4.019200E+00     3     6  0.000000E+00  0.000000E+00
  4.019200E+00     4     1  0.000000E+00  0.000000E+00
  4.019200E+00     4     2  8.285717E+04  4.428674E+01
  4.019200E+00     4     3  0.000000E+00  0.000000E+00
  4.019200E+00     4     4  7.159310E+06  2.673553E+02
  4.019200E+00     4     5  0.000000E+00  0.000000E+00
  4.019200E+00     4     6  2.066286E+01  7.445901E-01
  4.019200E+00     5     1 -8.285967E+04 -4.419186E+01
  4.019200E+00     5     2  0.000000E+00  0.000000E+00
  4.019200E+00     5     3 -2.760565E+00  1.421796E-03
  4.019200E+00     5     4  0.000000E+00  0.000000E+00
  4.019200E+00     5     5  7.159433E+06  2.676753E+02
  4.019200E+00     5     6  0.000000E+00  0.000000E+00
  4.019200E+00     6     1  0.000000E+00  0.000000E+00
  4.019200E+00     6     2  2.747043E-01  1.930228E-01
  4.019200E+00     6     3  0.000000E+00  0.000000E+00
  4.019200E+00     6     4 -3.724942E+01 -7.418440E-01
  4.019200E+00     6     5  0.000000E+00  0.000000E+00
  4.019200E+00     6     6  4.579902E+06  5.410055E+04
  4.082000E+00     1     1  6.113403E+03  1.039183E+02
  4.082000E+00     1     2  0.000000E+00  0.000000E+00
  4.082000E+00     1     3  3.892357E-01  3.811383E-03
  4.082000E+00     1     4  0.000000E+00  0.000000E+00
  4.082000E+00     1     5 -8.299336E+04 -1.172418E+02
  4.082000E+00     1     6  0.000000E+00  0.000000E+00
  4.082000E+00     2     1  0.000000E+00  0.000000E+00
  4.082000E+00     2     2  6.113267E+03  1.039117E+02
  4.082000E+00     2     3  0.000000E+00  0.000000E+00
  4.082000E+00     2     4  8.298879E+04  1.170444E+02
  4.082000E+00     2     5  0.000000E+00  0.000000E+00
  4.082000E+00     2     6 -6.701158E-01  2.867227E-03
  4.082000E+00     3     1 -3.192530E-01  2.292172E-04
  4.082000E+00     3     2  0.000000E+00  0.000000E+00
  4.082000E+00     3     3  1.454837E+04  2.714236E+00
  4.082000E+00     3     4  0.000000E+00  0.000000E+00
  4.082000E+00     3     5  7.394806E+00  2.238707E-02
  4.082000E+00     3     6  0.000000E+00  0.000000E+00
  4.082000E+00     4     1  0.000000E+00  0.000000E+00
  4.082000E+00     4     2  8.296395E+04  7.466469E+01
  4.082000E+00     4     3  0.000000E+00  0.000000E+00
  4.082000E+00     4     4  7.159768E+06  2.964972E+02
  4.082000E+00     4     5  0.000000E+00  0.000000E+00
  4.082000E+00     4     6  2.026539E+01  6.651094E-01
  4.082000E+00     5     1 -8.296652E+04 -7.467415E+01
  4.082000E+00     5     2  0.000000E+00  0.000000E+00
  4.082000E+00     5     3 -2.746782E+00  4.307824E-03
  4.082000E+00     5     4  0.000000E+00  0.000000E+00
  4.082000E+00     5     5  7.159891E+06  2.965090E+02
  4.082000E+00     5     6  0.000000E+00  0.000000E+00
  4.082000E+00     6     1  0.000000E+00  0.000000E+00
  4.082000E+00     6     2  1.832170E-01 -4.759720E-02
  4.082000E+00     6     3  0.000000E+00  0.000000E+00
  4.082000E+00     6     4 -3.781946E+01  5.817392E-02
  4.082000E+00     6     5  0.000000E+00  0.000000E+00
  4.082000E+00     6     6  4.585307E+06  5.936795E+04
  4.144800E+00     1     1  6.082272E+03  6.174480E+01
  4.144800E+00     1     2  0.000000E+00  0.000000E+00
  4.144800E+00     1     3  3.870610E-01  2.053296E-03
  4.144800E+00     1     4  0.000000E+00  0.000000E+00
  4.144800E+00     1     5 -8.280927E+04 -1.241315E+02
  4.144800E+00     1     6  0.000000E+00  0.000000E+00
  4.144800E+00     2     1  0.000000E+00  0.000000E+00
  4.144800E+00     2     2  6.082147E+03  6.173087E+01
  4.144800E+00     2     3  0.000000E+00  0.000000E+00
  4.144800E+00     2     4  8.280480E+04  1.239992E+02
  4.144800E+00     2     5  0.000000E+00  0.000000E+00
  4.144800E+00     2     6 -5.379314E-01 -1.458574E-02
  4.144800E+00     3     1 -3.194926E-01 -3.142048E-03
  4.144800E+00     3     2  0.000000E+00  0.000000E+00
  4.144800E+00     3     3  1.454508E+04  2.690301E+00
  4.144800E+00     3     4  0.000000E+00  0.000000E+00
  4.144800E+00     3     5  7.388571E+00  2.129565E-02
  4.144800E+00     3     6  0.000000E+00  0.000000E+00
  4.144800E+00     4     1  0.000000E+00  0.000000E+00
  4.144800E+00     4     2  8.291777E+04  1.227414E+02
  4.144800E+00     4     3  0.000000E+00  0.000000E+00
  4.144800E+00     4     4  7.160376E+06  4.754198E+02
  4.144800E+00     4     5  0.000000E+00  0.000000E+00
  4.144800E+00     4     6  2.150950E+01  1.164877E-02
  4.144800E+00     5     1 -8.292025E+04 -1.227495E+02
  4.144800E+00     5     2  0.000000E+00  0.000000E+00
  4.144800E+00     5     3 -2.756470E+00  7.364865E-03
  4.144800E+00     5     4  0.000000E+00  0.000000E+00
  4.144800E+00     5     5  7.160499E+06  4.757420E+02
  4.144800E+00     5     6  0.000000E+00  0.000000E+00
  4.144800E+00     6     1  0.000000E+00  0.000000E+00
  4.144800E+00     6     2  5.079857E-01 -1.061457E-01
  4.144800E+00     6     3  0.000000E+00  0.000000E+00
  4.144800E+00     6     4 -3.763986E+01 -9.815817E-01
  4.144800E+00     6     5  0.000000E+00  0.000000E+00
  4.144800E+00     6     6  4.585067E+06  4.727143E+04
  4.207600E+00     1     1  6.122317E+03  5.950528E+01
  4.207600E+00     1     2  0.000000E+00  0.000000E+00
  4.207600E+00     1     3  3.876774E-01  4.432318E-03
  4.207600E+00     1     4  0.000000E+00  0.000000E+00
  4.207600E+00     1     5 -8.292617E+04 -5.084735E+01
  4.207600E+00     1     6  0.000000E+00  0.000000E+00
  4.207600E+00     2     1  0.000000E+00  0.000000E+00
  4.207600E+00     2     2  6.122180E+03  5.949733E+01
  4.207600E+00     2     3  0.000000E+00  0.000000E+00
  4.207600E+00     2     4  8.292161E+04  5.078684E+01
  4.207600E+00     2     5  0.000000E+00  0.000000E+00
  4.207600E+00     2     6 -6.139618E-01  4.134251E-03
  4.207600E+00     3     1 -3.209507E-01 -2.608256E-03
  4.207600E+00     3     2  0.000000E+00  0.000000E+00
  4.207600E+00     3     3  1.454794E+04  2.496444E+00
  4.207600E+00     3     4  0.000000E+00  0.000000E+00
  4.207600E+00     3     5  7.396434E+00 -8.301798E-04
  4.207600E+00     3     6  0.000000E+00  0.000000E+00
  4.207600E+00     4     1  0.000000E+00  0.000000E+00
  4.207600E+00     4     2  8.296963E+04  7.337892E+01
  4.207600E+00     4     3  0.000000E+00  0.000000E+00
  4.207600E+00     4     4  7.160880E+06  2.448826E+02
  4.207600E+00     4     5  0.000000E+00  0.000000E+00
  4.207600E+00     4     6  2.062030E+01  7.283929E-01
  4.207600E+00     5     1 -8.297211E+04 -7.336153E+01
  4.207600E+00     5     2  0.000000E+00  0.000000E+00
  4.207600E+00     5     3 -2.756181E+00  9.247869E-03
  4.207600E+00     5     4  0.000000E+00  0.000000E+00
  4.207600E+00     5     5  7.161004E+06  2.452523E+02
  4.207600E+00     5     6  0.000000E+00  0.000000E+00
  4.207600E+00     6     1  0.000000E+00  0.000000E+00
  4.207600E+00     6     2  3.973219E-01  5.966029E-02
  4.207600E+00     6     3  0.000000E+00  0.000000E+00
  4.207600E+00     6     4 -3.767855E+01 -8.717812E-01
  4.207600E+00     6     5  0.000000E+00  0.000000E+00
  4.207600E+00     6     6  4.595643E+06  4.872587E+04
  4.270400E+00     1     1  6.136005E+03  7.814133E+01
  4.270400E+00     1     2  0.000000E+00  0.000000E+00
  4.270400E+00     1     3  3.874460E-01  2.674565E-03
  4.270400E+00     1     4  0.000000E+00  0.000000E+00
  4.270400E+00     1     5 -8.296359E+04 -8.355549E+01
  4.270400E+00     1     6  0.000000E+00  0.000000E+00
  4.270400E+00     2     1  0.000000E+00  0.000000E+00
  4.270400E+00     2     2  6.135875E+03  7.812147E+01
  4.270400E+00     2     3  0.000000E+00  0.000000E+00
  4.270400E+00     2     4  8.295906E+04  8.344893E+01
  4.270400E+00     2     5  0.000000E+00  0.000000E+00
  4.270400E+00     2     6 -6.211416E-01  1.307509E-02
  4.270400E+00     3     1 -3.191676E-01 -6.501964E-03
  4.270400E+00     3     2  0.000000E+00  0.000000E+00
  4.270400E+00     3     3  1.454801E+04  2.295094E+00
  4.270400E+00     3     4  0.000000E+00  0.000000E+00
  4.270400E+00     3     5  7.403329E+00  2.187898E-02
  4.270400E+00     3     6  0.000000E+00  0.000000E+00
  4.270400E+00     4     1  0.000000E+00  0.000000E+00
  4.270400E+00     4     2  8.301197E+04  7.942444E+01
  4.270400E+00     4     3  0.000000E+00  0.000000E+00
  4.270400E+00     4     4  7.161443E+06  2.800634E+02
  4.270400E+00     4     5  0.000000E+00  0.000000E+00
  4.270400E+00     4     6  2.060109E+01  6.596648E-01
  4.270400E+00     5     1 -8.301444E+04 -7.940531E+01
  4.270400E+00     5     2  0.000000E+00  0.000000E+00
  4.270400E+00     5     3 -2.758392E+00  1.038416E-02
  4.270400E+00     5     4  0.000000E+00  0.000000E+00
  4.270400E+00     5     5  7.161566E+06  2.802903E+02
  4.270400E+00     5     6  0.000000E+00  0.000000E+00
  4.270400E+00     6     1  0.000000E+00  0.000000E+00
  4.270400E+00     6     2  3.421864E-01  3.041466E-02
  4.270400E+00     6     3  0.000000E+00  0.000000E+00
  4.270400E+00     6     4 -3.768663E+01 -4.178782E-01
  4.270400E+00     6     5  0.000000E+00  0.000000E+00
  4.270400E+00     6     6  4.602784E+06  5.069697E+04
  4.333200E+00     1     1  6.124692E+03  6.294210E+01
  4.333200E+00     1     2  0.000000E+00  0.000000E+00
  4.333200E+00     1     3  3.904805E-01  4.346955E-03
  4.333200E+00     1     4  0.000000E+00  0.000000E+00
  4.333200E+00     1     5 -8.295750E+04 -2.399763E+01
  4.333200E+00     1     6  0.000000E+00  0.000000E+00
  4.333200E+00     2     1  0.000000E+00  0.000000E+00
  4.333200E+00     2     2  6.124563E+03  6.293931E+01
  4.333200E+00     2     3  0.000000E+00  0.000000E+00
  4.333200E+00     2     4  8.295297E+04  2.398698E+01
  4.333200E+00     2     5  0.000000E+00  0.000000E+00
  4.333200E+00     2     6 -6.203100E-01 -5.181693E-03
  4.333200E+00     3     1 -3.179531E-01 -8.524945E-04
  4.333200E+00     3     2  0.000000E+00  0.000000E+00
  4.333200E+00     3     3  1.455036E+04  9.766408E-01
  4.333200E+00     3     4  0.000000E+00  0.000000E+00
  4.333200E+00     3     5  7.400499E+00  9.919560E-04
  4.333200E+00     3     6  0.000000E+00  0.000000E+00
  4.333200E+00     4     1  0.000000E+00  0.000000E+00
  4.333200E+00     4     2  8.301529E+04  5.976572E+01
  4.333200E+00     4     3  0.000000E+00  0.000000E+00
  4.333200E+00     4     4  7.161907E+06  3.349177E+02
  4.333200E+00     4     5  0.000000E+00  0.000000E+00
  4.333200E+00     4     6  2.046279E+01 -2.369978E-01
  4.333200E+00     5     1 -8.301774E+04 -5.972797E+01
  4.333200E+00     5     2  0.000000E+00  0.000000E+00
  4.333200E+00     5     3 -2.754175E+00  3.710037E-03
  4.333200E+00     5     4  0.000000E+00  0.000000E+00
  4.333200E+00     5     5  7.162030E+06  3.352981E+02
  4.333200E+00     5     6  0.000000E+00  0.000000E+00
  4.333200E+00     6     1  0.000000E+00  0.000000E+00
  4.333200E+00     6     2  5.021320E-01  6.698617E-02
  4.333200E+00     6     3  0.000000E+00  0.000000E+00
  4.333200E+00     6     4 -3.803099E+01 -1.248345E+00
  4.333200E+00     6     5  0.000000E+00  0.000000E+00
  4.333200E+00     6     6  4.597299E+06  4.182749E+04
  4.396000E+00     1     1  6.137998E+03  5.190137E+01
  4.396000E+00     1     2  0.000000E+00  0.000000E+00
  4.396000E+00     1     3  3.882094E-01  2.599557E-03
  4.396000E+00     1     4  0.000000E+00  0.000000E+00
  4.396000E+00     1     5 -8.304817E+04 -3.516338E+01
  4.396000E+00     1     6  0.000000E+00  0.000000E+00
  4.396000E+00     2     1  0.000000E+00  0.000000E+00
  4.396000E+00     2     2  6.137870E+03  5.190782E+01
  4.396000E+00     2     3  0.000000E+00  0.000000E+00
  4.396000E+00     2     4  8.304360E+04  3.504199E+01
  4.396000E+00     2     5  0.000000E+00  0.000000E+00
  4.396000E+00     2     6 -5.974470E-01  2.682027E-03
  4.396000E+00     3     1 -3.193098E-01  2.776182E-03
  4.396000E+00     3     2  0.000000E+00  0.000000E+00
  4.396000E+00     3     3  1.455021E+04  1.871729E+00
  4.396000E+00     3     4  0.000000E+00  0.000000E+00
  4.396000E+00     3     5  7.422009E+00  1.675974E-02
  4.396000E+00     3     6  0.000000E+00  0.000000E+00
  4.396000E+00     4     1  0.000000E+00  0.000000E+00
  4.396000E+00     4     2  8.309970E+04  3.408959E+01
  4.396000E+00     4     3  0.000000E+00  0.000000E+00
  4.396000E+00     4     4  7.162288E+06  5.647999E+02
  4.396000E+00     4     5  0.000000E+00  0.000000E+00
  4.396000E+00     4     6  2.076394E+01  6.264141E-01
  4.396000E+00     5     1 -8.310220E+04 -3.409257E+01
  4.396000E+00     5     2  0.000000E+00  0.000000E+00
  4.396000E+00     5     3 -2.755675E+00  2.252885E-04
  4.396000E+00     5     4  0.000000E+00  0.000000E+00
  4.396000E+00     5     5  7.162411E+06  5.651790E+02
  4.396000E+00     5     6  0.000000E+00  0.000000E+00
  4.396000E+00     6     1  0.000000E+00  0.000000E+00
  4.396000E+00     6     2  2.806290E-01 -4.487884E-02
  4.396000E+00     6     3  0.000000E+00  0.000000E+00
  4.396000E+00     6     4 -3.652648E+01 -9.158357E-01
  4.396000E+00     6     5  0.000000E+00  0.000000E+00
  4.396000E+00     6     6  4.607915E+06  4.021403E+04
  4.458800E+00     1     1  6.149545E+03  8.659176E+01
  4.458800E+00     1     2  0.000000E+00  0.000000E+00
  4.458800E+00     1     3  3.862952E-01  4.683786E-03
  4.458800E+00     1     4  0.000000E+00  0.000000E+00
  4.458800E+00     1     5 -8.296648E+04 -6.246182E+01
  4.458800E+00     1     6  0.000000E+00  0.000000E+00
  4.458800E+00     2     1  0.000000E+00  0.000000E+00
  4.458800E+00     2     2  6.149433E+03  8.657677E+01
  4.458800E+00     2     3  0.000000E+00  0.000000E+00
  4.458800E+00     2     4  8.296212E+04  6.250204E+01
  4.458800E+00     2     5  0.000000E+00  0.000000E+00
  4.458800E+00     2     6 -6.124315E-01  5.337365E-02
  4.458800E+00     3     1 -3.156354E-01 -5.401648E-03
  4.458800E+00     3     2  0.000000E+00  0.000000E+00
  4.458800E+00     3     3  1.454853E+04  4.238730E+00
  4.458800E+00     3     4  0.000000E+00  0.000000E+00
  4.458800E+00     3     5  7.375183E+00  8.592496E-03
  4.458800E+00     3     6  0.000000E+00  0.000000E+00
  4.458800E+00     4     1  0.000000E+00  0.000000E+00
  4.458800E+00     4     2  8.306206E+04  1.139676E+02
  4.458800E+00     4     3  0.000000E+00  0.000000E+00
  4.458800E+00     4     4  7.162348E+06  2.758859E+02
  4.458800E+00     4     5  0.000000E+00  0.000000E+00
  4.458800E+00     4     6  2.093842E+01  8.456065E-01
  4.458800E+00     5     1 -8.306450E+04 -1.139209E+02
  4.458800E+00     5     2  0.000000E+00  0.000000E+00
  4.458800E+00     5     3 -2.763952E+00  1.025333E-02
  4.458800E+00     5     4  0.000000E+00  0.000000E+00
  4.458800E+00     5     5  7.162471E+06  2.757398E+02
  4.458800E+00     5     6  0.000000E+00  0.000000E+00
  4.458800E+00     6     1  0.000000E+00  0.000000E+00
  4.458800E+00     6     2  4.853439E-01  1.054927E-01
  4.458800E+00     6     3  0.000000E+00  0.000000E+00
  4.458800E+00     6     4 -3.787921E+01  1.029373E-01
  4.458800E+00     6     5  0.000000E+00  0.000000E+00
  4.458800E+00     6     6  4.612333E+06  4.468639E+04
  4.521600E+00     1     1  6.121909E+03  5.661532E+01
  4.521600E+00     1     2  0.000000E+00  0.000000E+00
  4.521600E+00     1     3  3.838488E-01  2.101212E-03
  4.521600E+00     1     4  0.000000E+00  0.000000E+00
  4.521600E+00     1     5 -8.304922E+04 -2.491864E+01
  4.521600E+00     1     6  0.000000E+00  0.000000E+00
  4.521600E+00     2     1  0.000000E+00  0.000000E+00
  4.521600E+00     2     2  6.121789E+03  5.661654E+01
  4.521600E+00     2     3  0.000000E+00  0.000000E+00
  4.521600E+00     2     4  8.304472E+04  2.484918E+01
  4.521600E+00     2     5  0.000000E+00  0.000000E+00
  4.521600E+00     2     6 -6.861139E-01  1.184244E-02
  4.521600E+00     3     1 -3.176773E-01  4.629110E-04
  4.521600E+00     3     2  0.000000E+00  0.000000E+00
  4.521600E+00     3     3  1.454737E+04  2.235501E-01
  4.521600E+00     3     4  0.000000E+00  0.000000E+00
  4.521600E+00     3     5  7.376246E+00 -1.270211E-02
  4.521600E+00     3     6  0.000000E+00  0.000000E+00
  4.521600E+00     4     1  0.000000E+00  0.000000E+00
  4.521600E+00     4     2  8.313993E+04  2.783670E+01
  4.521600E+00     4     3  0.000000E+00  0.000000E+00
  4.521600E+00     4     4  7.162861E+06  4.605387E+02
  4.521600E+00     4     5  0.000000E+00  0.000000E+00
  4.521600E+00     4     6  2.017621E+01 -3.267031E-01
  4.521600E+00     5     1 -8.314245E+04 -2.778743E+01
  4.521600E+00     5     2  0.000000E+00  0.000000E+00
  4.521600E+00     5     3 -2.767098E+00 -9.547399E-03
  4.521600E+00     5     4  0.000000E+00  0.000000E+00
  4.521600E+00     5     5  7.162984E+06  4.613855E+02
  4.521600E+00     5     6  0.000000E+00  0.000000E+00
  4.521600E+00     6     1  0.000000E+00  0.000000E+00
  4.521600E+00     6     2  3.249563E-01  9.397724E-02
  4.521600E+00     6     3  0.000000E+00  0.000000E+00
  4.521600E+00     6     4 -3.803655E+01 -1.120365E+00
  4.521600E+00     6     5  0.000000E+00  0.000000E+00
  4.521600E+00     6     6  4.605227E+06  3.891470E+04
  4.584400E+00     1     1  6.142368E+03  5.052861E+01
  4.584400E+00     1     2  0.000000E+00  0.000000E+00
  4.584400E+00     1     3  3.879334E-01  3.433138E-03
  4.584400E+00     1     4  0.000000E+00  0.000000E+00
  4.584400E+00     1     5 -8.308366E+04 -7.350281E+01
  4.584400E+00     1     6  0.000000E+00  0.000000E+00
  4.584400E+00     2     1  0.000000E+00  0.000000E+00
  4.584400E+00     2     2  6.142245E+03  5.051581E+01
  4.584400E+00     2     3  0.000000E+00  0.000000E+00
  4.584400E+00     2     4  8.307918E+04  7.331779E+01
  4.584400E+00     2     5  0.000000E+00  0.000000E+00
  4.584400E+00     2     6 -5.802926E-01  1.934482E-02
  4.584400E+00     3     1 -3.214222E-01 -4.585581E-04
  4.584400E+00     3     2  0.000000E+00  0.000000E+00
  4.584400E+00     3     3  1.455171E+04  2.268350E+00
  4.584400E+00     3     4  0.000000E+00  0.000000E+00
  4.584400E+00     3     5  7.419056E+00  1.948988E-02
  4.584400E+00     3     6  0.000000E+00  0.000000E+00
  4.584400E+00     4     1  0.000000E+00  0.000000E+00
  4.584400E+00     4     2  8.315101E+04  7.614309E+01
  4.584400E+00     4     3  0.000000E+00  0.000000E+00
  4.584400E+00     4     4  7.163128E+06  5.073562E+02
  4.584400E+00     4     5  0.000000E+00  0.000000E+00
  4.584400E+00     4     6  2.072786E+01  7.438076E-01
  4.584400E+00     5     1 -8.315345E+04 -7.612485E+01
  4.584400E+00     5     2  0.000000E+00  0.000000E+00
  4.584400E+00     5     3 -2.756140E+00  2.618854E-03
  4.584400E+00     5     4  0.000000E+00  0.000000E+00
  4.584400E+00     5     5  7.163251E+06  5.073381E+02
  4.584400E+00     5     6  0.000000E+00  0.000000E+00
  4.584400E+00     6     1  0.000000E+00  0.000000E+00
  4.584400E+00     6     2  4.648412E-01  2.922790E-02
  4.584400E+00     6     3  0.000000E+00  0.000000E+00
  4.584400E+00     6     4 -3.659148E+01  6.593873E-02
  4.584400E+00     6     5  0.000000E+00  0.000000E+00
  4.584400E+00     6     6  4.614752E+06  3.677144E+04
  4.647200E+00     1     1  6.156933E+03  5.759398E+01
  4.647200E+00     1     2  0.000000E+00  0.000000E+00
  4.647200E+00     1     3  3.870577E-01  5.013630E-04
  4.647200E+00     1     4  0.000000E+00  0.000000E+00
  4.647200E+00     1     5 -8.306498E+04 -1.109389E+01
  4.647200E+00     1     6  0.000000E+00  0.000000E+00
  4.647200E+00     2     1  0.000000E+00  0.000000E+00
  4.647200E+00     2     2  6.156813E+03  5.759060E+01
  4.647200E+00     2     3  0.000000E+00  0.000000E+00
  4.647200E+00     2     4  8.306048E+04  1.102723E+01
  4.647200E+00     2     5  0.000000E+00  0.000000E+00
  4.647200E+00     2     6 -6.392390E-01  4.749849E-02
  4.647200E+00     3     1 -3.187589E-01 -7.510941E-04
  4.647200E+00     3     2  0.000000E+00  0.000000E+00
  4.647200E+00     3     3  1.455024E+04  1.672901E+00
  4.647200E+00     3     4  0.000000E+00  0.000000E+00
  4.647200E+00     3     5  7.385427E+00 -4.612420E-03
  4.647200E+00     3     6  0.000000E+00  0.000000E+00
  4.647200E+00     4     1  0.000000E+00  0.000000E+00
  4.647200E+00     4     2  8.314626E+04  4.430331E+01
  4.647200E+00     4     3  0.000000E+00  0.000000E+00
  4.647200E+00     4     4  7.163743E+06  2.323642E+02
  4.647200E+00     4     5  0.000000E+00  0.000000E+00
  4.647200E+00     4     6  2.095176E+01  7.353076E-01
  4.647200E+00     5     1 -8.314873E+04 -4.427933E+01
  4.647200E+00     5     2  0.000000E+00  0.000000E+00
  4.647200E+00     5     3 -2.756272E+00 -7.232946E-04
  4.647200E+00     5     4  0.000000E+00  0.000000E+00
  4.647200E+00     5     5  7.163866E+06  2.325236E+02
  4.647200E+00     5     6  0.000000E+00  0.000000E+00
  4.647200E+00     6     1  0.000000E+00  0.000000E+00
  4.647200E+00     6     2  4.983737E-01  1.503849E-01
  4.647200E+00     6     3  0.000000E+00  0.000000E+00
  4.647200E+00     6     4 -3.802874E+01 -3.703654E-01
  4.647200E+00     6     5  0.000000E+00  0.000000E+00
  4.647200E+00     6     6  4.616720E+06  4.243965E+04
  4.710000E+00     1     1  6.144646E+03  5.242028E+01
  4.710000E+00     1     2  0.000000E+00  0.000000E+00
  4.710000E+00     1     3  3.894069E-01  2.733584E-03
  4.710000E+00     1     4  0.000000E+00  0.000000E+00
  4.710000E+00     1     5 -8.310410E+04 -3.704416E+01
  4.710000E+00     1     6  0.000000E+00  0.000000E+00
  4.710000E+00     2     1  0.000000E+00  0.000000E+00
  4.710000E+00     2     2  6.144530E+03  5.241146E+01
  4.710000E+00     2     3  0.000000E+00  0.000000E+00
  4.710000E+00     2     4  8.309966E+04  3.696183E+01
  4.710000E+00     2     5  0.000000E+00  0.000000E+00
  4.710000E+00     2     6 -6.385315E-01 -3.045633E-02
  4.710000E+00     3     1 -3.190034E-01 -1.616184E-03
  4.710000E+00     3     2  0.000000E+00  0.000000E+00
  4.710000E+00     3     3  1.455403E+04  2.592080E+00
  4.710000E+00     3     4  0.000000E+00  0.000000E+00
  4.710000E+00     3     5  7.404186E+00  1.759562E-02
  4.710000E+00     3     6  0.000000E+00  0.000000E+00
  4.710000E+00     4     1  0.000000E+00  0.000000E+00
  4.710000E+00     4     2  8.321021E+04  5.963258E+01
  4.710000E+00     4     3  0.000000E+00  0.000000E+00
  4.710000E+00     4     4  7.164085E+06  1.979015E+02
  4.710000E+00     4     5  0.000000E+00  0.000000E+00
  4.710000E+00     4     6  2.064725E+01 -4.782748E-01
  4.710000E+00     5     1 -8.321270E+04 -5.959823E+01
  4.710000E+00     5     2  0.000000E+00  0.000000E+00
  4.710000E+00     5     3 -2.753410E+00  9.458763E-03
  4.710000E+00     5     4  0.000000E+00  0.000000E+00
  4.710000E+00     5     5  7.164208E+06  1.981325E+02
  4.710000E+00     5     6  0.000000E+00  0.000000E+00
  4.710000E+00     6     1  0.000000E+00  0.000000E+00
  4.710000E+00     6     2  3.922831E-01  3.867520E-02
  4.710000E+00     6     3  0.000000E+00  0.000000E+00
  4.710000E+00     6     4 -3.788358E+01 -5.036355E-01
  4.710000E+00     6     5  0.000000E+00  0.000000E+00
  4.710000E+00     6     6  4.612927E+06  3.566363E+04
  4.772800E+00     1     1  6.163733E+03  5.485500E+01
  4.772800E+00     1     2  0.000000E+00  0.000000E+00
  4.772800E+00     1     3  3.887826E-01  4.586553E-03
  4.772800E+00     1     4  0.000000E+00  0.000000E+00
  4.772800E+00     1     5 -8.310188E+04 -4.034725E+01
  4.772800E+00     1     6  0.000000E+00  0.000000E+00
  4.772800E+00     2     1  0.000000E+00  0.000000E+00
  4.772800E+00     2     2  6.163618E+03  5.486145E+01
  4.772800E+00     2     3  0.000000E+00  0.000000E+00
  4.772800E+00     2     4  8.309736E+04  4.027103E+01
  4.772800E+00     2     5  0.000000E+00  0.000000E+00
  4.772800E+00     2     6 -6.005283E-01 -8.893038E-03
  4.772800E+00     3     1 -3.196238E-01  2.210170E-03
  4.772800E+00     3     2  0.000000E+00  0.000000E+00
  4.772800E+00     3     3  1.455299E+04  1.794007E+00
  4.772800E+00     3     4  0.000000E+00  0.000000E+00
  4.772800E+00     3     5  7.416225E+00  1.950700E-02
  4.772800E+00     3     6  0.000000E+00  0.000000E+00
  4.772800E+00     4     1  0.000000E+00  0.000000E+00
  4.772800E+00     4     2  8.320688E+04  5.603723E+01
  4.772800E+00     4     3  0.000000E+00  0.000000E+00
  4.772800E+00     4     4  7.164655E+06  1.386746E+02
  4.772800E+00     4     5  0.000000E+00  0.000000E+00
  4.772800E+00     4     6  2.058749E+01  2.020666E-01
  4.772800E+00     5     1 -8.320928E+04 -5.605686E+01
  4.772800E+00     5     2  0.000000E+00  0.000000E+00
  4.772800E+00     5     3 -2.755450E+00  1.418056E-02
  4.772800E+00     5     4  0.000000E+00  0.000000E+00
  4.772800E+00     5     5  7.164778E+06  1.390303E+02
  4.772800E+00     5     6  0.000000E+00  0.000000E+00
  4.772800E+00     6     1  0.000000E+00  0.000000E+00
  4.772800E+00     6     2  5.058231E-01 -7.720464E-03
  4.772800E+00     6     3  0.000000E+00  0.000000E+00
  4.772800E+00     6     4 -3.828156E+01 -6.953167E-01
  4.772800E+00     6     5  0.000000E+00  0.000000E+00
  4.772800E+00     6     6  4.623402E+06  3.751637E+04
  4.835600E+00     1     1  6.149593E+03  5.748797E+01
  4.835600E+00     1     2  0.000000E+00  0.000000E+00
  4.835600E+00     1     3  3.904005E-01 -3.887810E-04
  4.835600E+00     1     4  0.000000E+00  0.000000E+00
  4.835600E+00     1     5 -8.313332E+04 -3.749461E+01
  4.835600E+00     1     6  0.000000E+00  0.000000E+00
  4.835600E+00     2     1  0.000000E+00  0.000000E+00
  4.835600E+00     2     2  6.149467E+03  5.747994E+01
  4.835600E+00     2     3  0.000000E+00  0.000000E+00
  4.835600E+00     2     4  8.312871E+04  3.740682E+01
  4.835600E+00     2     5  0.000000E+00  0.000000E+00
  4.835600E+00     2     6 -6.785151E-01  7.760367E-02
  4.835600E+00     3     1 -3.218159E-01 -6.414630E-03
  4.835600E+00     3     2  0.000000E+00  0.000000E+00
  4.835600E+00     3     3  1.455605E+04 -1.394885E+00
  4.835600E+00     3     4  0.000000E+00  0.000000E+00
  4.835600E+00     3     5  7.477252E+00  2.725036E-02
  4.835600E+00     3     6  0.000000E+00  0.000000E+00
  4.835600E+00     4     1  0.000000E+00  0.000000E+00
  4.835600E+00     4     2  8.326151E+04  4.965336E+01
  4.835600E+00     4     3  0.000000E+00  0.000000E+00
  4.835600E+00     4     4  7.164698E+06 -1.545023E+02
  4.835600E+00     4     5  0.000000E+00  0.000000E+00
  4.835600E+00     4     6  2.160502E+01  1.327563E+00
  4.835600E+00     5     1 -8.326393E+04 -4.958646E+01
  4.835600E+00     5     2  0.000000E+00  0.000000E+00
  4.835600E+00     5     3 -2.746019E+00  4.190848E-03
  4.835600E+00     5     4  0.000000E+00  0.000000E+00
  4.835600E+00     5     5  7.164820E+06 -1.541809E+02
  4.835600E+00     5     6  0.000000E+00  0.000000E+00
  4.835600E+00     6     1  0.000000E+00  0.000000E+00
  4.835600E+00     6     2  2.015936E-01  3.343781E-01
  4.835600E+00     6     3  0.000000E+00  0.000000E+00
  4.835600E+00     6     4 -3.742525E+01 -4.663412E-01
  4.835600E+00     6     5  0.000000E+00  0.000000E+00
  4.835600E+00     6     6  4.624098E+06  4.387013E+04
  4.898400E+00     1     1  6.161483E+03  4.123326E+01
  4.898400E+00     1     2  0.000000E+00  0.000000E+00
  4.898400E+00     1     3  3.891600E-01  5.877015E-04
  4.898400E+00     1     4  0.000000E+00  0.000000E+00
  4.898400E+00     1     5 -8.312749E+04 -4.621502E+01
  4.898400E+00     1     6  0.000000E+00  0.000000E+00
  4.898400E+00     2     1  0.000000E+00  0.000000E+00
  4.898400E+00     2     2  6.161353E+03  4.122314E+01
  4.898400E+00     2     3  0.000000E+00  0.000000E+00
  4.898400E+00     2     4  8.312301E+04  4.609784E+01
  4.898400E+00     2     5  0.000000E+00  0.000000E+00
  4.898400E+00     2     6 -6.303751E-01  1.632386E-03
  4.898400E+00     3     1 -3.248814E-01 -3.289101E-03
  4.898400E+00     3     2  0.000000E+00  0.000000E+00
  4.898400E+00     3     3  1.455317E+04 -6.858707E-01
  4.898400E+00     3     4  0.000000E+00  0.000000E+00
  4.898400E+00     3     5  7.487212E+00 -6.927022E-03
  4.898400E+00     3     6  0.000000E+00  0.000000E+00
  4.898400E+00     4     1  0.000000E+00  0.000000E+00
  4.898400E+00     4     2  8.325897E+04  8.889907E+01
  4.898400E+00     4     3  0.000000E+00  0.000000E+00
  4.898400E+00     4     4  7.164552E+06 -2.897507E+02
  4.898400E+00     4     5  0.000000E+00  0.000000E+00
  4.898400E+00     4     6  2.052321E+01  2.220018E-01
  4.898400E+00     5     1 -8.326135E+04 -8.892001E+01
  4.898400E+00     5     2  0.000000E+00  0.000000E+00
  4.898400E+00     5     3 -2.760651E+00  6.676928E-04
  4.898400E+00     5     4  0.000000E+00  0.000000E+00
  4.898400E+00     5     5  7.164673E+06 -2.888584E+02
  4.898400E+00     5     6  0.000000E+00  0.000000E+00
  4.898400E+00     6     1  0.000000E+00  0.000000E+00
  4.898400E+00     6     2  4.375305E-01  4.675606E-02
  4.898400E+00     6     3  0.000000E+00  0.000000E+00
  4.898400E+00     6     4 -3.792373E+01 -4.393088E-02
  4.898400E+00     6     5  0.000000E+00  0.000000E+00
  4.898400E+00     6     6  4.628589E+06  3.362557E+04
  4.961200E+00     1     1  6.164919E+03  4.481333E+01
  4.961200E+00     1     2  0.000000E+00  0.000000E+00
  4.961200E+00     1     3  3.741244E-01  3.974459E-04
  4.961200E+00     1     4  0.000000E+00  0.000000E+00
  4.961200E+00     1     5 -8.321050E+04 -2.920065E+01
  4.961200E+00     1     6  0.000000E+00  0.000000E+00
  4.961200E+00     2     1  0.000000E+00  0.000000E+00
  4.961200E+00     2     2  6.164798E+03  4.481225E+01
  4.961200E+00     2     3  0.000000E+00  0.000000E+00
  4.961200E+00     2     4  8.320610E+04  2.919123E+01
  4.961200E+00     2     5  0.000000E+00  0.000000E+00
  4.961200E+00     2     6 -6.233605E-01 -1.513937E-02
  4.961200E+00     3     1 -3.227952E-01  7.241839E-03
  4.961200E+00     3     2  0.000000E+00  0.000000E+00
  4.961200E+00     3     3  1.452945E+04 -8.282921E+00
  4.961200E+00     3     4  0.000000E+00  0.000000E+00
  4.961200E+00     3     5  7.497979E+00 -1.928837E-01
  4.961200E+00     3     6  0.000000E+00  0.000000E+00
  4.961200E+00     4     1  0.000000E+00  0.000000E+00
  4.961200E+00     4     2  8.333142E+04  5.292256E+01
  4.961200E+00     4     3  0.000000E+00  0.000000E+00
  4.961200E+00     4     4  7.164513E+06 -1.987980E+01
  4.961200E+00     4     5  0.000000E+00  0.000000E+00
  4.961200E+00     4     6  2.075059E+01 -8.898147E-02
  4.961200E+00     5     1 -8.333388E+04 -5.295949E+01
  4.961200E+00     5     2  0.000000E+00  0.000000E+00
  4.961200E+00     5     3 -2.793973E+00 -3.779493E-02
  4.961200E+00     5     4  0.000000E+00  0.000000E+00
  4.961200E+00     5     5  7.164635E+06 -1.896755E+01
  4.961200E+00     5     6  0.000000E+00  0.000000E+00
  4.961200E+00     6     1  0.000000E+00  0.000000E+00
  4.961200E+00     6     2  2.574935E-01 -7.113216E-04
  4.961200E+00     6     3  0.000000E+00  0.000000E+00
  4.961200E+00     6     4 -3.774603E+01 -1.651762E-01
  4.961200E+00     6     5  0.000000E+00  0.000000E+00
  4.961200E+00     6     6  4.632103E+06  3.140693E+04
  5.024000E+00     1     1  6.159640E+03  4.897437E+01
  5.024000E+00     1     2  0.000000E+00  0.000000E+00
  5.024000E+00     1     3  3.906037E-01  3.369051E-04
  5.024000E+00     1     4  0.000000E+00  0.000000E+00
  5.024000E+00     1     5 -8.320613E+04 -6.279264E+01
  5.024000E+00     1     6  0.000000E+00  0.000000E+00
  5.024000E+00     2     1  0.000000E+00  0.000000E+00
  5.024000E+00     2     2  6.159522E+03  4.897104E+01
  5.024000E+00     2     3  0.000000E+00  0.000000E+00
  5.024000E+00     2     4  8.320169E+04  6.284107E+01
  5.024000E+00     2     5  0.000000E+00  0.000000E+00
  5.024000E+00     2     6 -6.553976E-01  5.126046E-02
  5.024000E+00     3     1 -3.203212E-01 -3.253859E-03
  5.024000E+00     3     2  0.000000E+00  0.000000E+00
  5.024000E+00     3     3  1.455380E+04  1.275200E-01
  5.024000E+00     3     4  0.000000E+00  0.000000E+00
  5.024000E+00     3     5  7.450214E+00 -2.884923E-02
  5.024000E+00     3     6  0.000000E+00  0.000000E+00
  5.024000E+00     4     1  0.000000E+00  0.000000E+00
  5.024000E+00     4     2  8.331196E+04  5.726375E+01
  5.024000E+00     4     3  0.000000E+00  0.000000E+00
  5.024000E+00     4     4  7.164641E+06 -5.010517E+01
  5.024000E+00     4     5  0.000000E+00  0.000000E+00
  5.024000E+00     4     6  2.047938E+01  7.911018E-01
  5.024000E+00     5     1 -8.331440E+04 -5.722027E+01
  5.024000E+00     5     2  0.000000E+00  0.000000E+00
  5.024000E+00     5     3 -2.743340E+00  9.916202E-04
  5.024000E+00     5     4  0.000000E+00  0.000000E+00
  5.024000E+00     5     5  7.164764E+06 -5.018003E+01
  5.024000E+00     5     6  0.000000E+00  0.000000E+00
  5.024000E+00     6     1  0.000000E+00  0.000000E+00
  5.024000E+00     6     2  3.893776E-01  1.099514E-01
  5.024000E+00     6     3  0.000000E+00  0.000000E+00
  5.024000E+00     6     4 -3.696641E+01  3.290709E-01
  5.024000E+00     6     5  0.000000E+00  0.000000E+00
  5.024000E+00     6     6  4.629699E+06  2.759316E+04
  5.086800E+00     1     1  6.170218E+03  5.009776E+01
  5.086800E+00     1     2  0.000000E+00  0.000000E+00
  5.086800E+00     1     3  3.908169E-01  1.745675E-03
  5.086800E+00     1     4  0.000000E+00  0.000000E+00
  5.086800E+00     1     5 -8.323901E+04 -6.858953E+00
  5.086800E+00     1     6  0.000000E+00  0.000000E+00
  5.086800E+00     2     1  0.000000E+00  0.000000E+00
  5.086800E+00     2     2  6.170113E+03  5.008276E+01
  5.086800E+00     2     3  0.000000E+00  0.000000E+00
  5.086800E+00     2     4  8.323468E+04  6.746025E+00
  5.086800E+00     2     5  0.000000E+00  0.000000E+00
  5.086800E+00     2     6 -6.308171E-01 -1.801067E-02
  5.086800E+00     3     1 -3.137716E-01  5.104761E-05
  5.086800E+00     3     2  0.000000E+00  0.000000E+00
  5.086800E+00     3     3  1.455461E+04  3.361700E-03
  5.086800E+00     3     4  0.000000E+00  0.000000E+00
  5.086800E+00     3     5  7.406824E+00  9.272578E-03
  5.086800E+00     3     6  0.000000E+00  0.000000E+00
  5.086800E+00     4     1  0.000000E+00  0.000000E+00
  5.086800E+00     4     2  8.335703E+04  2.678108E+01
  5.086800E+00     4     3  0.000000E+00  0.000000E+00
  5.086800E+00     4     4  7.165215E+06  1.795335E+02
  5.086800E+00     4     5  0.000000E+00  0.000000E+00
  5.086800E+00     4     6  2.028535E+01  3.910277E-01
  5.086800E+00     5     1 -8.335958E+04 -2.678014E+01
  5.086800E+00     5     2  0.000000E+00  0.000000E+00
  5.086800E+00     5     3 -2.747940E+00  6.962193E-03
  5.086800E+00     5     4  0.000000E+00  0.000000E+00
  5.086800E+00     5     5  7.165338E+06  1.800706E+02
  5.086800E+00     5     6  0.000000E+00  0.000000E+00
  5.086800E+00     6     1  0.000000E+00  0.000000E+00
  5.086800E+00     6     2  2.212894E-01  1.007049E-01
  5.086800E+00     6     3  0.000000E+00  0.000000E+00
  5.086800E+00     6     4 -3.775979E+01 -1.835991E-01
  5.086800E+00     6     5  0.000000E+00  0.000000E+00
  5.086800E+00     6     6  4.631375E+06  2.728682E+04
  5.149600E+00     1     1  6.160346E+03  4.143024E+01
  5.149600E+00     1     2  0.000000E+00  0.000000E+00
  5.149600E+00     1     3  3.869299E-01  4.430312E-03
  5.149600E+00     1     4  0.000000E+00  0.000000E+00
  5.149600E+00     1     5 -8.321999E+04 -5.307247E+01
  5.149600E+00     1     6  0.000000E+00  0.000000E+00
  5.149600E+00     2     1  0.000000E+00  0.000000E+00
  5.149600E+00     2     2  6.160231E+03  4.141820E+01
  5.149600E+00     2     3  0.000000E+00  0.000000E+00
  5.149600E+00     2     4  8.321563E+04  5.295698E+01
  5.149600E+00     2     5  0.000000E+00  0.000000E+00
  5.149600E+00     2     6 -5.640829E-01 -9.820087E-02
  5.149600E+00     3     1 -3.194781E-01 -7.702753E-05
  5.149600E+00     3     2  0.000000E+00  0.000000E+00
  5.149600E+00     3     3  1.455279E+04 -2.011713E-01
  5.149600E+00     3     4  0.000000E+00  0.000000E+00
  5.149600E+00     3     5  7.390329E+00  8.646511E-03
  5.149600E+00     3     6  0.000000E+00  0.000000E+00
  5.149600E+00     4     1  0.000000E+00  0.000000E+00
  5.149600E+00     4     2  8.333873E+04  5.726943E+01
  5.149600E+00     4     3  0.000000E+00  0.000000E+00
  5.149600E+00     4     4  7.165569E+06  2.181671E+02
  5.149600E+00     4     5  0.000000E+00  0.000000E+00
  5.149600E+00     4     6  2.146463E+01  2.562991E-01
  5.149600E+00     5     1 -8.334115E+04 -5.728327E+01
  5.149600E+00     5     2  0.000000E+00  0.000000E+00
  5.149600E+00     5     3 -2.751207E+00 -3.590262E-03
  5.149600E+00     5     4  0.000000E+00  0.000000E+00
  5.149600E+00     5     5  7.165692E+06  2.187316E+02
  5.149600E+00     5     6  0.000000E+00  0.000000E+00
  5.149600E+00     6     1  0.000000E+00  0.000000E+00
  5.149600E+00     6     2  4.188578E-01 -1.240841E-01
  5.149600E+00     6     3  0.000000E+00  0.000000E+00
  5.149600E+00     6     4 -3.842854E+01 -1.391340E-01
  5.149600E+00     6     5  0.000000E+00  0.000000E+00
  5.149600E+00     6     6  4.631571E+06  2.999322E+04
  5.212400E+00     1     1  6.166160E+03  3.355115E+01
  5.212400E+00     1     2  0.000000E+00  0.000000E+00
  5.212400E+00     1     3  3.875961E-01  3.723541E-03
  5.212400E+00     1     4  0.000000E+00  0.000000E+00
  5.212400E+00     1     5 -8.316674E+04  2.478377E+01
  5.212400E+00     1     6  0.000000E+00  0.000000E+00
  5.212400E+00     2     1  0.000000E+00  0.000000E+00
  5.212400E+00     2     2  6.166052E+03  3.354773E+01
  5.212400E+00     2     3  0.000000E+00  0.000000E+00
  5.212400E+00     2     4  8.316251E+04 -2.475261E+01
  5.212400E+00     2     5  0.000000E+00  0.000000E+00
  5.212400E+00     2     6 -6.457999E-01  1.812266E-02
  5.212400E+00     3     1 -3.155520E-01 -8.658583E-04
  5.212400E+00     3     2  0.000000E+00  0.000000E+00
  5.212400E+00     3     3  1.455627E+04  9.496570E-01
  5.212400E+00     3     4  0.000000E+00  0.000000E+00
  5.212400E+00     3     5  7.341137E+00 -2.197106E-02
  5.212400E+00     3     6  0.000000E+00  0.000000E+00
  5.212400E+00     4     1  0.000000E+00  0.000000E+00
  5.212400E+00     4     2  8.334911E+04  6.201133E+01
  5.212400E+00     4     3  0.000000E+00  0.000000E+00
  5.212400E+00     4     4  7.165250E+06  1.785506E+02
  5.212400E+00     4     5  0.000000E+00  0.000000E+00
  5.212400E+00     4     6  2.040931E+01  3.764246E-01
  5.212400E+00     5     1 -8.335155E+04 -6.199137E+01
  5.212400E+00     5     2  0.000000E+00  0.000000E+00
  5.212400E+00     5     3 -2.758549E+00  5.213997E-03
  5.212400E+00     5     4  0.000000E+00  0.000000E+00
  5.212400E+00     5     5  7.165371E+06  1.790197E+02
  5.212400E+00     5     6  0.000000E+00  0.000000E+00
  5.212400E+00     6     1  0.000000E+00  0.000000E+00
  5.212400E+00     6     2  3.267813E-01  6.250942E-02
  5.212400E+00     6     3  0.000000E+00  0.000000E+00
  5.212400E+00     6     4 -3.793865E+01 -2.581796E-01
  5.212400E+00     6     5  0.000000E+00  0.000000E+00
  5.212400E+00     6     6  4.630655E+06  3.122524E+04
  5.275200E+00     1     1  6.179297E+03  3.490862E+01
  5.275200E+00     1     2  0.000000E+00  0.000000E+00
  5.275200E+00     1     3  3.855872E-01  6.331228E-03
  5.275200E+00     1     4  0.000000E+00  0.000000E+00
  5.275200E+00     1     5 -8.318384E+04 -1.571474E-02
  5.275200E+00     1     6  0.000000E+00  0.000000E+00
  5.275200E+00     2     1  0.000000E+00  0.000000E+00
  5.275200E+00     2     2  6.179173E+03  3.490800E+01
  5.275200E+00     2     3  0.000000E+00  0.000000E+00
  5.275200E+00     2     4  8.317932E+04 -6.021086E-02
  5.275200E+00     2     5  0.000000E+00  0.000000E+00
  5.275200E+00     2     6 -6.269867E-01  2.000250E-02
  5.275200E+00     3     1 -3.244375E-01 -3.794693E-03
  5.275200E+00     3     2  0.000000E+00  0.000000E+00
  5.275200E+00     3     3  1.455084E+04  2.513194E+00
  5.275200E+00     3     4  0.000000E+00  0.000000E+00
  5.275200E+00     3     5  7.432758E+00  7.538950E-02
  5.275200E+00     3     6  0.000000E+00  0.000000E+00
  5.275200E+00     4     1  0.000000E+00  0.000000E+00
  5.275200E+00     4     2  8.332334E+04  3.897921E+01
  5.275200E+00     4     3  0.000000E+00  0.000000E+00
  5.275200E+00     4     4  7.165429E+06  3.196913E+02
  5.275200E+00     4     5  0.000000E+00  0.000000E+00
  5.275200E+00     4     6  2.055687E+01  4.119749E-01
  5.275200E+00     5     1 -8.332574E+04 -3.895846E+01
  5.275200E+00     5     2  0.000000E+00  0.000000E+00
  5.275200E+00     5     3 -2.771565E+00 -3.517993E-03
  5.275200E+00     5     4  0.000000E+00  0.000000E+00
  5.275200E+00     5     5  7.165550E+06  3.199226E+02
  5.275200E+00     5     6  0.000000E+00  0.000000E+00
  5.275200E+00     6     1  0.000000E+00  0.000000E+00
  5.275200E+00     6     2  4.223978E-01  6.160762E-02
  5.275200E+00     6     3  0.000000E+00  0.000000E+00
  5.275200E+00     6     4 -3.729524E+01 -6.759296E-01
  5.275200E+00     6     5  0.000000E+00  0.000000E+00
  5.275200E+00     6     6  4.636327E+06  3.550327E+04
  5.338000E+00     1     1  6.178498E+03  5.474845E+01
  5.338000E+00     1     2  0.000000E+00  0.000000E+00
  5.338000E+00     1     3  3.861541E-01 -3.585509E-04
  5.338000E+00     1     4  0.000000E+00  0.000000E+00
  5.338000E+00     1     5 -8.319809E+04  1.217750E+02
  5.338000E+00     1     6  0.000000E+00  0.000000E+00
  5.338000E+00     2     1  0.000000E+00  0.000000E+00
  5.338000E+00     2     2  6.178332E+03  5.476340E+01
  5.338000E+00     2     3  0.000000E+00  0.000000E+00
  5.338000E+00     2     4  8.319393E+04 -1.222535E+02
  5.338000E+00     2     5  0.000000E+00  0.000000E+00
  5.338000E+00     2     6 -7.975855E-01 -1.190962E-02
  5.338000E+00     3     1 -3.218207E-01 -6.257042E-04
  5.338000E+00     3     2  0.000000E+00  0.000000E+00
  5.338000E+00     3     3  1.455391E+04 -1.178621E+00
  5.338000E+00     3     4  0.000000E+00  0.000000E+00
  5.338000E+00     3     5  7.469686E+00 -3.590313E-03
  5.338000E+00     3     6  0.000000E+00  0.000000E+00
  5.338000E+00     4     1  0.000000E+00  0.000000E+00
  5.338000E+00     4     2  8.331243E+04 -2.110763E+01
  5.338000E+00     4     3  0.000000E+00  0.000000E+00
  5.338000E+00     4     4  7.166277E+06  8.591919E+02
  5.338000E+00     4     5  0.000000E+00  0.000000E+00
  5.338000E+00     4     6  2.181266E+01  2.060411E-01
  5.338000E+00     5     1 -8.331458E+04  2.087867E+01
  5.338000E+00     5     2  0.000000E+00  0.000000E+00
  5.338000E+00     5     3 -2.770913E+00 -2.446476E-03
  5.338000E+00     5     4  0.000000E+00  0.000000E+00
  5.338000E+00     5     5  7.166401E+06  8.574743E+02
  5.338000E+00     5     6  0.000000E+00  0.000000E+00
  5.338000E+00     6     1  0.000000E+00  0.000000E+00
  5.338000E+00     6     2  4.910256E-01  2.132300E-01
  5.338000E+00     6     3  0.000000E+00  0.000000E+00
  5.338000E+00     6     4 -3.805848E+01 -3.172510E+00
  5.338000E+00     6     5  0.000000E+00  0.000000E+00
  5.338000E+00     6     6  4.639306E+06  3.482208E+04
  5.400800E+00     1     1  6.189601E+03  3.563060E+01
  5.400800E+00     1     2  0.000000E+00  0.000000E+00
  5.400800E+00     1     3  3.891687E-01  1.175966E-03
  5.400800E+00     1     4  0.000000E+00  0.000000E+00
  5.400800E+00     1     5 -8.324586E+04 -3.367383E+01
  5.400800E+00     1     6  0.000000E+00  0.000000E+00
  5.400800E+00     2     1  0.000000E+00  0.000000E+00
  5.400800E+00     2     2  6.189472E+03  3.562540E+01
  5.400800E+00     2     3  0.000000E+00  0.000000E+00
  5.400800E+00     2     4  8.324127E+04  3.360442E+01
  5.400800E+00     2     5  0.000000E+00  0.000000E+00
  5.400800E+00     2     6 -6.703645E-01 -7.458030E-04
  5.400800E+00     3     1 -3.224332E-01  8.588924E-04
  5.400800E+00     3     2  0.000000E+00  0.000000E+00
  5.400800E+00     3     3  1.455727E+04 -2.343676E-01
  5.400800E+00     3     4  0.000000E+00  0.000000E+00
  5.400800E+00     3     5  7.461286E+00 -1.054722E-02
  5.400800E+00     3     6  0.000000E+00  0.000000E+00
  5.400800E+00     4     1  0.000000E+00  0.000000E+00
  5.400800E+00     4     2  8.341233E+04  3.712930E+01
  5.400800E+00     4     3  0.000000E+00  0.000000E+00
  5.400800E+00     4     4  7.165925E+06 -3.075442E+02
  5.400800E+00     4     5  0.000000E+00  0.000000E+00
  5.400800E+00     4     6  2.035143E+01  3.576732E-01
  5.400800E+00     5     1 -8.341477E+04 -3.713251E+01
  5.400800E+00     5     2  0.000000E+00  0.000000E+00
  5.400800E+00     5     3 -2.746249E+00  4.368701E-03
  5.400800E+00     5     4  0.000000E+00  0.000000E+00
  5.400800E+00     5     5  7.166047E+06 -3.072231E+02
  5.400800E+00     5     6  0.000000E+00  0.000000E+00
  5.400800E+00     6     1  0.000000E+00  0.000000E+00
  5.400800E+00     6     2  3.701366E-01  4.432980E-02
  5.400800E+00     6     3  0.000000E+00  0.000000E+00
  5.400800E+00     6     4 -3.771205E+01 -2.435126E-01
  5.400800E+00     6     5  0.000000E+00  0.000000E+00
  5.400800E+00     6     6  4.646574E+06  2.722561E+04
  5.463600E+00     1     1  6.181089E+03  2.987199E+01
  5.463600E+00     1     2  0.000000E+00  0.000000E+00
  5.463600E+00     1     3  3.893099E-01  2.604130E-03
  5.463600E+00     1     4  0.000000E+00  0.000000E+00
  5.463600E+00     1     5 -8.327134E+04  2.646526E+00
  5.463600E+00     1     6  0.000000E+00  0.000000E+00
  5.463600E+00     2     1  0.000000E+00  0.000000E+00
  5.463600E+00     2     2  6.180987E+03  2.986894E+01
  5.463600E+00     2     3  0.000000E+00  0.000000E+00
  5.463600E+00     2     4  8.326684E+04 -2.765255E+00
  5.463600E+00     2     5  0.000000E+00  0.000000E+00
  5.463600E+00     2     6 -6.993403E-01  5.865910E-02
  5.463600E+00     3     1 -3.204731E-01  3.163273E-03
  5.463600E+00     3     2  0.000000E+00  0.000000E+00
  5.463600E+00     3     3  1.455596E+04 -1.933403E-01
  5.463600E+00     3     4  0.000000E+00  0.000000E+00
  5.463600E+00     3     5  7.440481E+00 -3.508810E-03
  5.463600E+00     3     6  0.000000E+00  0.000000E+00
  5.463600E+00     4     1  0.000000E+00  0.000000E+00
  5.463600E+00     4     2  8.339045E+04  2.116109E+01
  5.463600E+00     4     3  0.000000E+00  0.000000E+00
  5.463600E+00     4     4  7.165966E+06 -3.108484E+02
  5.463600E+00     4     5  0.000000E+00  0.000000E+00
  5.463600E+00     4     6  2.082392E+01 -6.128742E-01
  5.463600E+00     5     1 -8.339290E+04 -2.113940E+01
  5.463600E+00     5     2  0.000000E+00  0.000000E+00
  5.463600E+00     5     3 -2.748302E+00  3.346161E-03
  5.463600E+00     5     4  0.000000E+00  0.000000E+00
  5.463600E+00     5     5  7.166088E+06 -3.107373E+02
  5.463600E+00     5     6  0.000000E+00  0.000000E+00
  5.463600E+00     6     1  0.000000E+00  0.000000E+00
  5.463600E+00     6     2  9.096611E-02  1.549323E-02
  5.463600E+00     6     3  0.000000E+00  0.000000E+00
  5.463600E+00     6     4 -3.708798E+01  6.780024E-01
  5.463600E+00     6     5  0.000000E+00  0.000000E+00
  5.463600E+00     6     6  4.648322E+06  2.559215E+04
  5.526400E+00     1     1  6.147419E+03  3.880135E+01
  5.526400E+00     1     2  0.000000E+00  0.000000E+00
  5.526400E+00     1     3  4.036179E-01 -5.162464E-02
  5.526400E+00     1     4  0.000000E+00  0.000000E+00
  5.526400E+00     1     5 -8.300871E+04  2.262381E+02
  5.526400E+00     1     6  0.000000E+00  0.000000E+00
  5.526400E+00     2     1  0.000000E+00  0.000000E+00
  5.526400E+00     2     2  6.147274E+03  3.893148E+01
  5.526400E+00     2     3  0.000000E+00  0.000000E+00
  5.526400E+00     2     4  8.300343E+04 -2.260763E+02
  5.526400E+00     2     5  0.000000E+00  0.000000E+00
  5.526400E+00     2     6 -8.442450E-01  3.549694E-01
  5.526400E+00     3     1 -3.212758E-01 -7.763642E-03
  5.526400E+00     3     2  0.000000E+00  0.000000E+00
  5.526400E+00     3     3  1.455384E+04  1.322155E+01
  5.526400E+00     3     4  0.000000E+00  0.000000E+00
  5.526400E+00     3     5  7.349341E+00 -1.398300E-01
  5.526400E+00     3     6  0.000000E+00  0.000000E+00
  5.526400E+00     4     1  0.000000E+00  0.000000E+00
  5.526400E+00     4     2  8.334095E+04 -8.138970E+01
  5.526400E+00     4     3  0.000000E+00  0.000000E+00
  5.526400E+00     4     4  7.166453E+06 -5.351556E+02
  5.526400E+00     4     5  0.000000E+00  0.000000E+00
  5.526400E+00     4     6  1.999619E+01 -5.889960E-01
  5.526400E+00     5     1 -8.334377E+04  8.129364E+01
  5.526400E+00     5     2  0.000000E+00  0.000000E+00
  5.526400E+00     5     3 -2.915325E+00 -1.814014E-02
  5.526400E+00     5     4  0.000000E+00  0.000000E+00
  5.526400E+00     5     5  7.166575E+06 -5.316197E+02
  5.526400E+00     5     6  0.000000E+00  0.000000E+00
  5.526400E+00     6     1  0.000000E+00  0.000000E+00
  5.526400E+00     6     2  3.577076E-01  1.818524E-01
  5.526400E+00     6     3  0.000000E+00  0.000000E+00
  5.526400E+00     6     4 -4.003394E+01 -3.133144E-01
  5.526400E+00     6     5  0.000000E+00  0.000000E+00
  5.526400E+00     6     6  4.644909E+06  1.438932E+04
  5.589200E+00     1     1  6.152312E+03  4.835505E+01
  5.589200E+00     1     2  0.000000E+00  0.000000E+00
  5.589200E+00     1     3  3.787067E-01 -1.547953E-02
  5.589200E+00     1     4  0.000000E+00  0.000000E+00
  5.589200E+00     1     5 -8.322816E+04  4.550209E+01
  5.589200E+00     1     6  0.000000E+00  0.000000E+00
  5.589200E+00     2     1  0.000000E+00  0.000000E+00
  5.589200E+00     2     2  6.152187E+03  4.834669E+01
  5.589200E+00     2     3  0.000000E+00  0.000000E+00
  5.589200E+00     2     4  8.322372E+04 -4.547424E+01
  5.589200E+00     2     5  0.000000E+00  0.000000E+00
  5.589200E+00     2     6 -6.391961E-01 -5.813491E-02
  5.589200E+00     3     1 -3.167524E-01  7.499504E-03
  5.589200E+00     3     2  0.000000E+00  0.000000E+00
  5.589200E+00     3     3  1.455347E+04 -2.627888E+01
  5.589200E+00     3     4  0.000000E+00  0.000000E+00
  5.589200E+00     3     5  7.537612E+00 -3.282238E-01
  5.589200E+00     3     6  0.000000E+00  0.000000E+00
  5.589200E+00     4     1  0.000000E+00  0.000000E+00
  5.589200E+00     4     2  8.342436E+04  4.157879E+01
  5.589200E+00     4     3  0.000000E+00  0.000000E+00
  5.589200E+00     4     4  7.166234E+06 -4.495792E+01
  5.589200E+00     4     5  0.000000E+00  0.000000E+00
  5.589200E+00     4     6  2.066301E+01 -3.923879E-02
  5.589200E+00     5     1 -8.342679E+04 -4.158199E+01
  5.589200E+00     5     2  0.000000E+00  0.000000E+00
  5.589200E+00     5     3 -2.735245E+00 -8.064350E-02
  5.589200E+00     5     4  0.000000E+00  0.000000E+00
  5.589200E+00     5     5  7.166356E+06 -4.468127E+01
  5.589200E+00     5     6  0.000000E+00  0.000000E+00
  5.589200E+00     6     1  0.000000E+00  0.000000E+00
  5.589200E+00     6     2  3.358882E-01  4.528019E-02
  5.589200E+00     6     3  0.000000E+00  0.000000E+00
  5.589200E+00     6     4 -3.812485E+01  7.417093E-02
  5.589200E+00     6     5  0.000000E+00  0.000000E+00
  5.589200E+00     6     6  4.643825E+06  1.287568E+04
  5.652000E+00     1     1  6.175640E+03  4.468893E+01
  5.652000E+00     1     2  0.000000E+00  0.000000E+00
  5.652000E+00     1     3  3.893266E-01  4.278646E-03
  5.652000E+00     1     4  0.000000E+00  0.000000E+00
  5.652000E+00     1     5 -8.317662E+04 -1.874186E+00
  5.652000E+00     1     6  0.000000E+00  0.000000E+00
  5.652000E+00     2     1  0.000000E+00  0.000000E+00
  5.652000E+00     2     2  6.175531E+03  4.469180E+01
  5.652000E+00     2     3  0.000000E+00  0.000000E+00
  5.652000E+00     2     4  8.317222E+04  1.666357E+00
  5.652000E+00     2     5  0.000000E+00  0.000000E+00
  5.652000E+00     2     6 -6.549656E-01 -2.356524E-02
  5.652000E+00     3     1 -3.232010E-01  1.057174E-03
  5.652000E+00     3     2  0.000000E+00  0.000000E+00
  5.652000E+00     3     3  1.455729E+04 -6.216282E-01
  5.652000E+00     3     4  0.000000E+00  0.000000E+00
  5.652000E+00     3     5  7.462480E+00  2.658640E-02
  5.652000E+00     3     6  0.000000E+00  0.000000E+00
  5.652000E+00     4     1  0.000000E+00  0.000000E+00
  5.652000E+00     4     2  8.341889E+04  2.001167E+01
  5.652000E+00     4     3  0.000000E+00  0.000000E+00
  5.652000E+00     4     4  7.166284E+06 -4.050282E+01
  5.652000E+00     4     5  0.000000E+00  0.000000E+00
  5.652000E+00     4     6  2.080225E+01 -5.073160E-02
  5.652000E+00     5     1 -8.342129E+04 -2.000895E+01
  5.652000E+00     5     2  0.000000E+00  0.000000E+00
  5.652000E+00     5     3 -2.749120E+00  9.810970E-03
  5.652000E+00     5     4  0.000000E+00  0.000000E+00
  5.652000E+00     5     5  7.166406E+06 -4.054947E+01
  5.652000E+00     5     6  0.000000E+00  0.000000E+00
  5.652000E+00     6     1  0.000000E+00  0.000000E+00
  5.652000E+00     6     2  4.323695E-01 -3.907788E-02
  5.652000E+00     6     3  0.000000E+00  0.000000E+00
  5.652000E+00     6     4 -3.786949E+01 -2.028609E-01
  5.652000E+00     6     5  0.000000E+00  0.000000E+00
  5.652000E+00     6     6  4.627274E+06  1.684685E+04
  5.714800E+00     1     1  6.184169E+03  6.261423E+01
  5.714800E+00     1     2  0.000000E+00  0.000000E+00
  5.714800E+00     1     3  3.894234E-01  1.829091E-04
  5.714800E+00     1     4  0.000000E+00  0.000000E+00
  5.714800E+00     1     5 -8.313552E+04 -6.533281E+01
  5.714800E+00     1     6  0.000000E+00  0.000000E+00
  5.714800E+00     2     1  0.000000E+00  0.000000E+00
  5.714800E+00     2     2  6.184066E+03  6.260557E+01
  5.714800E+00     2     3  0.000000E+00  0.000000E+00
  5.714800E+00     2     4  8.313093E+04  6.494470E+01
  5.714800E+00     2     5  0.000000E+00  0.000000E+00
  5.714800E+00     2     6 -6.952319E-01  1.314746E-01
  5.714800E+00     3     1 -3.208447E-01  9.009981E-04
  5.714800E+00     3     2  0.000000E+00  0.000000E+00
  5.714800E+00     3     3  1.455735E+04 -2.085936E+00
  5.714800E+00     3     4  0.000000E+00  0.000000E+00
  5.714800E+00     3     5  7.426505E+00  5.054193E-03
  5.714800E+00     3     6  0.000000E+00  0.000000E+00
  5.714800E+00     4     1  0.000000E+00  0.000000E+00
  5.714800E+00     4     2  8.337698E+04  3.648663E+01
  5.714800E+00     4     3  0.000000E+00  0.000000E+00
  5.714800E+00     4     4  7.166652E+06  5.233805E+02
  5.714800E+00     4     5  0.000000E+00  0.000000E+00
  5.714800E+00     4     6  2.138528E+01  3.575801E-01
  5.714800E+00     5     1 -8.337944E+04 -3.650914E+01
  5.714800E+00     5     2  0.000000E+00  0.000000E+00
  5.714800E+00     5     3 -2.751967E+00  8.876440E-03
  5.714800E+00     5     4  0.000000E+00  0.000000E+00
  5.714800E+00     5     5  7.166774E+06  5.240353E+02
  5.714800E+00     5     6  0.000000E+00  0.000000E+00
  5.714800E+00     6     1  0.000000E+00  0.000000E+00
  5.714800E+00     6     2  6.444025E-01 -1.170415E-01
  5.714800E+00     6     3  0.000000E+00  0.000000E+00
  5.714800E+00     6     4 -3.956362E+01 -8.115005E-01
  5.714800E+00     6     5  0.000000E+00  0.000000E+00
  5.714800E+00     6     6  4.633075E+06  3.927655E+04
  5.777600E+00     1     1  6.189816E+03  5.447958E+01
  5.777600E+00     1     2  0.000000E+00  0.000000E+00
  5.777600E+00     1     3  3.935293E-01 -3.316826E-03
  5.777600E+00     1     4  0.000000E+00  0.000000E+00
  5.777600E+00     1     5 -8.320325E+04 -1.605749E+02
  5.777600E+00     1     6  0.000000E+00  0.000000E+00
  5.777600E+00     2     1  0.000000E+00  0.000000E+00
  5.777600E+00     2     2  6.189691E+03  5.446218E+01
  5.777600E+00     2     3  0.000000E+00  0.000000E+00
  5.777600E+00     2     4  8.319871E+04  1.603467E+02
  5.777600E+00     2     5  0.000000E+00  0.000000E+00
  5.777600E+00     2     6 -6.010888E-01  1.203600E-02
  5.777600E+00     3     1 -3.126715E-01 -5.098597E-03
  5.777600E+00     3     2  0.000000E+00  0.000000E+00
  5.777600E+00     3     3  1.455743E+04 -6.536770E+00
  5.777600E+00     3     4  0.000000E+00  0.000000E+00
  5.777600E+00     3     5  7.468030E+00 -2.012047E-02
  5.777600E+00     3     6  0.000000E+00  0.000000E+00
  5.777600E+00     4     1  0.000000E+00  0.000000E+00
  5.777600E+00     4     2  8.341433E+04  1.315887E+02
  5.777600E+00     4     3  0.000000E+00  0.000000E+00
  5.777600E+00     4     4  7.166563E+06 -7.151885E+01
  5.777600E+00     4     5  0.000000E+00  0.000000E+00
  5.777600E+00     4     6  2.050577E+01  6.343029E-01
  5.777600E+00     5     1 -8.341672E+04 -1.316377E+02
  5.777600E+00     5     2  0.000000E+00  0.000000E+00
  5.777600E+00     5     3 -2.740144E+00 -1.410856E-02
  5.777600E+00     5     4  0.000000E+00  0.000000E+00
  5.777600E+00     5     5  7.166685E+06 -7.037557E+01
  5.777600E+00     5     6  0.000000E+00  0.000000E+00
  5.777600E+00     6     1  0.000000E+00  0.000000E+00
  5.777600E+00     6     2  3.789929E-01  4.662826E-03
  5.777600E+00     6     3  0.000000E+00  0.000000E+00
  5.777600E+00     6     4 -3.868213E+01 -6.749207E-04
  5.777600E+00     6     5  0.000000E+00  0.000000E+00
  5.777600E+00     6     6  4.650135E+06  3.796115E+04
  5.840400E+00     1     1  6.221618E+03  3.435876E+01
  5.840400E+00     1     2  0.000000E+00  0.000000E+00
  5.840400E+00     1     3  3.883492E-01 -5.796999E-03
  5.840400E+00     1     4  0.000000E+00  0.000000E+00
  5.840400E+00     1     5 -8.335012E+04 -8.750400E+01
  5.840400E+00     1     6  0.000000E+00  0.000000E+00
  5.840400E+00     2     1  0.000000E+00  0.000000E+00
  5.840400E+00     2     2  6.221483E+03  3.434714E+01
  5.840400E+00     2     3  0.000000E+00  0.000000E+00
  5.840400E+00     2     4  8.334535E+04  8.735223E+01
  5.840400E+00     2     5  0.000000E+00  0.000000E+00
  5.840400E+00     2     6 -6.827741E-01 -6.765228E-04
  5.840400E+00     3     1 -3.273427E-01 -8.220843E-03
  5.840400E+00     3     2  0.000000E+00  0.000000E+00
  5.840400E+00     3     3  1.454855E+04 -3.483256E+00
  5.840400E+00     3     4  0.000000E+00  0.000000E+00
  5.840400E+00     3     5  7.413929E+00 -1.218568E-02
  5.840400E+00     3     6  0.000000E+00  0.000000E+00
  5.840400E+00     4     1  0.000000E+00  0.000000E+00
  5.840400E+00     4     2  8.351713E+04  7.155846E+01
  5.840400E+00     4     3  0.000000E+00  0.000000E+00
  5.840400E+00     4     4  7.166545E+06 -3.502920E+02
  5.840400E+00     4     5  0.000000E+00  0.000000E+00
  5.840400E+00     4     6  2.024127E+01  1.225926E-01
  5.840400E+00     5     1 -8.351953E+04 -7.161463E+01
  5.840400E+00     5     2  0.000000E+00  0.000000E+00
  5.840400E+00     5     3 -2.784590E+00 -1.897411E-02
  5.840400E+00     5     4  0.000000E+00  0.000000E+00
  5.840400E+00     5     5  7.166666E+06 -3.496528E+02
  5.840400E+00     5     6  0.000000E+00  0.000000E+00
  5.840400E+00     6     1  0.000000E+00  0.000000E+00
  5.840400E+00     6     2  3.773777E-01 -6.003773E-02
  5.840400E+00     6     3  0.000000E+00  0.000000E+00
  5.840400E+00     6     4 -3.854848E+01 -5.127376E-01
  5.840400E+00     6     5  0.000000E+00  0.000000E+00
  5.840400E+00     6     6  4.669443E+06  3.065176E+04
  5.903200E+00     1     1  6.231326E+03  5.611842E+01
  5.903200E+00     1     2  0.000000E+00  0.000000E+00
  5.903200E+00     1     3  3.929733E-01 -7.288426E-03
  5.903200E+00     1     4  0.000000E+00  0.000000E+00
  5.903200E+00     1     5 -8.358518E+04 -7.037685E+01
  5.903200E+00     1     6  0.000000E+00  0.000000E+00
  5.903200E+00     2     1  0.000000E+00  0.000000E+00
  5.903200E+00     2     2  6.231146E+03  5.605370E+01
  5.903200E+00     2     3  0.000000E+00  0.000000E+00
  5.903200E+00     2     4  8.358030E+04  7.044998E+01
  5.903200E+00     2     5  0.000000E+00  0.000000E+00
  5.903200E+00     2     6 -7.886966E-01 -1.220702E-01
  5.903200E+00     3     1 -3.257206E-01 -9.247625E-03
  5.903200E+00     3     2  0.000000E+00  0.000000E+00
  5.903200E+00     3     3  1.455826E+04 -9.265312E-01
  5.903200E+00     3     4  0.000000E+00  0.000000E+00
  5.903200E+00     3     5  7.501989E+00 -4.595477E-05
  5.903200E+00     3     6  0.000000E+00  0.000000E+00
  5.903200E+00     4     1  0.000000E+00  0.000000E+00
  5.903200E+00     4     2  8.373614E+04 -2.797221E+01
  5.903200E+00     4     3  0.000000E+00  0.000000E+00
  5.903200E+00     4     4  7.166389E+06 -1.578217E+03
  5.903200E+00     4     5  0.000000E+00  0.000000E+00
  5.903200E+00     4     6  2.019674E+01  1.019489E+00
  5.903200E+00     5     1 -8.373892E+04  2.835602E+01
  5.903200E+00     5     2  0.000000E+00  0.000000E+00
  5.903200E+00     5     3 -2.695393E+00  9.249864E-03
  5.903200E+00     5     4  0.000000E+00  0.000000E+00
  5.903200E+00     5     5  7.166510E+06 -1.579313E+03
  5.903200E+00     5     6  0.000000E+00  0.000000E+00
  5.903200E+00     6     1  0.000000E+00  0.000000E+00
  5.903200E+00     6     2  4.710094E-01  1.603488E-01
  5.903200E+00     6     3  0.000000E+00  0.000000E+00
  5.903200E+00     6     4 -3.752830E+01 -5.413580E-01
  5.903200E+00     6     5  0.000000E+00  0.000000E+00
  5.903200E+00     6     6  4.670345E+06  8.907569E+03
  5.966000E+00     1     1  6.228991E+03  2.203979E+00
  5.966000E+00     1     2  0.000000E+00  0.000000E+00
  5.966000E+00     1     3  3.926300E-01  1.244362E-03
  5.966000E+00     1     4  0.000000E+00  0.000000E+00
  5.966000E+00     1     5 -8.337820E+04  2.021501E+01
  5.966000E+00     1     6  0.000000E+00  0.000000E+00
  5.966000E+00     2     1  0.000000E+00  0.000000E+00
  5.966000E+00     2     2  6.228869E+03  2.210115E+00
  5.966000E+00     2     3  0.000000E+00  0.000000E+00
  5.966000E+00     2     4  8.337359E+04 -2.026804E+01
  5.966000E+00     2     5  0.000000E+00  0.000000E+00
  5.966000E+00     2     6 -5.609053E-01 -4.515310E-02
  5.966000E+00     3     1 -3.196486E-01  3.303569E-04
  5.966000E+00     3     2  0.000000E+00  0.000000E+00
  5.966000E+00     3     3  1.455419E+04 -1.148368E+00
  5.966000E+00     3     4  0.000000E+00  0.000000E+00
  5.966000E+00     3     5  7.419742E+00  9.070503E-04
  5.966000E+00     3     6  0.000000E+00  0.000000E+00
  5.966000E+00     4     1  0.000000E+00  0.000000E+00
  5.966000E+00     4     2  8.352025E+04  1.676926E+01
  5.966000E+00     4     3  0.000000E+00  0.000000E+00
  5.966000E+00     4     4  7.166579E+06 -2.018450E+02
  5.966000E+00     4     5  0.000000E+00  0.000000E+00
  5.966000E+00     4     6  2.049679E+01 -1.349176E-01
  5.966000E+00     5     1 -8.352266E+04 -1.678898E+01
  5.966000E+00     5     2  0.000000E+00  0.000000E+00
  5.966000E+00     5     3 -2.750396E+00 -4.055879E-03
  5.966000E+00     5     4  0.000000E+00  0.000000E+00
  5.966000E+00     5     5  7.166701E+06 -2.013745E+02
  5.966000E+00     5     6  0.000000E+00  0.000000E+00
  5.966000E+00     6     1  0.000000E+00  0.000000E+00
  5.966000E+00     6     2  3.376584E-01  1.592240E-02
  5.966000E+00     6     3  0.000000E+00  0.000000E+00
  5.966000E+00     6     4 -3.916279E+01  5.485666E-01
  5.966000E+00     6     5  0.000000E+00  0.000000E+00
  5.966000E+00     6     6  4.672412E+06  4.035465E+03
  6.028800E+00     1     1  6.216821E+03 -1.250488E+01
  6.028800E+00     1     2  0.000000E+00  0.000000E+00
  6.028800E+00     1     3  3.898897E-01  1.470205E-03
  6.028800E+00     1     4  0.000000E+00  0.000000E+00
  6.028800E+00     1     5 -8.332636E+04  6.656679E+01
  6.028800E+00     1     6  0.000000E+00  0.000000E+00
  6.028800E+00     2     1  0.000000E+00  0.000000E+00
  6.028800E+00     2     2  6.216691E+03 -1.253559E+01
  6.028800E+00     2     3  0.000000E+00  0.000000E+00
  6.028800E+00     2     4  8.332193E+04 -6.697102E+01
  6.028800E+00     2     5  0.000000E+00  0.000000E+00
  6.028800E+00     2     6 -5.662521E-01 -5.878107E-02
  6.028800E+00     3     1 -3.232429E-01 -2.668921E-03
  6.028800E+00     3     2  0.000000E+00  0.000000E+00
  6.028800E+00     3     3  1.456053E+04 -3.488221E+00
  6.028800E+00     3     4  0.000000E+00  0.000000E+00
  6.028800E+00     3     5  7.434341E+00  1.446095E-01
  6.028800E+00     3     6  0.000000E+00  0.000000E+00
  6.028800E+00     4     1  0.000000E+00  0.000000E+00
  6.028800E+00     4     2  8.351330E+04 -1.759574E+01
  6.028800E+00     4     3  0.000000E+00  0.000000E+00
  6.028800E+00     4     4  7.166842E+06 -8.294393E+00
  6.028800E+00     4     5  0.000000E+00  0.000000E+00
  6.028800E+00     4     6  2.155247E+01 -1.676711E-01
  6.028800E+00     5     1 -8.351570E+04  1.758754E+01
  6.028800E+00     5     2  0.000000E+00  0.000000E+00
  6.028800E+00     5     3 -2.750457E+00  2.533360E-02
  6.028800E+00     5     4  0.000000E+00  0.000000E+00
  6.028800E+00     5     5  7.166964E+06 -7.252316E+00
  6.028800E+00     5     6  0.000000E+00  0.000000E+00
  6.028800E+00     6     1  0.000000E+00  0.000000E+00
  6.028800E+00     6     2  2.546447E-01  1.867665E-01
  6.028800E+00     6     3  0.000000E+00  0.000000E+00
  6.028800E+00     6     4 -3.892638E+01 -6.935832E-01
  6.028800E+00     6     5  0.000000E+00  0.000000E+00
  6.028800E+00     6     6  4.662612E+06 -2.113615E+04
  6.091600E+00     1     1  6.152946E+03  8.084182E+00
  6.091600E+00     1     2  0.000000E+00  0.000000E+00
  6.091600E+00     1     3  3.891204E-01 -1.537650E-04
  6.091600E+00     1     4  0.000000E+00  0.000000E+00
  6.091600E+00     1     5 -8.329152E+04 -5.096005E+01
  6.091600E+00     1     6  0.000000E+00  0.000000E+00
  6.091600E+00     2     1  0.000000E+00  0.000000E+00
  6.091600E+00     2     2  6.152827E+03  8.012517E+00
  6.091600E+00     2     3  0.000000E+00  0.000000E+00
  6.091600E+00     2     4  8.328687E+04  5.051068E+01
  6.091600E+00     2     5  0.000000E+00  0.000000E+00
  6.091600E+00     2     6 -3.970407E-01  1.294159E-01
  6.091600E+00     3     1 -3.241098E-01 -5.347962E-03
  6.091600E+00     3     2  0.000000E+00  0.000000E+00
  6.091600E+00     3     3  1.455554E+04  3.335162E-01
  6.091600E+00     3     4  0.000000E+00  0.000000E+00
  6.091600E+00     3     5  7.435772E+00  4.426179E-02
  6.091600E+00     3     6  0.000000E+00  0.000000E+00
  6.091600E+00     4     1  0.000000E+00  0.000000E+00
  6.091600E+00     4     2  8.360821E+04  6.889310E+01
  6.091600E+00     4     3  0.000000E+00  0.000000E+00
  6.091600E+00     4     4  7.166692E+06 -1.383666E+03
  6.091600E+00     4     5  0.000000E+00  0.000000E+00
  6.091600E+00     4     6  2.041545E+01 -1.160487E+00
  6.091600E+00     5     1 -8.361076E+04 -6.903920E+01
  6.091600E+00     5     2  0.000000E+00  0.000000E+00
  6.091600E+00     5     3 -2.763146E+00 -9.514195E-04
  6.091600E+00     5     4  0.000000E+00  0.000000E+00
  6.091600E+00     5     5  7.166814E+06 -1.383820E+03
  6.091600E+00     5     6  0.000000E+00  0.000000E+00
  6.091600E+00     6     1  0.000000E+00  0.000000E+00
  6.091600E+00     6     2  1.272753E-01 -1.463495E-01
  6.091600E+00     6     3  0.000000E+00  0.000000E+00
  6.091600E+00     6     4 -3.918359E+01  1.295463E+00
  6.091600E+00     6     5  0.000000E+00  0.000000E+00
  6.091600E+00     6     6  4.629180E+06  8.963245E+02
  6.154400E+00     1     1  6.120837E+03  2.387145E+01
  6.154400E+00     1     2  0.000000E+00  0.000000E+00
  6.154400E+00     1     3  3.872401E-01 -3.873283E-03
  6.154400E+00     1     4  0.000000E+00  0.000000E+00
  6.154400E+00     1     5 -8.319667E+04  8.281643E+01
  6.154400E+00     1     6  0.000000E+00  0.000000E+00
  6.154400E+00     2     1  0.000000E+00  0.000000E+00
  6.154400E+00     2     2  6.120734E+03  2.376615E+01
  6.154400E+00     2     3  0.000000E+00  0.000000E+00
  6.154400E+00     2     4  8.319242E+04 -8.440896E+01
  6.154400E+00     2     5  0.000000E+00  0.000000E+00
  6.154400E+00     2     6 -6.963563E-01 -6.593625E-01
  6.154400E+00     3     1 -3.268424E-01 -8.581723E-04
  6.154400E+00     3     2  0.000000E+00  0.000000E+00
  6.154400E+00     3     3  1.455963E+04 -2.719242E+00
  6.154400E+00     3     4  0.000000E+00  0.000000E+00
  6.154400E+00     3     5  7.449753E+00 -1.136439E-02
  6.154400E+00     3     6  0.000000E+00  0.000000E+00
  6.154400E+00     4     1  0.000000E+00  0.000000E+00
  6.154400E+00     4     2  8.356667E+04 -5.568732E+01
  6.154400E+00     4     3  0.000000E+00  0.000000E+00
  6.154400E+00     4     4  7.167289E+06  1.044208E+02
  6.154400E+00     4     5  0.000000E+00  0.000000E+00
  6.154400E+00     4     6  2.006447E+01  1.737632E+00
  6.154400E+00     5     1 -8.356906E+04  5.575479E+01
  6.154400E+00     5     2  0.000000E+00  0.000000E+00
  6.154400E+00     5     3 -2.753534E+00  9.663587E-04
  6.154400E+00     5     4  0.000000E+00  0.000000E+00
  6.154400E+00     5     5  7.167409E+06  1.038906E+02
  6.154400E+00     5     6  0.000000E+00  0.000000E+00
  6.154400E+00     6     1  0.000000E+00  0.000000E+00
  6.154400E+00     6     2  5.794765E-01 -1.922079E-01
  6.154400E+00     6     3  0.000000E+00  0.000000E+00
  6.154400E+00     6     4 -3.907195E+01  1.555887E+00
  6.154400E+00     6     5  0.000000E+00  0.000000E+00
  6.154400E+00     6     6  4.637115E+06 -4.019912E+04
  6.217200E+00     1     1  6.204361E+03  4.613533E+01
  6.217200E+00     1     2  0.000000E+00  0.000000E+00
  6.217200E+00     1     3  3.896860E-01  9.713335E-04
  6.217200E+00     1     4  0.000000E+00  0.000000E+00
  6.217200E+00     1     5 -8.322410E+04 -9.256866E+01
  6.217200E+00     1     6  0.000000E+00  0.000000E+00
  6.217200E+00     2     1  0.000000E+00  0.000000E+00
  6.217200E+00     2     2  6.204203E+03  4.612560E+01
  6.217200E+00     2     3  0.000000E+00  0.000000E+00
  6.217200E+00     2     4  8.321913E+04  9.254735E+01
  6.217200E+00     2     5  0.000000E+00  0.000000E+00
  6.217200E+00     2     6 -6.792008E-01  4.239314E-02
  6.217200E+00     3     1 -3.397804E-01 -1.858210E-02
  6.217200E+00     3     2  0.000000E+00  0.000000E+00
  6.217200E+00     3     3  1.455385E+04  7.893818E+00
  6.217200E+00     3     4  0.000000E+00  0.000000E+00
  6.217200E+00     3     5  7.718838E+00  3.036988E-01
  6.217200E+00     3     6  0.000000E+00  0.000000E+00
  6.217200E+00     4     1  0.000000E+00  0.000000E+00
  6.217200E+00     4     2  8.351331E+04  3.650436E+01
  6.217200E+00     4     3  0.000000E+00  0.000000E+00
  6.217200E+00     4     4  7.166906E+06 -2.314758E+02
  6.217200E+00     4     5  0.000000E+00  0.000000E+00
  6.217200E+00     4     6  2.073131E+01  2.091969E-02
  6.217200E+00     5     1 -8.351582E+04 -3.660313E+01
  6.217200E+00     5     2  0.000000E+00  0.000000E+00
  6.217200E+00     5     3 -2.770431E+00  8.128104E-03
  6.217200E+00     5     4  0.000000E+00  0.000000E+00
  6.217200E+00     5     5  7.167029E+06 -2.303261E+02
  6.217200E+00     5     6  0.000000E+00  0.000000E+00
  6.217200E+00     6     1  0.000000E+00  0.000000E+00
  6.217200E+00     6     2  3.218413E-01  2.606095E-02
  6.217200E+00     6     3  0.000000E+00  0.000000E+00
  6.217200E+00     6     4 -3.819621E+01  8.150268E-01
  6.217200E+00     6     5  0.000000E+00  0.000000E+00
  6.217200E+00     6     6  4.661596E+06  4.573413E+04
  6.280000E+00     1     1  6.286264E+03  4.490204E+01
  6.280000E+00     1     2  0.000000E+00  0.000000E+00
  6.280000E+00     1     3  3.921792E-01  2.083433E-03
  6.280000E+00     1     4  0.000000E+00  0.000000E+00
  6.280000E+00     1     5 -8.337508E+04 -9.498238E+01
  6.280000E+00     1     6  0.000000E+00  0.000000E+00
  6.280000E+00     2     1  0.000000E+00  0.000000E+00
  6.280000E+00     2     2  6.286102E+03  4.489762E+01
  6.280000E+00     2     3  0.000000E+00  0.000000E+00
  6.280000E+00     2     4  8.336984E+04  9.489198E+01
  6.280000E+00     2     5  0.000000E+00  0.000000E+00
  6.280000E+00     2     6 -8.835862E-01  1.398906E-01
  6.280000E+00     3     1 -3.234124E-01  4.699843E-03
  6.280000E+00     3     2  0.000000E+00  0.000000E+00
  6.280000E+00     3     3  1.456011E+04 -2.405614E+00
  6.280000E+00     3     4  0.000000E+00  0.000000E+00
  6.280000E+00     3     5  7.495796E+00 -3.658081E-02
  6.280000E+00     3     6  0.000000E+00  0.000000E+00
  6.280000E+00     4     1  0.000000E+00  0.000000E+00
  6.280000E+00     4     2  8.350143E+04  2.926631E+01
  6.280000E+00     4     3  0.000000E+00  0.000000E+00
  6.280000E+00     4     4  7.167284E+06 -2.583314E+02
  6.280000E+00     4     5  0.000000E+00  0.000000E+00
  6.280000E+00     4     6  2.075598E+01 -1.610425E-01
  6.280000E+00     5     1 -8.350383E+04 -2.931974E+01
  6.280000E+00     5     2  0.000000E+00  0.000000E+00
  6.280000E+00     5     3 -2.744817E+00  2.711038E-03
  6.280000E+00     5     4  0.000000E+00  0.000000E+00
  6.280000E+00     5     5  7.167406E+06 -2.575251E+02
  6.280000E+00     5     6  0.000000E+00  0.000000E+00
  6.280000E+00     6     1  0.000000E+00  0.000000E+00
  6.280000E+00     6     2  2.520697E-01 -1.154494E-01
  6.280000E+00     6     3  0.000000E+00  0.000000E+00
  6.280000E+00     6     4 -3.898199E+01  7.754687E-02
  6.280000E+00     6     5  0.000000E+00  0.000000E+00
  6.280000E+00     6     6  4.668148E+06  3.337431E+04