 0.000000E+00       1       1     8.257257E+03 
 0.000000E+00       1       2     1.474876E+00 
 0.000000E+00       1       3     4.702792E+01 
 0.000000E+00       1       4    -2.745393E+01 
 0.000000E+00       1       5    -8.049841E+04 
 0.000000E+00       1       6     2.047230E+02 
 0.000000E+00       2       1     1.158804E+00 
 0.000000E+00       2       2     8.574113E+03 
 0.000000E+00       2       3    -1.257734E+00 
 0.000000E+00       2       4     9.159036E+04 
 0.000000E+00       2       5     3.195394E+01 
 0.000000E+00       2       6     9.014874E+04 
 0.000000E+00       3       1     5.561976E+01 
 0.000000E+00       3       2    -1.848240E+00 
 0.000000E+00       3       3     1.330234E+04 
 0.000000E+00       3       4     8.595512E+00 
 0.000000E+00       3       5    -1.138471E+05 
 0.000000E+00       3       6    -1.051395E+02 
 0.000000E+00       4       1     2.492688E+00 
 0.000000E+00       4       2     9.183801E+04 
 0.000000E+00       4       3     3.147293E+01 
 0.000000E+00       4       4     3.430354E+06 
 0.000000E+00       4       5     7.483835E+02 
 0.000000E+00       4       6     1.207400E+06 
 0.000000E+00       5       1    -8.093443E+04 
 0.000000E+00       5       2     1.137008E+02 
 0.000000E+00       5       3    -1.137504E+05 
 0.000000E+00       5       4     2.388382E+03 
 0.000000E+00       5       5     7.270758E+06 
 0.000000E+00       5       6     4.363044E+03 
 0.000000E+00       6       1     8.541849E+01 
 0.000000E+00       6       2     9.024401E+04 
 0.000000E+00       6       3     2.862363E+00 
 0.000000E+00       6       4     1.210637E+06 
 0.000000E+00       6       5     1.833590E+03 
 0.000000E+00       6       6     1.191368E+07 
-1.000000E+00       1       1     6.425189E+03 
-1.000000E+00       1       2     5.455881E-01 
-1.000000E+00       1       3    -4.605558E+00 
-1.000000E+00       1       4    -1.674806E+01 
-1.000000E+00       1       5    -6.795736E+04 
-1.000000E+00       1       6     1.686678E+02 
-1.000000E+00       2       1     6.959957E-02 
-1.000000E+00       2       2     6.846616E+03 
-1.000000E+00       2       3     2.966804E-01 
-1.000000E+00       2       4     7.921856E+04 
-1.000000E+00       2       5     1.846651E+01 
-1.000000E+00       2       6     7.588888E+04 
-1.000000E+00       3       1     2.454687E+00 
-1.000000E+00       3       2    -1.489534E+00 
-1.000000E+00       3       3     1.265567E+04 
-1.000000E+00       3       4     9.008282E+00 
-1.000000E+00       3       5    -1.071945E+05 
-1.000000E+00       3       6    -7.829063E+01 
-1.000000E+00       4       1    -4.139575E+00 
-1.000000E+00       4       2     7.953275E+04 
-1.000000E+00       4       3     3.889779E+01 
-1.000000E+00       4       4     3.251408E+06 
-1.000000E+00       4       5     5.960102E+02 
-1.000000E+00       4       6     1.089008E+06 
-1.000000E+00       5       1    -6.847663E+04 
-1.000000E+00       5       2     8.843463E+01 
-1.000000E+00       5       3    -1.070863E+05 
-1.000000E+00       5       4     1.957961E+03 
-1.000000E+00       5       5     6.908713E+06 
-1.000000E+00       5       6     3.561943E+03 
-1.000000E+00       6       1     1.040922E+02 
-1.000000E+00       6       2     7.594420E+04 
-1.000000E+00       6       3    -4.521897E-01 
-1.000000E+00       6       4     1.090696E+06 
-1.000000E+00       6       5     4.019980E+02 
-1.000000E+00       6       6     9.690669E+06 
 6.180000E-02       1       1     8.269776E+03     5.703427E-01 
 6.180000E-02       1       2     2.507033E+00     5.794652E-04 
 6.180000E-02       1       3     4.836649E+01     1.282659E+00 
 6.180000E-02       1       4    -2.405447E+01     5.384014E-04 
 6.180000E-02       1       5    -8.059250E+04    -8.052275E+00 
 6.180000E-02       1       6     2.154943E+02     1.020699E-02 
 6.180000E-02       2       1     2.161328E+00     2.080751E-03 
 6.180000E-02       2       2     8.585917E+03     5.838944E-01 
 6.180000E-02       2       3    -1.112643E+00     1.109118E+00 
 6.180000E-02       2       4     9.169255E+04     2.840838E+00 
 6.180000E-02       2       5     2.396040E+01    -7.254507E+00 
 6.180000E-02       2       6     9.025220E+04     5.224819E+00 
 6.180000E-02       3       1     5.636761E+01     2.013290E-01 
 6.180000E-02       3       2    -1.825957E+00     8.971349E-02 
 6.180000E-02       3       3     1.335177E+04     1.228829E+02 
 6.180000E-02       3       4     8.902651E+00     4.383773E-01 
 6.180000E-02       3       5    -1.141843E+05    -8.039229E+02 
 6.180000E-02       3       6    -1.031978E+02     1.149957E+00 
 6.180000E-02       4       1     2.717267E+00     1.462892E-02 
 6.180000E-02       4       2     9.193963E+04     2.847104E+00 
 6.180000E-02       4       3     3.326127E+01     7.672666E+00 
 6.180000E-02       4       4     3.431659E+06     1.386952E+01 
 6.180000E-02       4       5     7.279632E+02    -5.018588E+01 
 6.180000E-02       4       6     1.208329E+06     2.550681E+01 
 6.180000E-02       5       1    -8.102435E+04    -9.914841E-01 
 6.180000E-02       5       2     1.116500E+02    -5.761247E-01 
 6.180000E-02       5       3    -1.140907E+05    -8.064743E+02 
 6.180000E-02       5       4     2.387206E+03    -2.816713E+00 
 6.180000E-02       5       5     7.275156E+06     5.276466E+03 
 6.180000E-02       5       6     4.401839E+03    -7.436298E+00 
 6.180000E-02       6       1     7.787023E+01    -6.841273E-02 
 6.180000E-02       6       2     9.035617E+04     5.248093E+00 
 6.180000E-02       6       3     4.880574E+00    -1.573090E+00 
 6.180000E-02       6       4     1.211634E+06     2.555861E+01 
 6.180000E-02       6       5     1.955443E+03     1.025644E+01 
 6.180000E-02       6       6     1.192053E+07     4.697485E+01 
 1.382775E-01       1       1     8.311766E+03     3.772688E+00 
 1.382775E-01       1       2     2.506391E+00    -1.225186E-03 
 1.382775E-01       1       3     5.037634E+01     1.352290E+00 
 1.382775E-01       1       4    -2.472098E+01    -2.281834E-02 
 1.382775E-01       1       5    -8.098570E+04    -8.783192E+00 
 1.382775E-01       1       6     2.157015E+02     2.501400E-03 
 1.382775E-01       2       1     2.194302E+00     3.610161E-03 
 1.382775E-01       2       2     8.627286E+03     3.873075E+00 
 1.382775E-01       2       3    -1.837706E+00     1.194129E+00 
 1.382775E-01       2       4     9.207649E+04     1.990567E+01 
 1.382775E-01       2       5     2.940963E+01    -7.478307E+00 
 1.382775E-01       2       6     9.061768E+04     3.461353E+01 
 1.382775E-01       3       1     5.905600E+01     1.885957E-01 
 1.382775E-01       3       2    -1.891632E+00     9.824251E-02 
 1.382775E-01       3       3     1.329452E+04     1.169796E+02 
 1.382775E-01       3       4     8.568063E+00     4.685749E-01 
 1.382775E-01       3       5    -1.138823E+05    -7.334173E+02 
 1.382775E-01       3       6    -1.042946E+02     1.302979E+00 
 1.382775E-01       4       1     2.670562E+00     2.592655E-02 
 1.382775E-01       4       2     9.231970E+04     1.991344E+01 
 1.382775E-01       4       3     2.824521E+01     8.148124E+00 
 1.382775E-01       4       4     3.436861E+06     1.029227E+02 
 1.382775E-01       4       5     7.685158E+02    -5.104145E+01 
 1.382775E-01       4       6     1.211829E+06     1.788147E+02 
 1.382775E-01       5       1    -8.141553E+04    -1.482839E+00 
 1.382775E-01       5       2     1.131664E+02    -5.330491E-01 
 1.382775E-01       5       3    -1.137916E+05    -7.381650E+02 
 1.382775E-01       5       4     2.405548E+03    -2.502719E+00 
 1.382775E-01       5       5     7.282274E+06     4.629525E+03 
 1.382775E-01       5       6     4.437849E+03    -7.447126E+00 
 1.382775E-01       6       1     7.453459E+01    -4.461625E-01 
 1.382775E-01       6       2     9.072462E+04     3.484169E+01 
 1.382775E-01       6       3     6.191551E+00    -1.618195E+00 
 1.382775E-01       6       4     1.215200E+06     1.799536E+02 
 1.382775E-01       6       5     2.008095E+03     1.023057E+01 
 1.382775E-01       6       6     1.195126E+07     3.132354E+02 
 2.147550E-01       1       1     8.393813E+03     1.524190E+01 
 2.147550E-01       1       2     2.491936E+00    -9.479892E-03 
 2.147550E-01       1       3     5.544285E+01     1.523230E+00 
 2.147550E-01       1       4    -2.611859E+01    -1.247252E-01 
 2.147550E-01       1       5    -8.179364E+04    -2.860892E+01 
 2.147550E-01       1       6     2.157997E+02    -4.924646E-02 
 2.147550E-01       2       1     2.255114E+00     7.809580E-03 
 2.147550E-01       2       2     8.708474E+03     1.569204E+01 
 2.147550E-01       2       3    -2.615982E+00     1.312809E+00 
 2.147550E-01       2       4     9.284649E+04     8.848005E+01 
 2.147550E-01       2       5     3.581603E+01    -7.247674E+00 
 2.147550E-01       2       6     9.133941E+04     1.398225E+02 
 2.147550E-01       3       1     6.481265E+01     2.467951E-01 
 2.147550E-01       3       2    -1.970573E+00     1.191941E-01 
 2.147550E-01       3       3     1.327589E+04     9.907643E+01 
 2.147550E-01       3       4     8.171554E+00     5.639239E-01 
 2.147550E-01       3       5    -1.139485E+05    -5.493872E+02 
 2.147550E-01       3       6    -1.058755E+02     1.728901E+00 
 2.147550E-01       4       1     2.555329E+00     5.057168E-02 
 2.147550E-01       4       2     9.308204E+04     8.830776E+01 
 2.147550E-01       4       3     2.302076E+01     8.749824E+00 
 2.147550E-01       4       4     3.447152E+06     5.041786E+02 
 2.147550E-01       4       5     8.173638E+02    -4.832826E+01 
 2.147550E-01       4       6     1.218843E+06     7.977645E+02 
 2.147550E-01       5       1    -8.221390E+04    -2.097388E+01 
 2.147550E-01       5       2     1.158908E+02    -3.266256E-01 
 2.147550E-01       5       3    -1.138641E+05    -5.600415E+02 
 2.147550E-01       5       4     2.440889E+03    -1.146547E+00 
 2.147550E-01       5       5     7.300900E+06     3.147063E+03 
 2.147550E-01       5       6     4.506797E+03    -7.147766E+00 
 2.147550E-01       6       1     6.737631E+01    -1.855212E+00 
 2.147550E-01       6       2     9.145264E+04     1.408474E+02 
 2.147550E-01       6       3     7.645740E+00    -1.591528E+00 
 2.147550E-01       6       4     1.222353E+06     8.051648E+02 
 2.147550E-01       6       5     2.125028E+03     1.107376E+01 
 2.147550E-01       6       6     1.200705E+07     1.277747E+03 
 2.912325E-01       1       1     8.532933E+03     5.681930E+01 
 2.912325E-01       1       2     2.450616E+00    -4.214574E-02 
 2.912325E-01       1       3     6.536316E+01     2.242669E+00 
 2.912325E-01       1       4    -2.864298E+01    -5.642451E-01 
 2.912325E-01       1       5    -8.328391E+04    -1.864705E+02 
 2.912325E-01       1       6     2.157549E+02    -3.970857E-01 
 2.912325E-01       2       1     2.351670E+00     2.235325E-02 
 2.912325E-01       2       2     8.847848E+03     5.924241E+01 
 2.912325E-01       2       3    -3.859901E+00     1.203387E+00 
 2.912325E-01       2       4     9.421456E+04     3.781051E+02 
 2.912325E-01       2       5     4.593837E+01    -3.632684E+00 
 2.912325E-01       2       6     9.257222E+04     5.207850E+02 
 2.912325E-01       3       1     7.581356E+01     1.070604E+00 
 2.912325E-01       3       2    -2.114479E+00     1.204859E-01 
 2.912325E-01       3       3     1.330036E+04     5.435415E+01 
 2.912325E-01       3       4     7.419692E+00     5.529616E-01 
 2.912325E-01       3       5    -1.145370E+05    -1.738170E+02 
 2.912325E-01       3       6    -1.088194E+02     1.667836E+00 
 2.912325E-01       4       1     2.270660E+00     1.082356E-01 
 2.912325E-01       4       2     9.443558E+04     3.764585E+02 
 2.912325E-01       4       3     1.494473E+01     7.782915E+00 
 2.912325E-01       4       4     3.465156E+06     2.451617E+03 
 2.912325E-01       4       5     8.948443E+02    -2.327923E+01 
 2.912325E-01       4       6     1.231204E+06     3.378805E+03 
 2.912325E-01       5       1    -8.368373E+04    -1.781808E+02 
 2.912325E-01       5       2     1.208217E+02     9.397459E-01 
 2.912325E-01       5       3    -1.144600E+05    -1.990488E+02 
 2.912325E-01       5       4     2.505070E+03     7.625116E+00 
 2.912325E-01       5       5     7.337041E+06     1.297513E+03 
 2.912325E-01       5       6     4.626492E+03     6.858641E+00 
 2.912325E-01       6       1     5.436217E+01    -7.358211E+00 
 2.912325E-01       6       2     9.269703E+04     5.249443E+02 
 2.912325E-01       6       3     9.666929E+00    -1.713743E+00 
 2.912325E-01       6       4     1.234964E+06     3.417873E+03 
 2.912325E-01       6       5     2.342310E+03     2.943262E+01 
 2.912325E-01       6       6     1.209595E+07     4.681243E+03 
 3.677100E-01       1       1     8.723353E+03     1.851113E+02 
 3.677100E-01       1       2     2.372076E+00    -1.661106E-01 
 3.677100E-01       1       3     8.442807E+01     6.719305E+00 
 3.677100E-01       1       4    -3.263970E+01    -2.265115E+00 
 3.677100E-01       1       5    -8.586634E+04    -1.056521E+03 
 3.677100E-01       1       6     2.147056E+02    -2.085145E+00 
 3.677100E-01       2       1     2.486827E+00     6.048747E-02 
 3.677100E-01       2       2     9.042498E+03     1.946140E+02 
 3.677100E-01       2       3    -5.552879E+00     1.023231E-01 
 3.677100E-01       2       4     9.634149E+04     1.429135E+03 
 3.677100E-01       2       5     5.753974E+01     1.024749E+01 
 3.677100E-01       2       6     9.426780E+04     1.705029E+03 
 3.677100E-01       3       1     9.629133E+01     6.560335E+00 
 3.677100E-01       3       2    -2.314296E+00     2.683943E-02 
 3.677100E-01       3       3     1.343599E+04    -4.035139E-01 
 3.677100E-01       3       4     6.483590E+00     5.688785E-02 
 3.677100E-01       3       5    -1.163116E+05     5.612410E+01 
 3.677100E-01       3       6    -1.126136E+02     6.481757E-01 
 3.677100E-01       4       1     1.735649E+00     1.342957E-01 
 3.677100E-01       4       2     9.653861E+04     1.418857E+03 
 3.677100E-01       4       3     4.307296E+00     6.033423E-01 
 3.677100E-01       4       4     3.494660E+06     1.071352E+04 
 3.677100E-01       4       5     9.854677E+02     6.632058E+01 
 3.677100E-01       4       6     1.250502E+06     1.296221E+04 
 3.677100E-01       5       1    -8.622284E+04    -1.035980E+03 
 3.677100E-01       5       2     1.279738E+02     5.636313E+00 
 3.677100E-01       5       3    -1.162359E+05     2.484982E+00 
 3.677100E-01       5       4     2.606944E+03     4.539631E+01 
 3.677100E-01       5       5     7.405444E+06     7.908827E+03 
 3.677100E-01       5       6     4.806593E+03     5.797986E+01 
 3.677100E-01       6       1     3.544587E+01    -2.548642E+01 
 3.677100E-01       6       2     9.441074E+04     1.721483E+03 
 3.677100E-01       6       3     1.335761E+01    -1.478836E+00 
 3.677100E-01       6       4     1.254679E+06     1.318679E+04 
 3.677100E-01       6       5     2.715626E+03     1.336687E+02 
 3.677100E-01       6       6     1.222738E+07     1.610271E+04 
 4.441875E-01       1       1     8.889262E+03     4.449414E+02 
 4.441875E-01       1       2     2.309789E+00    -5.069198E-01 
 4.441875E-01       1       3     1.161946E+02     2.724784E+01 
 4.441875E-01       1       4    -3.824203E+01    -7.248742E+00 
 4.441875E-01       1       5    -8.940033E+04    -3.988824E+03 
 4.441875E-01       1       6     2.137135E+02    -7.834353E+00 
 4.441875E-01       2       1     2.649456E+00     1.111812E-01 
 4.441875E-01       2       2     9.213628E+03     4.821002E+02 
 4.441875E-01       2       3    -6.615541E+00    -2.584411E+00 
 4.441875E-01       2       4     9.883520E+04     4.139749E+03 
 4.441875E-01       2       5     5.901765E+01     3.800360E+01 
 4.441875E-01       2       6     9.574610E+04     4.128493E+03 
 4.441875E-01       3       1     1.287293E+02     2.949836E+01 
 4.441875E-01       3       2    -2.512332E+00    -2.470479E-01 
 4.441875E-01       3       3     1.371189E+04     7.909692E+01 
 4.441875E-01       3       4     5.296803E+00    -1.610335E+00 
 4.441875E-01       3       5    -1.193830E+05    -1.423553E+03 
 4.441875E-01       3       6    -1.170694E+02    -3.922588E+00 
 4.441875E-01       4       1     4.640439E-01    -5.665550E-01 
 4.441875E-01       4       2     9.899694E+04     4.099821E+03 
 4.441875E-01       4       3    -2.504655E+00    -1.639299E+01 
 4.441875E-01       4       4     3.536205E+06     3.634318E+04 
 4.441875E-01       4       5     1.034634E+03     2.546317E+02 
 4.441875E-01       4       6     1.272471E+06     3.741082E+04 
 4.441875E-01       5       1    -8.968861E+04    -3.915573E+03 
 4.441875E-01       5       2     1.352051E+02     1.685622E+01 
 4.441875E-01       5       3    -1.192843E+05    -1.511254E+03 
 4.441875E-01       5       4     2.752175E+03     1.622074E+02 
 4.441875E-01       5       5     7.515336E+06     5.604446E+04 
 4.441875E-01       5       6     5.054834E+03     2.068043E+02 
 4.441875E-01       6       1     2.275665E+01    -6.652868E+01 
 4.441875E-01       6       2     9.590812E+04     4.175169E+03 
 4.441875E-01       6       3     2.049241E+01    -3.936403E-01 
 4.441875E-01       6       4     1.277189E+06     3.815675E+04 
 4.441875E-01       6       5     3.254026E+03     5.124564E+02 
 4.441875E-01       6       6     1.241275E+07     4.282171E+04 
 5.206650E-01       1       1     8.921693E+03     7.949475E+02 
 5.206650E-01       1       2     2.456626E+00    -1.201133E+00 
 5.206650E-01       1       3     1.475603E+02     8.700659E+01 
 5.206650E-01       1       4    -4.321388E+01    -1.790313E+01 
 5.206650E-01       1       5    -9.212021E+04    -1.054042E+04 
 5.206650E-01       1       6     2.173590E+02    -2.068810E+01 
 5.206650E-01       2       1     2.890386E+00     1.495265E-01 
 5.206650E-01       2       2     9.228609E+03     8.945040E+02 
 5.206650E-01       2       3    -5.511157E+00    -6.147877E+00 
 5.206650E-01       2       4     1.003308E+05     9.074654E+03 
 5.206650E-01       2       5     3.511439E+01     6.983819E+01 
 5.206650E-01       2       6     9.598291E+04     7.468048E+03 
 5.206650E-01       3       1     1.586460E+02     9.202001E+01 
 5.206650E-01       3       2    -2.498557E+00    -6.641062E-01 
 5.206650E-01       3       3     1.399141E+04     4.633811E+02 
 5.206650E-01       3       4     5.087176E+00    -4.516382E+00 
 5.206650E-01       3       5    -1.220234E+05    -6.346187E+03 
 5.206650E-01       3       6    -1.192395E+02    -1.146597E+01 
 5.206650E-01       4       1    -4.517397E-01    -2.703689E+00 
 5.206650E-01       4       2     1.004660E+05     8.967541E+03 
 5.206650E-01       4       3     3.362056E+00    -3.957367E+01 
 5.206650E-01       4       4     3.580110E+06     9.359515E+04 
 5.206650E-01       4       5     9.394900E+02     5.050334E+02 
 5.206650E-01       4       6     1.284243E+06     8.156379E+04 
 5.206650E-01       5       1    -9.235226E+04    -1.032404E+04 
 5.206650E-01       5       2     1.371922E+02     3.660938E+01 
 5.206650E-01       5       3    -1.218753E+05    -6.459814E+03 
 5.206650E-01       5       4     2.886559E+03     4.230190E+02 
 5.206650E-01       5       5     7.644612E+06     2.004295E+05 
 5.206650E-01       5       6     5.344898E+03     5.299476E+02 
 5.206650E-01       6       1     4.050993E+01    -1.285996E+02 
 5.206650E-01       6       2     9.614813E+04     7.568869E+03 
 5.206650E-01       6       3     3.222951E+01     7.404963E+00 
 5.206650E-01       6       4     1.289309E+06     8.342539E+04 
 5.206650E-01       6       5     3.766980E+03     1.388917E+03 
 5.206650E-01       6       6     1.267539E+07     9.851419E+04 
 5.971425E-01       1       1     8.780287E+03     1.086662E+03 
 5.971425E-01       1       2     3.331595E+00    -2.064855E+00 
 5.971425E-01       1       3     1.275924E+02     1.904907E+02 
 5.971425E-01       1       4    -4.174124E+01    -3.396081E+01 
 5.971425E-01       1       5    -9.019752E+04    -2.037807E+04 
 5.971425E-01       1       6     2.373386E+02    -3.824955E+01 
 5.971425E-01       2       1     3.329254E+00     3.777774E-01 
 5.971425E-01       2       2     8.999332E+03     1.279477E+03 
 5.971425E-01       2       3    -1.763680E+00    -8.315513E+00 
 5.971425E-01       2       4     9.890050E+04     1.555601E+04 
 5.971425E-01       2       5    -1.780653E+01     7.592286E+01 
 5.971425E-01       2       6     9.455994E+04     1.043732E+04 
 5.971425E-01       3       1     1.353588E+02     1.966786E+02 
 5.971425E-01       3       2    -2.221773E+00    -1.065589E+00 
 5.971425E-01       3       3     1.391893E+04     1.114014E+03 
 5.971425E-01       3       4     7.679667E+00    -7.864840E+00 
 5.971425E-01       3       5    -1.200992E+05    -1.393092E+04 
 5.971425E-01       3       6    -1.151407E+02    -1.908986E+01 
 5.971425E-01       4       1     6.162841E-01    -4.787464E+00 
 5.971425E-01       4       2     9.905348E+04     1.534420E+04 
 5.971425E-01       4       3     2.620894E+01    -5.580494E+01 
 5.971425E-01       4       4     3.601690E+06     1.897688E+05 
 5.971425E-01       4       5     6.318546E+02     6.571572E+02 
 5.971425E-01       4       6     1.266934E+06     1.363474E+05 
 5.971425E-01       5       1    -9.049031E+04    -1.992102E+04 
 5.971425E-01       5       2     1.238853E+02     5.940669E+01 
 5.971425E-01       5       3    -1.198765E+05    -1.403474E+04 
 5.971425E-01       5       4     2.849296E+03     8.447952E+02 
 5.971425E-01       5       5     7.698749E+06     4.747049E+05 
 5.971425E-01       5       6     5.551524E+03     1.092697E+03 
 5.971425E-01       6       1     1.146846E+02    -1.826723E+02 
 5.971425E-01       6       2     9.468638E+04     1.060530E+04 
 5.971425E-01       6       3     4.179654E+01     3.247482E+01 
 5.971425E-01       6       4     1.271501E+06     1.397983E+05 
 5.971425E-01       6       5     3.817442E+03     2.804960E+03 
 5.971425E-01       6       6     1.306235E+07     2.286379E+05 
 6.736200E-01       1       1     8.608868E+03     1.146357E+03 
 6.736200E-01       1       2     5.144039E+00    -2.491325E+00 
 6.736200E-01       1       3     2.102996E+01     2.667386E+02 
 6.736200E-01       1       4    -2.989459E+01    -4.989913E+01 
 6.736200E-01       1       5    -8.021332E+04    -2.849429E+04 
 6.736200E-01       1       6     2.853217E+02    -4.310213E+01 
 6.736200E-01       2       1     3.571185E+00     9.631261E-01 
 6.736200E-01       2       2     8.601296E+03     1.421214E+03 
 6.736200E-01       2       3     2.323489E+00    -7.026987E+00 
 6.736200E-01       2       4     9.331037E+04     2.107824E+04 
 6.736200E-01       2       5    -6.242399E+01     3.089512E+01 
 6.736200E-01       2       6     9.260767E+04     1.168226E+04 
 6.736200E-01       3       1     2.514981E+01     2.715395E+02 
 6.736200E-01       3       2    -1.761782E+00    -1.153965E+00 
 6.736200E-01       3       3     1.333605E+04     1.588509E+03 
 6.736200E-01       3       4     1.258907E+01    -8.706876E+00 
 6.736200E-01       3       5    -1.121298E+05    -1.829035E+04 
 6.736200E-01       3       6    -1.076965E+02    -1.783428E+01 
 6.736200E-01       4       1     1.025380E+00    -4.637970E+00 
 6.736200E-01       4       2     9.356566E+04     2.076386E+04 
 6.736200E-01       4       3     5.311268E+01    -5.213167E+01 
 6.736200E-01       4       4     3.570320E+06     3.096907E+05 
 6.736200E-01       4       5     2.734335E+02     5.153323E+02 
 6.736200E-01       4       6     1.212290E+06     1.704385E+05 
 6.736200E-01       5       1    -8.080942E+04    -2.782663E+04 
 6.736200E-01       5       2     9.407615E+01     6.925931E+01 
 6.736200E-01       5       3    -1.118449E+05    -1.832034E+04 
 6.736200E-01       5       4     2.461685E+03     1.254784E+03 
 6.736200E-01       5       5     7.559734E+06     8.040043E+05 
 6.736200E-01       5       6     5.521908E+03     1.858336E+03 
 6.736200E-01       6       1     2.412672E+02    -1.702458E+02 
 6.736200E-01       6       2     9.263806E+04     1.189134E+04 
 6.736200E-01       6       3     2.424919E+01     7.286153E+01 
 6.736200E-01       6       4     1.215016E+06     1.750464E+05 
 6.736200E-01       6       5     2.911331E+03     4.462083E+03 
 6.736200E-01       6       6     1.361100E+07     5.665203E+05 
 7.500975E-01       1       1     8.805606E+03     1.044048E+03 
 7.500975E-01       1       2     7.616652E+00    -1.772182E+00 
 7.500975E-01       1       3    -1.026880E+02     2.696267E+02 
 7.500975E-01       1       4    -1.219518E+01    -5.995262E+01 
 7.500975E-01       1       5    -6.562313E+04    -2.629127E+04 
 7.500975E-01       1       6     3.528963E+02     5.248262E+00 
 7.500975E-01       2       1     3.433981E+00     1.202001E+00 
 7.500975E-01       2       2     8.315846E+03     1.213889E+03 
 7.500975E-01       2       3     3.829454E+00    -3.773937E+00 
 7.500975E-01       2       4     8.471110E+04     2.212521E+04 
 7.500975E-01       2       5    -4.953596E+01    -3.197701E+01 
 7.500975E-01       2       6     9.272636E+04     1.194548E+04 
 7.500975E-01       3       1    -1.010082E+02     2.697271E+02 
 7.500975E-01       3       2    -1.394338E+00    -8.845685E-01 
 7.500975E-01       3       3     1.264601E+04     1.527965E+03 
 7.500975E-01       3       4     1.817467E+01    -5.871114E+00 
 7.500975E-01       3       5    -1.045215E+05    -1.547035E+04 
 7.500975E-01       3       6    -1.132703E+02    -7.441087E+00 
 7.500975E-01       4       1    -4.487565E+00    -9.253721E+00 
 7.500975E-01       4       2     8.515655E+04     2.178702E+04 
 7.500975E-01       4       3     7.030639E+01    -3.725983E+01 
 7.500975E-01       4       4     3.469711E+06     4.139211E+05 
 7.500975E-01       4       5     1.626013E+02     1.824023E+02 
 7.500975E-01       4       6     1.156064E+06     1.449684E+05 
 7.500975E-01       5       1    -6.672449E+04    -2.572855E+04 
 7.500975E-01       5       2     6.855738E+01     5.403777E+01 
 7.500975E-01       5       3    -1.042480E+05    -1.539762E+04 
 7.500975E-01       5       4     1.813479E+03     1.276394E+03 
 7.500975E-01       5       5     7.209223E+06     1.015936E+06 
 7.500975E-01       5       6     5.073174E+03     2.801622E+03 
 7.500975E-01       6       1     3.435543E+02    -2.377404E+01 
 7.500975E-01       6       2     9.262797E+04     1.210651E+04 
 7.500975E-01       6       3    -3.519919E+01     9.011989E+01 
 7.500975E-01       6       4     1.156195E+06     1.487641E+05 
 7.500975E-01       6       5     6.249947E+02     5.556286E+03 
 7.500975E-01       6       6     1.421033E+07     1.381102E+06 
 8.265750E-01       1       1     9.477817E+03     1.597647E+03 
 8.265750E-01       1       2     1.028170E+01     1.253754E+00 
 8.265750E-01       1       3    -2.516590E+02     2.377302E+02 
 8.265750E-01       1       4     1.619642E+01    -7.103954E+01 
 8.265750E-01       1       5    -6.049230E+04    -1.313485E+04 
 8.265750E-01       1       6     3.509049E+02     1.394215E+02 
 8.265750E-01       2       1     4.375393E+00     1.455536E+00 
 8.265750E-01       2       2     8.519349E+03     9.022995E+02 
 8.265750E-01       2       3     2.565914E+00    -1.282852E+00 
 8.265750E-01       2       4     7.797405E+04     1.640960E+04 
 8.265750E-01       2       5     4.194875E+00    -5.144348E+01 
 8.265750E-01       2       6     9.440337E+04     1.635789E+04 
 8.265750E-01       3       1    -2.458478E+02     2.306831E+02 
 8.265750E-01       3       2    -1.654215E+00    -5.664331E-01 
 8.265750E-01       3       3     1.225804E+04     1.163131E+03 
 8.265750E-01       3       4     2.043529E+01     2.207777E+00 
 8.265750E-01       3       5    -1.019585E+05    -1.073751E+04 
 8.265750E-01       3       6    -1.400981E+02    -1.644057E+01 
 8.265750E-01       4       1     2.536038E+00    -2.908056E+01 
 8.265750E-01       4       2     7.861351E+04     1.623049E+04 
 8.265750E-01       4       3     7.828535E+01    -1.660592E+01 
 8.265750E-01       4       4     3.314562E+06     4.524378E+05 
 8.265750E-01       4       5     3.434851E+02    -6.160536E+01 
 8.265750E-01       4       6     1.182820E+06     9.313099E+04 
 8.265750E-01       5       1    -6.183938E+04    -1.316969E+04 
 8.265750E-01       5       2     6.712282E+01     3.737277E+01 
 8.265750E-01       5       3    -1.017585E+05    -1.062114E+04 
 8.265750E-01       5       4     1.440495E+03     8.262560E+02 
 8.265750E-01       5       5     6.787062E+06     9.546819E+05 
 8.265750E-01       5       6     3.738786E+03     3.435395E+03 
 8.265750E-01       6       1     2.273215E+02     1.931240E+02 
 8.265750E-01       6       2     9.426505E+04     1.635560E+04 
 8.265750E-01       6       3    -9.803549E+01     3.982405E+01 
 8.265750E-01       6       4     1.182587E+06     9.369949E+04 
 8.265750E-01       6       5    -2.188012E+03     4.184112E+03 
 8.265750E-01       6       6     1.429875E+07     2.830900E+06 
 9.030525E-01       1       1     9.147682E+03     3.064005E+03 
 9.030525E-01       1       2     8.624663E+00     6.774613E+00 
 9.030525E-01       1       3    -4.132639E+02     4.500921E+01 
 9.030525E-01       1       4     6.370613E+01    -4.520844E+01 
 9.030525E-01       1       5    -6.801930E+04    -7.914053E+03 
 9.030525E-01       1       6     2.009005E+02     1.861365E+02 
 9.030525E-01       2       1     4.030073E+00     3.923990E+00 
 9.030525E-01       2       2     9.042425E+03     1.186207E+03 
 9.030525E-01       2       3     3.938790E-01    -1.724800E+00 
 9.030525E-01       2       4     8.006938E+04     9.014137E+03 
 9.030525E-01       2       5     3.767372E+01    -2.203525E+01 
 9.030525E-01       2       6     8.753442E+04     2.278176E+04 
 9.030525E-01       3       1    -3.966337E+02     4.019881E+01 
 9.030525E-01       3       2    -2.106831E+00    -1.215652E+00 
 9.030525E-01       3       3     1.216639E+04     7.963813E+02 
 9.030525E-01       3       4     1.105526E+01     9.486543E+00 
 9.030525E-01       3       5    -1.013606E+05    -7.206686E+03 
 9.030525E-01       3       6    -1.430818E+02    -5.647515E+01 
 9.030525E-01       4       1     3.547895E+01    -2.437344E+01 
 9.030525E-01       4       2     8.065905E+04     9.129641E+03 
 9.030525E-01       4       3     6.832323E+01     3.886986E+00 
 9.030525E-01       4       4     3.175474E+06     3.853060E+05 
 9.030525E-01       4       5     5.671741E+02    -3.687242E+01 
 9.030525E-01       4       6     1.249353E+06     1.598411E+05 
 9.030525E-01       5       1    -6.894815E+04    -8.416525E+03 
 9.030525E-01       5       2     6.627303E+01     3.564340E+01 
 9.030525E-01       5       3    -1.011946E+05    -7.089472E+03 
 9.030525E-01       5       4     1.527278E+03     4.837094E+02 
 9.030525E-01       5       5     6.569028E+06     6.683335E+05 
 9.030525E-01       5       6     2.616874E+03     2.641968E+03 
 9.030525E-01       6       1    -4.209138E+01     1.200575E+02 
 9.030525E-01       6       2     8.753628E+04     2.269638E+04 
 9.030525E-01       6       3    -8.061470E+01    -4.404595E+01 
 9.030525E-01       6       4     1.252943E+06     1.599445E+05 
 9.030525E-01       6       5    -2.021582E+03     1.472957E+03 
 9.030525E-01       6       6     1.326492E+07     4.145886E+06 
 9.795300E-01       1       1     7.626394E+03     3.482658E+03 
 9.795300E-01       1       2     3.835983E+00     6.411242E+00 
 9.795300E-01       1       3    -3.418688E+02    -2.867911E+02 
 9.795300E-01       1       4     5.515403E+01     5.093582E+00 
 9.795300E-01       1       5    -6.948191E+04    -1.042896E+04 
 9.795300E-01       1       6     1.308731E+02     1.017500E+02 
 9.795300E-01       2       1     1.298017E+00     2.797544E+00 
 9.795300E-01       2       2     8.971369E+03     1.835076E+03 
 9.795300E-01       2       3     1.345368E+00    -3.805718E+00 
 9.795300E-01       2       4     8.543119E+04     1.022096E+04 
 9.795300E-01       2       5     2.784601E+01     1.489210E+01 
 9.795300E-01       2       6     8.014005E+04     1.689331E+04 
 9.795300E-01       3       1    -3.234627E+02    -2.794957E+02 
 9.795300E-01       3       2    -9.883611E-01    -2.051501E+00 
 9.795300E-01       3       3     1.225585E+04     5.721620E+02 
 9.795300E-01       3       4     3.678323E+00    -1.573041E+00 
 9.795300E-01       3       5    -1.029359E+05    -3.934436E+03 
 9.795300E-01       3       6    -1.212694E+02    -9.090434E+01 
 9.795300E-01       4       1     3.395448E+01     1.246069E+00 
 9.795300E-01       4       2     8.576934E+04     1.036625E+04 
 9.795300E-01       4       3     5.449354E+01    -2.801461E-01 
 9.795300E-01       4       4     3.131033E+06     2.923136E+05 
 9.795300E-01       4       5     6.301042E+02     1.799595E+02 
 9.795300E-01       4       6     1.175463E+06     2.596924E+05 
 9.795300E-01       5       1    -6.998582E+04    -1.084626E+04 
 9.795300E-01       5       2     5.823767E+01     3.481095E+01 
 9.795300E-01       5       3    -1.028023E+05    -3.782138E+03 
 9.795300E-01       5       4     1.689900E+03     4.507946E+02 
 9.795300E-01       5       5     6.575140E+06     4.329856E+05 
 9.795300E-01       5       6     2.879376E+03     2.183725E+03 
 9.795300E-01       6       1    -3.656395E+01    -1.114923E+02 
 9.795300E-01       6       2     8.019207E+04     1.689066E+04 
 9.795300E-01       6       3    -1.649779E+01    -6.953655E+01 
 9.795300E-01       6       4     1.179053E+06     2.640298E+05 
 9.795300E-01       6       5    -5.970401E+02     1.321893E+03 
 9.795300E-01       6       6     1.182416E+07     4.391106E+06 
 1.056007E+00       1       1     6.830992E+03     2.652633E+03 
 1.056007E+00       1       2     4.427519E+00     3.922631E+00 
 1.056007E+00       1       3     2.126309E+01    -3.656838E+02 
 1.056007E+00       1       4     3.945914E+01     9.071583E+00 
 1.056007E+00       1       5    -7.050314E+04    -1.100513E+04 
 1.056007E+00       1       6     1.527717E+02    -3.094708E+00 
 1.056007E+00       2       1     3.945395E+00     5.801627E-01 
 1.056007E+00       2       2     8.678553E+03     2.052758E+03 
 1.056007E+00       2       3     3.481573E+00    -2.760985E+00 
 1.056007E+00       2       4     8.496614E+04     1.424997E+04 
 1.056007E+00       2       5    -8.983549E+00     3.131375E+00 
 1.056007E+00       2       6     8.475912E+04     1.069303E+04 
 1.056007E+00       3       1     2.945616E+01    -3.536050E+02 
 1.056007E+00       3       2     1.289491E-01    -1.227331E+00 
 1.056007E+00       3       3     1.229457E+04     5.688454E+02 
 1.056007E+00       3       4     1.505937E+01    -5.187103E+00 
 1.056007E+00       3       5    -1.052401E+05    -5.176549E+03 
 1.056007E+00       3       6    -4.903036E+01    -1.065317E+02 
 1.056007E+00       4       1     3.583225E+01     5.419610E-02 
 1.056007E+00       4       2     8.524031E+04     1.425268E+04 
 1.056007E+00       4       3     6.208021E+01     1.653301E+00 
 1.056007E+00       4       4     3.115135E+06     2.368371E+05 
 1.056007E+00       4       5     3.058497E+02     1.870166E+02 
 1.056007E+00       4       6     1.067164E+06     2.437944E+05 
 1.056007E+00       5       1    -7.083521E+04    -1.114398E+04 
 1.056007E+00       5       2     4.054685E+01     2.115688E+01 
 1.056007E+00       5       3    -1.052022E+05    -5.033409E+03 
 1.056007E+00       5       4     1.481854E+03     4.869687E+02 
 1.056007E+00       5       5     6.647859E+06     3.579971E+05 
 1.056007E+00       5       6     2.061010E+03     2.855931E+03 
 1.056007E+00       6       1     1.331411E+02    -2.104164E+02 
 1.056007E+00       6       2     8.476869E+04     1.070117E+04 
 1.056007E+00       6       3     5.104586E+01    -3.992691E+01 
 1.056007E+00       6       4     1.066524E+06     2.489310E+05 
 1.056007E+00       6       5    -1.131219E+03     1.873271E+03 
 1.056007E+00       6       6     1.098834E+07     3.841080E+06 
 1.132485E+00       1       1     7.080140E+03     2.033259E+03 
 1.132485E+00       1       2     7.987513E+00     4.644047E+00 
 1.132485E+00       1       3     1.836642E+02    -2.147712E+02 
 1.132485E+00       1       4     4.688090E+01     2.062313E+01 
 1.132485E+00       1       5    -6.835882E+04    -1.371170E+04 
 1.132485E+00       1       6     3.006563E+02     4.837932E+00 
 1.132485E+00       2       1     8.196934E+00     2.817870E+00 
 1.132485E+00       2       2     8.815524E+03     2.206105E+03 
 1.132485E+00       2       3     4.293835E+00    -1.599052E+00 
 1.132485E+00       2       4     8.304574E+04     1.593096E+04 
 1.132485E+00       2       5    -3.728705E-01    -1.717102E+01 
 1.132485E+00       2       6     9.664686E+04     1.605138E+04 
 1.132485E+00       3       1     1.873675E+02    -2.052524E+02 
 1.132485E+00       3       2     7.335092E-01    -5.754371E-01 
 1.132485E+00       3       3     1.219885E+04     4.794085E+02 
 1.132485E+00       3       4     1.977779E+01     7.769914E-01 
 1.132485E+00       3       5    -1.031017E+05    -5.743624E+03 
 1.132485E+00       3       6    -5.721346E-01    -4.264109E+01 
 1.132485E+00       4       1     4.757703E+01     1.726210E+01 
 1.132485E+00       4       2     8.338147E+04     1.587240E+04 
 1.132485E+00       4       3     5.942647E+01     9.753420E+00 
 1.132485E+00       4       4     3.105758E+06     1.900328E+05 
 1.132485E+00       4       5     3.180995E+02    -7.433808E+01 
 1.132485E+00       4       6     1.042898E+06     1.850520E+05 
 1.132485E+00       5       1    -6.886986E+04    -1.361533E+04 
 1.132485E+00       5       2     3.470311E+01    -6.033572E-01 
 1.132485E+00       5       3    -1.030993E+05    -5.662717E+03 
 1.132485E+00       5       4     1.374708E+03     2.147570E+02 
 1.132485E+00       5       5     6.613431E+06     3.237803E+05 
 1.132485E+00       5       6     7.048937E+02     1.742145E+03 
 1.132485E+00       6       1     3.369934E+02    -1.049750E+02 
 1.132485E+00       6       2     9.664735E+04     1.602370E+04 
 1.132485E+00       6       3     6.266129E+01     3.505843E+01 
 1.132485E+00       6       4     1.039854E+06     1.869795E+05 
 1.132485E+00       6       5    -1.478400E+03     1.069327E+03 
 1.132485E+00       6       6     1.114969E+07     3.533588E+06 
 1.208963E+00       1       1     7.863481E+03     2.982801E+03 
 1.208963E+00       1       2     7.982401E+00     1.748991E+01 
 1.208963E+00       1       3     3.099972E+02     6.957524E+01 
 1.208963E+00       1       4     3.604492E+01     7.702884E+01 
 1.208963E+00       1       5    -6.541748E+04    -1.283366E+04 
 1.208963E+00       1       6     2.091725E+02     3.412645E+02 
 1.208963E+00       2       1     5.905526E+00     1.701414E+01 
 1.208963E+00       2       2     9.000129E+03     3.255677E+03 
 1.208963E+00       2       3     4.050813E+00     1.985632E+00 
 1.208963E+00       2       4     8.087951E+04     1.899548E+04 
 1.208963E+00       2       5     6.321199E+00    -2.348316E+01 
 1.208963E+00       2       6     9.023806E+04     4.440807E+04 
 1.208963E+00       3       1     3.065147E+02     7.556480E+01 
 1.208963E+00       3       2     4.850331E-01     2.179835E+00 
 1.208963E+00       3       3     1.219318E+04     3.605570E+02 
 1.208963E+00       3       4     1.743336E+01     1.278743E+01 
 1.208963E+00       3       5    -1.021882E+05    -3.919274E+03 
 1.208963E+00       3       6    -5.271438E+01     4.901559E+01 
 1.208963E+00       4       1     2.714893E+01     6.836995E+01 
 1.208963E+00       4       2     8.127802E+04     1.896065E+04 
 1.208963E+00       4       3     5.152410E+01     2.099828E+01 
 1.208963E+00       4       4     3.103671E+06     1.574669E+05 
 1.208963E+00       4       5     4.445992E+02    -1.278733E+02 
 1.208963E+00       4       6     1.020040E+06     2.088842E+05 
 1.208963E+00       5       1    -6.617474E+04    -1.305018E+04 
 1.208963E+00       5       2     4.666243E+01    -3.737925E+01 
 1.208963E+00       5       3    -1.021984E+05    -3.940952E+03 
 1.208963E+00       5       4     1.496318E+03    -2.050096E+01 
 1.208963E+00       5       5     6.598909E+06     2.354722E+05 
 1.208963E+00       5       6     1.069202E+03     2.553628E+02 
 1.208963E+00       6       1     1.315503E+02     3.106083E+02 
 1.208963E+00       6       2     9.027502E+04     4.432908E+04 
 1.208963E+00       6       3    -2.775849E+01     1.139056E+02 
 1.208963E+00       6       4     1.018461E+06     2.071569E+05 
 1.208963E+00       6       5    -1.237386E+03     7.009768E+02 
 1.208963E+00       6       6     1.085323E+07     4.517263E+06 
 1.285440E+00       1       1     6.016016E+03     3.120950E+03 
 1.285440E+00       1       2    -5.660085E+00     1.239900E+01 
 1.285440E+00       1       3     1.439675E+01     1.530617E+02 
 1.285440E+00       1       4    -2.725850E+01     5.076056E+01 
 1.285440E+00       1       5    -6.370685E+04    -1.126785E+04 
 1.285440E+00       1       6    -1.241699E+01    -2.542139E+01 
 1.285440E+00       2       1    -5.692647E+00     7.642984E+00 
 1.285440E+00       2       2     7.545206E+03     4.613094E+03 
 1.285440E+00       2       3     1.400153E+00     1.430102E+00 
 1.285440E+00       2       4     7.333379E+04     2.057838E+04 
 1.285440E+00       2       5     2.253316E+01    -3.112819E+01 
 1.285440E+00       2       6     4.792508E+04     3.475653E+04 
 1.285440E+00       3       1     1.521444E+01     1.503447E+02 
 1.285440E+00       3       2    -2.136707E+00     1.029851E+00 
 1.285440E+00       3       3     1.219426E+04     2.305971E+02 
 1.285440E+00       3       4     5.594794E+00     6.789092E+00 
 1.285440E+00       3       5    -1.024729E+05    -2.470888E+03 
 1.285440E+00       3       6    -1.069859E+02    -2.759312E+01 
 1.285440E+00       4       1    -1.207288E+01     2.912884E+01 
 1.285440E+00       4       2     7.373615E+04     2.061685E+04 
 1.285440E+00       4       3     3.820642E+01     1.409138E+01 
 1.285440E+00       4       4     3.091077E+06     1.227870E+05 
 1.285440E+00       4       5     5.643027E+02    -1.216081E+02 
 1.285440E+00       4       6     9.214008E+05     1.234913E+05 
 1.285440E+00       5       1    -6.406203E+04    -1.142159E+04 
 1.285440E+00       5       2     9.760010E+01    -3.999847E+01 
 1.285440E+00       5       3    -1.023892E+05    -2.506892E+03 
 1.285440E+00       5       4     1.742541E+03    -4.054203E+01 
 1.285440E+00       5       5     6.621884E+06     1.593817E+05 
 1.285440E+00       5       6     1.781217E+03     3.384023E+02 
 1.285440E+00       6       1    -2.174340E+01    -1.628085E+02 
 1.285440E+00       6       2     4.806257E+04     3.471400E+04 
 1.285440E+00       6       3    -8.348878E+01     6.122187E-01 
 1.285440E+00       6       4     9.236044E+05     1.218885E+05 
 1.285440E+00       6       5    -1.102698E+03     6.413450E+02 
 1.285440E+00       6       6     9.305139E+06     4.327094E+06 
 1.361918E+00       1       1     5.829962E+03     2.174073E+03 
 1.361918E+00       1       2    -7.384265E+00     5.712176E+00 
 1.361918E+00       1       3    -5.602091E+01     9.058816E+01 
 1.361918E+00       1       4    -2.790385E+01     2.020660E+01 
 1.361918E+00       1       5    -6.326377E+04    -9.260384E+03 
 1.361918E+00       1       6     2.526497E+02    -7.866492E+01 
 1.361918E+00       2       1    -4.853670E+00     4.095721E+00 
 1.361918E+00       2       2     5.453169E+03     3.779638E+03 
 1.361918E+00       2       3     5.522704E-01     9.850272E-01 
 1.361918E+00       2       4     6.759488E+04     1.395565E+04 
 1.361918E+00       2       5     4.278690E+01    -1.507085E+01 
 1.361918E+00       2       6     6.047271E+04    -1.773005E+03 
 1.361918E+00       3       1    -4.994905E+01     8.693167E+01 
 1.361918E+00       3       2    -1.935643E+00     1.234763E-01 
 1.361918E+00       3       3     1.225234E+04     1.364192E+02 
 1.361918E+00       3       4     7.305129E+00     2.853478E+00 
 1.361918E+00       3       5    -1.028669E+05    -1.534516E+03 
 1.361918E+00       3       6    -6.712090E+01    -4.139574E+01 
 1.361918E+00       4       1    -6.249544E+00     1.723944E+01 
 1.361918E+00       4       2     6.791655E+04     1.401992E+04 
 1.361918E+00       4       3     3.594208E+01     7.796112E+00 
 1.361918E+00       4       4     3.096700E+06     7.494503E+04 
 1.361918E+00       4       5     6.125646E+02    -4.454736E+01 
 1.361918E+00       4       6     1.005561E+06     3.535551E+04 
 1.361918E+00       5       1    -6.368684E+04    -9.240535E+03 
 1.361918E+00       5       2     1.098997E+02     1.188575E+00 
 1.361918E+00       5       3    -1.027616E+05    -1.548270E+03 
 1.361918E+00       5       4     1.769363E+03     6.102798E+01 
 1.361918E+00       5       5     6.652119E+06     1.081311E+05 
 1.361918E+00       5       6     1.308549E+03    -4.516822E+01 
 1.361918E+00       6       1     2.448043E+02    -1.520598E+02 
 1.361918E+00       6       2     6.056896E+04    -1.714229E+03 
 1.361918E+00       6       3    -3.321059E+01    -3.492475E+01 
 1.361918E+00       6       4     1.008011E+06     3.701613E+04 
 1.361918E+00       6       5    -1.434890E+03     3.174158E+02 
 1.361918E+00       6       6     8.783038E+06     3.523103E+06 
 1.438395E+00       1       1     6.393182E+03     2.179656E+03 
 1.438395E+00       1       2    -3.083450E+00     5.300667E+00 
 1.438395E+00       1       3    -8.200824E+01    -6.633606E+00 
 1.438395E+00       1       4    -1.405933E+01     2.221978E+01 
 1.438395E+00       1       5    -6.415810E+04    -9.453210E+03 
 1.438395E+00       1       6     2.327169E+02     9.228461E+01 
 1.438395E+00       2       1    -2.102420E+00     4.584173E+00 
 1.438395E+00       2       2     5.104165E+03     2.372117E+03 
 1.438395E+00       2       3     3.268234E-01    -7.187203E-02 
 1.438395E+00       2       4     6.820784E+04     8.493598E+03 
 1.438395E+00       2       5     3.377549E+01    -5.492614E+00 
 1.438395E+00       2       6     8.064911E+04     6.928213E+03 
 1.438395E+00       3       1    -7.396478E+01    -5.494460E+00 
 1.438395E+00       3       2    -1.657835E+00    -5.406843E-01 
 1.438395E+00       3       3     1.231191E+04     8.425551E+01 
 1.438395E+00       3       4     7.274451E+00     1.903783E+00 
 1.438395E+00       3       5    -1.034749E+05    -6.834596E+02 
 1.438395E+00       3       6    -6.442328E+01    -8.262599E+00 
 1.438395E+00       4       1     1.295120E+00     2.253498E+01 
 1.438395E+00       4       2     6.850891E+04     8.505297E+03 
 1.438395E+00       4       3     3.572830E+01     3.640439E+00 
 1.438395E+00       4       4     3.118049E+06     4.582125E+04 
 1.438395E+00       4       5     5.983119E+02    -2.601074E+01 
 1.438395E+00       4       6     1.035385E+06     6.791341E+04 
 1.438395E+00       5       1    -6.466803E+04    -9.439352E+03 
 1.438395E+00       5       2     8.781739E+01     2.277143E+00 
 1.438395E+00       5       3    -1.033708E+05    -6.735327E+02 
 1.438395E+00       5       4     1.761838E+03     2.149027E+01 
 1.438395E+00       5       5     6.688318E+06     7.759439E+04 
 1.438395E+00       5       6     1.897243E+03    -7.083593E+02 
 1.438395E+00       6       1     2.387721E+02     3.713937E+00 
 1.438395E+00       6       2     8.069627E+04     6.954743E+03 
 1.438395E+00       6       3    -2.033109E+01    -4.099891E+00 
 1.438395E+00       6       4     1.035351E+06     6.934087E+04 
 1.438395E+00       6       5    -1.040323E+03    -2.918790E+02 
 1.438395E+00       6       6     8.834631E+06     2.826524E+06 
 1.514873E+00       1       1     5.638104E+03     2.989395E+03 
 1.514873E+00       1       2    -8.775223E+00     2.226831E+00 
 1.514873E+00       1       3    -1.293033E+01    -4.052392E+01 
 1.514873E+00       1       4    -2.885115E+01     1.537802E+01 
 1.514873E+00       1       5    -6.076351E+04    -1.033633E+04 
 1.514873E+00       1       6     1.284514E+02     1.202971E+02 
 1.514873E+00       2       1    -6.661646E+00     1.722208E+00 
 1.514873E+00       2       2     5.324849E+03     1.490882E+03 
 1.514873E+00       2       3     9.373372E-01    -2.905222E-02 
 1.514873E+00       2       4     6.994771E+04     5.212033E+03 
 1.514873E+00       2       5     3.407487E+01     8.611864E+00 
 1.514873E+00       2       6     7.592823E+04     1.952316E+04 
 1.514873E+00       3       1    -7.811662E+00    -3.952626E+01 
 1.514873E+00       3       2    -8.782451E-01    -1.449955E-01 
 1.514873E+00       3       3     1.236000E+04     4.597619E+01 
 1.514873E+00       3       4     8.754695E+00     2.277816E+00 
 1.514873E+00       3       5    -1.042248E+05    -2.940498E+02 
 1.514873E+00       3       6    -7.530231E+01    -2.487095E+01 
 1.514873E+00       4       1    -1.184488E+01     1.977922E+01 
 1.514873E+00       4       2     7.025438E+04     5.207741E+03 
 1.514873E+00       4       3     3.803566E+01     2.361969E+00 
 1.514873E+00       4       4     3.138581E+06     2.664218E+04 
 1.514873E+00       4       5     5.804964E+02     1.551240E+00 
 1.514873E+00       4       6     1.022894E+06     7.684398E+04 
 1.514873E+00       5       1    -6.129579E+04    -1.038959E+04 
 1.514873E+00       5       2     9.432905E+01     1.106478E+01 
 1.514873E+00       5       3    -1.041328E+05    -2.861230E+02 
 1.514873E+00       5       4     1.778732E+03     3.428904E+01 
 1.514873E+00       5       5     6.705966E+06     5.604815E+04 
 1.514873E+00       5       6     2.474350E+03    -9.117787E+02 
 1.514873E+00       6       1     1.406806E+02     7.360852E+01 
 1.514873E+00       6       2     7.599592E+04     1.955339E+04 
 1.514873E+00       6       3    -2.744082E+01    -2.670928E+01 
 1.514873E+00       6       4     1.023033E+06     7.666187E+04 
 1.514873E+00       6       5    -4.281861E+02    -3.781753E+02 
 1.514873E+00       6       6     8.767698E+06     3.045513E+06 
 1.591350E+00       1       1     4.661916E+03     1.628922E+03 
 1.591350E+00       1       2    -1.110495E+00     2.851407E-01 
 1.591350E+00       1       3    -1.004136E+00    -4.004789E+00 
 1.591350E+00       1       4    -1.569087E+01     6.326552E+00 
 1.591350E+00       1       5    -5.937322E+04    -5.131914E+03 
 1.591350E+00       1       6     1.939505E+02    -4.044520E+01 
 1.591350E+00       2       1    -6.767377E-01     1.956021E+00 
 1.591350E+00       2       2     5.764705E+03     1.073536E+03 
 1.591350E+00       2       3     6.983771E-01     2.023008E-01 
 1.591350E+00       2       4     7.208086E+04     3.841316E+03 
 1.591350E+00       2       5     1.967474E+01    -3.898575E+00 
 1.591350E+00       2       6     6.452661E+04     1.776721E+04 
 1.591350E+00       3       1     4.650811E+00    -3.364033E+00 
 1.591350E+00       3       2    -1.142794E+00     3.286445E-01 
 1.591350E+00       3       3     1.240052E+04     2.336078E+01 
 1.591350E+00       3       4     8.391765E+00     2.723847E+00 
 1.591350E+00       3       5    -1.046373E+05    -1.977446E+02 
 1.591350E+00       3       6    -5.690671E+01    -1.975965E+01 
 1.591350E+00       4       1    -7.447651E+00     1.058643E+01 
 1.591350E+00       4       2     7.239007E+04     3.825966E+03 
 1.591350E+00       4       3     3.825651E+01     2.190436E+00 
 1.591350E+00       4       4     3.157622E+06     1.802945E+04 
 1.591350E+00       4       5     5.706100E+02     3.595170E+00 
 1.591350E+00       4       6     1.002633E+06     6.141757E+04 
 1.591350E+00       5       1    -5.982824E+04    -5.147497E+03 
 1.591350E+00       5       2     7.772256E+01     1.146598E+00 
 1.591350E+00       5       3    -1.045435E+05    -1.942616E+02 
 1.591350E+00       5       4     1.779943E+03     1.282049E+01 
 1.591350E+00       5       5     6.729607E+06     2.783578E+04 
 1.591350E+00       5       6     2.438398E+03    -5.442827E+02 
 1.591350E+00       6       1     2.151331E+02    -1.090478E+02 
 1.591350E+00       6       2     6.456912E+04     1.781903E+04 
 1.591350E+00       6       3    -1.900435E+00    -2.502379E+01 
 1.591350E+00       6       4     1.003738E+06     6.125847E+04 
 1.591350E+00       6       5    -8.197477E+02     6.052108E+01 
 1.591350E+00       6       6     8.078244E+06     2.489945E+06 
 1.667828E+00       1       1     5.276257E+03     8.529763E+02 
 1.667828E+00       1       2    -1.530530E+00     1.264761E+00 
 1.667828E+00       1       3    -2.701395E+00     1.000966E+00 
 1.667828E+00       1       4    -1.017766E+01     8.302909E+00 
 1.667828E+00       1       5    -6.173764E+04    -2.987433E+03 
 1.667828E+00       1       6     2.199177E+02     6.402178E+01 
 1.667828E+00       2       1    -2.667386E+00     2.107127E+00 
 1.667828E+00       2       2     6.122778E+03     9.451974E+02 
 1.667828E+00       2       3     4.513262E-01     8.615578E-02 
 1.667828E+00       2       4     7.346072E+04     3.397353E+03 
 1.667828E+00       2       5     2.373217E+01     3.389527E+00 
 1.667828E+00       2       6     6.220165E+04     5.881092E+03 
 1.667828E+00       3       1     2.862903E+00     8.505926E-01 
 1.667828E+00       3       2    -1.522179E+00     3.009421E-01 
 1.667828E+00       3       3     1.244053E+04     1.105835E+01 
 1.667828E+00       3       4     6.965946E+00     2.437420E+00 
 1.667828E+00       3       5    -1.050357E+05    -9.899258E+01 
 1.667828E+00       3       6    -6.507359E+01    -5.357491E-01 
 1.667828E+00       4       1    -3.019401E+00     9.792371E+00 
 1.667828E+00       4       2     7.377838E+04     3.374910E+03 
 1.667828E+00       4       3     3.754795E+01     1.926285E+00 
 1.667828E+00       4       4     3.172008E+06     1.407900E+04 
 1.667828E+00       4       5     5.555828E+02     3.040905E+00 
 1.667828E+00       4       6     1.004202E+06     2.470049E+04 
 1.667828E+00       5       1    -6.221401E+04    -2.963114E+03 
 1.667828E+00       5       2     8.024608E+01     5.517415E+00 
 1.667828E+00       5       3    -1.049412E+05    -9.982434E+01 
 1.667828E+00       5       4     1.784537E+03     8.305719E+00 
 1.667828E+00       5       5     6.760758E+06     1.584322E+04 
 1.667828E+00       5       6     2.660354E+03    -7.004231E+02 
 1.667828E+00       6       1     2.238255E+02     3.498319E+01 
 1.667828E+00       6       2     6.220126E+04     5.921686E+03 
 1.667828E+00       6       3    -3.210493E+00    -4.597822E+00 
 1.667828E+00       6       4     1.005143E+06     2.502031E+04 
 1.667828E+00       6       5    -5.834560E+02    -3.183778E+02 
 1.667828E+00       6       6     8.348315E+06     1.892094E+06 
 1.744305E+00       1       1     5.987137E+03     9.399904E+02 
 1.744305E+00       1       2    -1.428863E+00     2.260798E+00 
 1.744305E+00       1       3    -8.534557E+00    -1.741191E-02 
 1.744305E+00       1       4    -6.004874E+00     1.693719E+01 
 1.744305E+00       1       5    -6.386571E+04    -3.146247E+03 
 1.744305E+00       1       6     1.737159E+02     4.244005E+01 
 1.744305E+00       2       1    -3.109649E+00     9.852512E-01 
 1.744305E+00       2       2     6.295363E+03     1.195373E+03 
 1.744305E+00       2       3     5.643530E-01    -3.737004E-01 
 1.744305E+00       2       4     7.419291E+04     3.847186E+03 
 1.744305E+00       2       5     2.063673E+01     2.221120E+00 
 1.744305E+00       2       6     7.381576E+04     4.231454E+03 
 1.744305E+00       3       1    -2.418665E+00     2.521031E-03 
 1.744305E+00       3       2    -1.479075E+00    -1.995848E-01 
 1.744305E+00       3       3     1.247341E+04     5.264737E+00 
 1.744305E+00       3       4     7.322530E+00     2.523939E-01 
 1.744305E+00       3       5    -1.053420E+05    -4.603798E+01 
 1.744305E+00       3       6    -7.963208E+01    -9.095073E+00 
 1.744305E+00       4       1     1.215246E+00     1.235086E+01 
 1.744305E+00       4       2     7.451577E+04     3.822966E+03 
 1.744305E+00       4       3     3.818934E+01    -2.848635E-01 
 1.744305E+00       4       4     3.182077E+06     1.318137E+04 
 1.744305E+00       4       5     5.277319E+02    -1.319861E+01 
 1.744305E+00       4       6     1.041688E+06     1.708693E+04 
 1.744305E+00       5       1    -6.436618E+04    -3.121291E+03 
 1.744305E+00       5       2     7.742269E+01    -3.063579E+00 
 1.744305E+00       5       3    -1.052428E+05    -4.582991E+01 
 1.744305E+00       5       4     1.786203E+03    -3.448718E+01 
 1.744305E+00       5       5     6.784282E+06     1.274282E+04 
 1.744305E+00       5       6     2.828550E+03    -8.138489E+02 
 1.744305E+00       6       1     1.876776E+02     8.882732E+00 
 1.744305E+00       6       2     7.382506E+04     4.202062E+03 
 1.744305E+00       6       3    -1.489968E+01    -1.256087E+01 
 1.744305E+00       6       4     1.042657E+06     1.696886E+04 
 1.744305E+00       6       5    -5.344220E+02    -4.419536E+02 
 1.744305E+00       6       6     8.467750E+06     1.811512E+06 
 1.820783E+00       1       1     5.557899E+03     1.632946E+03 
 1.820783E+00       1       2    -8.714444E-01     1.631501E+00 
 1.820783E+00       1       3    -6.262553E+00    -1.262740E+00 
 1.820783E+00       1       4    -2.214221E+01     2.045364E+01 
 1.820783E+00       1       5    -6.276638E+04    -4.701179E+03 
 1.820783E+00       1       6     2.136338E+02     1.479494E+02 
 1.820783E+00       2       1     5.697910E-01     9.149572E-01 
 1.820783E+00       2       2     6.133151E+03     1.151908E+03 
 1.820783E+00       2       3     8.569302E-01    -1.016931E-01 
 1.820783E+00       2       4     7.404114E+04     3.443992E+03 
 1.820783E+00       2       5     1.483975E+01    -1.778971E+00 
 1.820783E+00       2       6     7.046847E+04     1.210234E+04 
 1.820783E+00       3       1    -4.002828E-02    -1.318523E+00 
 1.820783E+00       3       2    -1.101728E+00     8.476119E-02 
 1.820783E+00       3       3     1.249759E+04     2.317397E+00 
 1.820783E+00       3       4     8.225705E+00     6.552678E-01 
 1.820783E+00       3       5    -1.055908E+05    -1.516039E+01 
 1.820783E+00       3       6    -7.052901E+01    -1.555634E+01 
 1.820783E+00       4       1    -5.875616E+00     1.778518E+01 
 1.820783E+00       4       2     7.437087E+04     3.418071E+03 
 1.820783E+00       4       3     3.854653E+01     1.404616E-01 
 1.820783E+00       4       4     3.188393E+06     1.056496E+04 
 1.820783E+00       4       5     5.762456E+02    -4.047346E+01 
 1.820783E+00       4       6     1.036656E+06     3.528923E+04 
 1.820783E+00       5       1    -6.327943E+04    -4.676382E+03 
 1.820783E+00       5       2     8.236371E+01    -6.121273E+00 
 1.820783E+00       5       3    -1.054910E+05    -1.526179E+01 
 1.820783E+00       5       4     1.871655E+03    -5.635556E+01 
 1.820783E+00       5       5     6.795046E+06     1.444581E+04 
 1.820783E+00       5       6     3.159986E+03    -1.060030E+03 
 1.820783E+00       6       1     2.314696E+02     1.218272E+02 
 1.820783E+00       6       2     7.052276E+04     1.208377E+04 
 1.820783E+00       6       3    -3.254027E+00    -1.985988E+01 
 1.820783E+00       6       4     1.037885E+06     3.527703E+04 
 1.820783E+00       6       5    -2.091774E+02    -7.375051E+02 
 1.820783E+00       6       6     8.198210E+06     1.697024E+06 
 1.897260E+00       1       1     5.301888E+03     8.755440E+02 
 1.897260E+00       1       2    -8.276935E-01     2.803320E+00 
 1.897260E+00       1       3    -3.732963E+00     1.924327E+00 
 1.897260E+00       1       4    -1.388594E+01     1.235641E+01 
 1.897260E+00       1       5    -6.247443E+04    -2.412402E+03 
 1.897260E+00       1       6     2.960822E+01     9.319470E+01 
 1.897260E+00       2       1    -1.792347E+00     3.640151E+00 
 1.897260E+00       2       2     6.135640E+03     1.052540E+03 
 1.897260E+00       2       3     7.021808E-01     2.715190E-01 
 1.897260E+00       2       4     7.434458E+04     2.953167E+03 
 1.897260E+00       2       5     2.364802E+01    -5.808896E+00 
 1.897260E+00       2       6     6.571372E+04     6.609298E+03 
 1.897260E+00       3       1     2.374699E+00     1.805494E+00 
 1.897260E+00       3       2    -1.399099E+00     4.793788E-01 
 1.897260E+00       3       3     1.251733E+04     1.018833E+00 
 1.897260E+00       3       4     7.704801E+00     1.641217E+00 
 1.897260E+00       3       5    -1.057930E+05    -1.254579E+01 
 1.897260E+00       3       6    -7.078709E+01    -7.523908E+00 
 1.897260E+00       4       1    -3.212942E+00     1.355321E+01 
 1.897260E+00       4       2     7.467816E+04     2.927504E+03 
 1.897260E+00       4       3     3.915481E+01     1.131546E+00 
 1.897260E+00       4       4     3.194860E+06     8.338408E+03 
 1.897260E+00       4       5     5.828823E+02    -2.392586E+01 
 1.897260E+00       4       6     1.029421E+06     1.865347E+04 
 1.897260E+00       5       1    -6.299296E+04    -2.392426E+03 
 1.897260E+00       5       2     8.572767E+01    -4.976655E+00 
 1.897260E+00       5       3    -1.056935E+05    -1.284752E+01 
 1.897260E+00       5       4     1.859277E+03    -2.554841E+01 
 1.897260E+00       5       5     6.806361E+06     6.980247E+03 
 1.897260E+00       5       6     3.616989E+03    -5.989758E+02 
 1.897260E+00       6       1     3.949705E+01     1.114997E+02 
 1.897260E+00       6       2     6.576054E+04     6.613737E+03 
 1.897260E+00       6       3    -2.440431E+00    -9.902855E+00 
 1.897260E+00       6       4     1.030543E+06     1.873414E+04 
 1.897260E+00       6       5     2.957604E+02    -4.636726E+02 
 1.897260E+00       6       6     8.325619E+06     1.161235E+06 
 1.973738E+00       1       1     5.562565E+03     7.825043E+02 
 1.973738E+00       1       2    -6.478002E+00     5.488121E+00 
 1.973738E+00       1       3    -8.215103E+00     1.529765E+00 
 1.973738E+00       1       4    -2.885515E+01     2.033348E+01 
 1.973738E+00       1       5    -6.339395E+04    -2.045731E+03 
 1.973738E+00       1       6     1.525460E+02    -6.976911E+01 
 1.973738E+00       2       1    -7.705429E+00     4.130025E+00 
 1.973738E+00       2       2     6.122261E+03     1.256824E+03 
 1.973738E+00       2       3     1.994677E-01    -3.244199E-02 
 1.973738E+00       2       4     7.459159E+04     3.233896E+03 
 1.973738E+00       2       5     4.072168E+01    -4.401518E+00 
 1.973738E+00       2       6     6.951050E+04     3.248272E+03 
 1.973738E+00       3       1    -1.824670E+00     1.398710E+00 
 1.973738E+00       3       2    -1.933991E+00     7.956495E-02 
 1.973738E+00       3       3     1.253345E+04     2.889206E-01 
 1.973738E+00       3       4     6.690430E+00     2.152379E-01 
 1.973738E+00       3       5    -1.059420E+05    -5.996440E+00 
 1.973738E+00       3       6    -7.508272E+01    -8.232560E+00 
 1.973738E+00       4       1    -1.853085E+01     1.669621E+01 
 1.973738E+00       4       2     7.492809E+04     3.204119E+03 
 1.973738E+00       4       3     3.809512E+01    -4.035934E-02 
 1.973738E+00       4       4     3.200262E+06     8.288428E+03 
 1.973738E+00       4       5     6.305445E+02    -2.547758E+01 
 1.973738E+00       4       6     1.042648E+06     9.112106E+03 
 1.973738E+00       5       1    -6.391635E+04    -2.024431E+03 
 1.973738E+00       5       2     1.013534E+02    -7.572102E+00 
 1.973738E+00       5       3    -1.058412E+05    -6.322959E+00 
 1.973738E+00       5       4     1.910134E+03    -3.522313E+01 
 1.973738E+00       5       5     6.818445E+06     5.414318E+03 
 1.973738E+00       5       6     3.212816E+03    -3.448487E+02 
 1.973738E+00       6       1     1.254944E+02    -6.217682E+01 
 1.973738E+00       6       2     6.955839E+04     3.211067E+03 
 1.973738E+00       6       3    -6.311401E+00    -1.022233E+01 
 1.973738E+00       6       4     1.043817E+06     8.991896E+03 
 1.973738E+00       6       5    -2.169045E+01    -1.854308E+02 
 1.973738E+00       6       6     8.554553E+06     1.145559E+06 
 2.050215E+00       1       1     5.486293E+03     7.750492E+02 
 2.050215E+00       1       2    -4.310805E+00    -7.726351E+00 
 2.050215E+00       1       3    -7.707883E+00    -4.566292E-01 
 2.050215E+00       1       4    -2.404466E+01    -9.816130E+00 
 2.050215E+00       1       5    -6.347680E+04    -1.886228E+03 
 2.050215E+00       1       6     2.575548E+02     1.324014E+02 
 2.050215E+00       2       1    -3.111556E+00    -7.937708E+00 
 2.050215E+00       2       2     5.489120E+03     7.872031E+02 
 2.050215E+00       2       3     8.290318E-01    -3.131256E-01 
 2.050215E+00       2       4     7.342022E+04     1.924743E+03 
 2.050215E+00       2       5     1.755324E+01     2.280152E+01 
 2.050215E+00       2       6     6.944046E+04     5.233463E+03 
 2.050215E+00       3       1    -1.175122E+00    -5.052814E-01 
 2.050215E+00       3       2    -1.231502E+00    -3.025418E-01 
 2.050215E+00       3       3     1.255000E+04     6.879144E-02 
 2.050215E+00       3       4     8.621492E+00    -6.825842E-01 
 2.050215E+00       3       5    -1.060989E+05     3.490059E-01 
 2.050215E+00       3       6    -7.137875E+01    -1.033756E+01 
 2.050215E+00       4       1    -7.912313E+00    -9.621467E+00 
 2.050215E+00       4       2     7.377386E+04     1.904070E+03 
 2.050215E+00       4       3     4.014684E+01    -6.685661E-01 
 2.050215E+00       4       4     3.201844E+06     4.659234E+03 
 2.050215E+00       4       5     5.759867E+02     3.166234E+01 
 2.050215E+00       4       6     1.045950E+06     1.258069E+04 
 2.050215E+00       5       1    -6.400671E+04    -1.865684E+03 
 2.050215E+00       5       2     8.640203E+01     1.867938E+01 
 2.050215E+00       5       3    -1.059979E+05     2.381632E-01 
 2.050215E+00       5       4     1.884642E+03     2.316323E+01 
 2.050215E+00       5       5     6.827373E+06     4.563371E+03 
 2.050215E+00       5       6     3.263377E+03    -8.030644E+02 
 2.050215E+00       6       1     2.329754E+02     1.268326E+02 
 2.050215E+00       6       2     6.953828E+04     5.287619E+03 
 2.050215E+00       6       3    -1.192770E+00    -1.294561E+01 
 2.050215E+00       6       4     1.047320E+06     1.272793E+04 
 2.050215E+00       6       5    -4.100902E+00    -6.327086E+02 
 2.050215E+00       6       6     8.400762E+06     1.107209E+06 
 2.126692E+00       1       1     5.600282E+03     5.576860E+02 
 2.126692E+00       1       2     8.200208E-01    -8.719697E-01 
 2.126692E+00       1       3    -6.994934E+00    -5.348190E-01 
 2.126692E+00       1       4    -1.354252E+01     5.049592E+00 
 2.126692E+00       1       5    -6.396618E+04    -1.297898E+03 
 2.126692E+00       1       6     8.290989E+01     8.023819E+01 
 2.126692E+00       2       1     1.098537E+00    -1.047642E+00 
 2.126692E+00       2       2     5.913928E+03     4.074630E+02 
 2.126692E+00       2       3     6.081450E-01     9.736582E-02 
 2.126692E+00       2       4     7.468916E+04     9.864994E+02 
 2.126692E+00       2       5     1.424481E+01     4.175407E+00 
 2.126692E+00       2       6     7.021937E+04     3.742742E+03 
 2.126692E+00       3       1    -4.953378E-01    -4.840841E-01 
 2.126692E+00       3       2    -1.323387E+00     1.677733E-01 
 2.126692E+00       3       3     1.256147E+04     7.709204E-03 
 2.126692E+00       3       4     8.721652E+00     4.720886E-01 
 2.126692E+00       3       5    -1.062145E+05     1.058458E+00 
 2.126692E+00       3       6    -7.567158E+01    -5.443304E+00 
 2.126692E+00       4       1     2.913676E-01     5.009190E+00 
 2.126692E+00       4       2     7.503852E+04     9.757285E+02 
 2.126692E+00       4       3     3.944403E+01     3.302073E-01 
 2.126692E+00       4       4     3.208369E+06     2.341605E+03 
 2.126692E+00       4       5     5.738555E+02    -6.036869E+00 
 2.126692E+00       4       6     1.050802E+06     8.713787E+03 
 2.126692E+00       5       1    -6.449928E+04    -1.282598E+03 
 2.126692E+00       5       2     8.165550E+01     3.198791E+00 
 2.126692E+00       5       3    -1.061136E+05     1.134126E+00 
 2.126692E+00       5       4     1.880202E+03    -7.990516E+00 
 2.126692E+00       5       5     6.835526E+06     2.972692E+03 
 2.126692E+00       5       6     3.599902E+03    -4.205934E+02 
 2.126692E+00       6       1     4.911903E+01     6.480891E+01 
 2.126692E+00       6       2     7.024785E+04     3.768631E+03 
 2.126692E+00       6       3    -3.519978E+00    -6.975483E+00 
 2.126692E+00       6       4     1.052020E+06     8.823553E+03 
 2.126692E+00       6       5     3.807537E+02    -2.820828E+02 
 2.126692E+00       6       6     8.508960E+06     7.647680E+05 
 2.203170E+00       1       1     5.670668E+03     6.071250E+02 
 2.203170E+00       1       2    -7.152641E-01     6.564339E-02 
 2.203170E+00       1       3    -5.866858E+00    -2.248731E-01 
 2.203170E+00       1       4    -1.509914E+01     8.267588E+00 
 2.203170E+00       1       5    -6.432630E+04    -1.317496E+03 
 2.203170E+00       1       6     1.648596E+02    -2.969292E+00 
 2.203170E+00       2       1    -6.530826E-01     5.111152E-01 
 2.203170E+00       2       2     6.141462E+03     3.822555E+02 
 2.203170E+00       2       3     3.052545E-01     1.558905E-02 
 2.203170E+00       2       4     7.540835E+04     8.577475E+02 
 2.203170E+00       2       5     1.780144E+01     5.319202E-01 
 2.203170E+00       2       6     7.063705E+04     3.921195E+03 
 2.203170E+00       3       1     7.467292E-01    -2.346049E-01 
 2.203170E+00       3       2    -1.645533E+00     1.138932E-01 
 2.203170E+00       3       3     1.257260E+04    -2.592693E-02 
 2.203170E+00       3       4     8.426152E+00     4.096603E-01 
 2.203170E+00       3       5    -1.063320E+05     6.981796E-01 
 2.203170E+00       3       6    -7.593270E+01    -1.382195E+01 
 2.203170E+00       4       1    -1.895316E+00     1.021676E+01 
 2.203170E+00       4       2     7.575273E+04     8.486287E+02 
 2.203170E+00       4       3     3.917726E+01     1.973120E-01 
 2.203170E+00       4       4     3.213142E+06     1.887581E+03 
 2.203170E+00       4       5     5.644492E+02    -1.838875E+01 
 2.203170E+00       4       6     1.053979E+06     8.397989E+03 
 2.203170E+00       5       1    -6.486178E+04    -1.299899E+03 
 2.203170E+00       5       2     8.491777E+01     1.365263E+00 
 2.203170E+00       5       3    -1.062257E+05     6.168247E-01 
 2.203170E+00       5       4     1.882485E+03    -1.471900E+01 
 2.203170E+00       5       5     6.842878E+06     2.793891E+03 
 2.203170E+00       5       6     3.332038E+03    -3.837996E+02 
 2.203170E+00       6       1     1.493225E+02    -1.661372E+01 
 2.203170E+00       6       2     7.065903E+04     3.923086E+03 
 2.203170E+00       6       3    -3.850226E+00    -1.406247E+01 
 2.203170E+00       6       4     1.055188E+06     8.441088E+03 
 2.203170E+00       6       5     1.797650E+01    -2.495225E+02 
 2.203170E+00       6       6     8.684784E+06     7.812831E+05 
 2.279647E+00       1       1     5.568509E+03     4.247453E+02 
 2.279647E+00       1       2    -2.123525E+00    -2.138719E+00 
 2.279647E+00       1       3    -6.309975E+00     5.042395E-02 
 2.279647E+00       1       4    -1.975821E+01     1.500972E+00 
 2.279647E+00       1       5    -6.432807E+04    -8.812433E+02 
 2.279647E+00       1       6     1.152320E+02     1.174889E+02 
 2.279647E+00       2       1    -2.773141E+00    -1.532388E+00 
 2.279647E+00       2       2     6.180621E+03     4.810082E+02 
 2.279647E+00       2       3     5.932429E-01    -3.427267E-01 
 2.279647E+00       2       4     7.572685E+04     9.941938E+02 
 2.279647E+00       2       5     2.020922E+01     5.057286E+00 
 2.279647E+00       2       6     6.933222E+04     2.723958E+03 
 2.279647E+00       3       1     3.228378E-01     1.698738E-02 
 2.279647E+00       3       2    -1.403378E+00    -2.647688E-01 
 2.279647E+00       3       3     1.258021E+04    -3.115135E-02 
 2.279647E+00       3       4     7.915571E+00    -4.143022E-01 
 2.279647E+00       3       5    -1.064058E+05     2.741951E-02 
 2.279647E+00       3       6    -6.566530E+01    -3.656639E+00 
 2.279647E+00       4       1    -9.066848E+00     3.013217E+00 
 2.279647E+00       4       2     7.607452E+04     9.792269E+02 
 2.279647E+00       4       3     3.881854E+01    -5.466355E-01 
 2.279647E+00       4       4     3.216502E+06     2.001722E+03 
 2.279647E+00       4       5     5.855910E+02    -3.170864E+00 
 2.279647E+00       4       6     1.053896E+06     5.708760E+03 
 2.279647E+00       5       1    -6.487023E+04    -8.668356E+02 
 2.279647E+00       5       2     8.645697E+01     3.906121E+00 
 2.279647E+00       5       3    -1.062982E+05    -5.119612E-02 
 2.279647E+00       5       4     1.904917E+03    -4.338448E+00 
 2.279647E+00       5       5     6.848087E+06     1.769409E+03 
 2.279647E+00       5       6     3.720151E+03    -6.390921E+02 
 2.279647E+00       6       1     9.231244E+01     1.277697E+02 
 2.279647E+00       6       2     6.940709E+04     2.737614E+03 
 2.279647E+00       6       3     6.466504E+00    -5.616028E+00 
 2.279647E+00       6       4     1.055196E+06     5.752467E+03 
 2.279647E+00       6       5     3.715190E+02    -5.600839E+02 
 2.279647E+00       6       6     8.601393E+06     7.059712E+05 
 2.356125E+00       1       1     5.790149E+03     3.287448E+02 
 2.356125E+00       1       2     1.111721E+00    -8.812290E-01 
 2.356125E+00       1       3    -6.194470E+00    -7.429912E-02 
 2.356125E+00       1       4    -1.223581E+01     4.771524E+00 
 2.356125E+00       1       5    -6.491292E+04    -6.541807E+02 
 2.356125E+00       1       6     1.289529E+02     2.603667E+00 
 2.356125E+00       2       1     2.181068E-01    -1.307837E+00 
 2.356125E+00       2       2     6.217553E+03     3.832247E+02 
 2.356125E+00       2       3     6.046150E-01     7.399417E-03 
 2.356125E+00       2       4     7.597245E+04     7.700837E+02 
 2.356125E+00       2       5     1.449745E+01     3.314971E+00 
 2.356125E+00       2       6     7.170367E+04     2.356916E+03 
 2.356125E+00       3       1     3.186276E-01    -6.843728E-02 
 2.356125E+00       3       2    -1.354557E+00     9.448556E-02 
 2.356125E+00       3       3     1.258366E+04    -2.398615E-02 
 2.356125E+00       3       4     8.483591E+00     1.629381E-01 
 2.356125E+00       3       5    -1.064434E+05     2.874310E-01 
 2.356125E+00       3       6    -7.906521E+01    -8.683868E+00 
 2.356125E+00       4       1    -1.568734E+00     3.888240E+00 
 2.356125E+00       4       2     7.631965E+04     7.608942E+02 
 2.356125E+00       4       3     3.947933E+01     8.862007E-03 
 2.356125E+00       4       4     3.219334E+06     1.499325E+03 
 2.356125E+00       4       5     5.727287E+02    -6.461938E+00 
 2.356125E+00       4       6     1.060357E+06     4.489304E+03 
 2.356125E+00       5       1    -6.545177E+04    -6.452224E+02 
 2.356125E+00       5       2     8.079123E+01     1.230761E+00 
 2.356125E+00       5       3    -1.063382E+05     2.754360E-01 
 2.356125E+00       5       4     1.889890E+03    -1.109253E+01 
 2.356125E+00       5       5     6.853470E+06     1.247512E+03 
 2.356125E+00       5       6     3.493582E+03    -1.936099E+02 
 2.356125E+00       6       1     9.712083E+01    -1.367992E+01 
 2.356125E+00       6       2     7.173159E+04     2.371875E+03 
 2.356125E+00       6       3    -5.152711E+00    -9.275480E+00 
 2.356125E+00       6       4     1.061592E+06     4.530820E+03 
 2.356125E+00       6       5     2.427295E+02    -1.050985E+02 
 2.356125E+00       6       6     8.733273E+06     5.351715E+05 
 2.432602E+00       1       1     5.890215E+03     5.408379E+02 
 2.432602E+00       1       2    -1.848564E+00     5.283080E+00 
 2.432602E+00       1       3    -5.825536E+00     1.489173E-01 
 2.432602E+00       1       4    -2.186971E+01     2.030398E+01 
 2.432602E+00       1       5    -6.525873E+04    -9.806473E+02 
 2.432602E+00       1       6     1.443428E+02     9.830038E+01 
 2.432602E+00       2       1    -2.003520E+00     4.080583E+00 
 2.432602E+00       2       2     6.334452E+03     4.331606E+02 
 2.432602E+00       2       3     4.967108E-01     5.427404E-02 
 2.432602E+00       2       4     7.635342E+04     8.038315E+02 
 2.432602E+00       2       5     1.928933E+01    -4.067959E+00 
 2.432602E+00       2       6     7.133090E+04     3.844795E+03 
 2.432602E+00       3       1     7.487830E-01     1.131413E-01 
 2.432602E+00       3       2    -1.449678E+00     1.448597E-01 
 2.432602E+00       3       3     1.258339E+04    -2.199252E-02 
 2.432602E+00       3       4     8.612418E+00     2.277086E-01 
 2.432602E+00       3       5    -1.064537E+05    -1.766803E-01 
 2.432602E+00       3       6    -6.886141E+01    -1.043431E+01 
 2.432602E+00       4       1    -8.992522E+00     1.819904E+01 
 2.432602E+00       4       2     7.670210E+04     7.938111E+02 
 2.432602E+00       4       3     3.899424E+01     7.301848E-02 
 2.432602E+00       4       4     3.221034E+06     1.448628E+03 
 2.432602E+00       4       5     5.944515E+02    -2.958794E+01 
 2.432602E+00       4       6     1.061410E+06     6.882208E+03 
 2.432602E+00       5       1    -6.579942E+04    -9.614256E+02 
 2.432602E+00       5       2     8.565109E+01    -6.889980E+00 
 2.432602E+00       5       3    -1.063474E+05    -2.233677E-01 
 2.432602E+00       5       4     1.904456E+03    -3.434906E+01 
 2.432602E+00       5       5     6.854631E+06     1.713642E+03 
 2.432602E+00       5       6     3.440364E+03    -5.607595E+02 
 2.432602E+00       6       1     1.409743E+02     1.016198E+02 
 2.432602E+00       6       2     7.136946E+04     3.804802E+03 
 2.432602E+00       6       3     3.092605E+00    -1.101210E+01 
 2.432602E+00       6       4     1.062658E+06     6.879327E+03 
 2.432602E+00       6       5     1.778293E+02    -4.864532E+02 
 2.432602E+00       6       6     8.784185E+06     5.696107E+05 
 2.509080E+00       1       1     5.716714E+03     2.935639E+02 
 2.509080E+00       1       2    -2.158021E+00    -4.233246E+00 
 2.509080E+00       1       3    -6.307805E+00     1.005136E-01 
 2.509080E+00       1       4    -1.847858E+01    -2.253504E+00 
 2.509080E+00       1       5    -6.509857E+04    -5.345413E+02 
 2.509080E+00       1       6     1.176711E+02     8.214657E+00 
 2.509080E+00       2       1    -2.523367E+00    -4.610830E+00 
 2.509080E+00       2       2     6.147069E+03     5.247843E+02 
 2.509080E+00       2       3     1.970971E-01    -1.109661E-01 
 2.509080E+00       2       4     7.619952E+04     9.263748E+02 
 2.509080E+00       2       5     1.754469E+01     1.117584E+01 
 2.509080E+00       2       6     7.070274E+04    -1.678503E+02 
 2.509080E+00       3       1     3.256046E-01     3.881974E-02 
 2.509080E+00       3       2    -1.787341E+00    -1.190923E-01 
 2.509080E+00       3       3     1.258664E+04     2.533522E-04 
 2.509080E+00       3       4     8.171163E+00    -1.934080E-01 
 2.509080E+00       3       5    -1.064861E+05    -1.237227E-01 
 2.509080E+00       3       6    -7.197623E+01    -2.156893E+00 
 2.509080E+00       4       1    -6.323247E+00    -1.646058E+00 
 2.509080E+00       4       2     7.655425E+04     9.145879E+02 
 2.509080E+00       4       3     3.911514E+01    -1.749544E-01 
 2.509080E+00       4       4     3.222528E+06     1.591581E+03 
 2.509080E+00       4       5     5.705268E+02     6.549507E+00 
 2.509080E+00       4       6     1.061983E+06    -9.569021E+01 
 2.509080E+00       5       1    -6.565051E+04    -5.242758E+02 
 2.509080E+00       5       2     8.589744E+01     9.313846E+00 
 2.509080E+00       5       3    -1.063810E+05    -1.764917E-01 
 2.509080E+00       5       4     1.902504E+03     5.261472E+00 
 2.509080E+00       5       5     6.857414E+06     9.243861E+02 
 2.509080E+00       5       6     3.689648E+03    -2.050085E+02 
 2.509080E+00       6       1     7.421623E+01     1.587972E+01 
 2.509080E+00       6       2     7.076640E+04    -1.209835E+02 
 2.509080E+00       6       3     1.105303E+00    -2.740354E+00 
 2.509080E+00       6       4     1.063258E+06    -4.527585E+01 
 2.509080E+00       6       5     4.362137E+02    -1.745661E+02 
 2.509080E+00       6       6     8.805263E+06     4.526687E+05 
 2.585558E+00       1       1     5.859874E+03     2.837386E+02 
 2.585558E+00       1       2    -1.085528E-01    -7.574018E-01 
 2.585558E+00       1       3    -5.920514E+00    -2.853032E-01 
 2.585558E+00       1       4    -1.570668E+01     6.613377E+00 
 2.585558E+00       1       5    -6.545863E+04    -4.739715E+02 
 2.585558E+00       1       6     1.648544E+02     4.449728E+01 
 2.585558E+00       2       1     3.005732E-02    -1.082029E+00 
 2.585558E+00       2       2     6.169556E+03     2.408540E+02 
 2.585558E+00       2       3     5.732059E-01    -1.214899E-01 
 2.585558E+00       2       4     7.636638E+04     4.269986E+02 
 2.585558E+00       2       5     1.915444E+01    -9.820566E-01 
 2.585558E+00       2       6     7.243140E+04     2.595759E+03 
 2.585558E+00       3       1     6.822485E-01    -3.401482E-01 
 2.585558E+00       3       2    -1.372426E+00    -1.092403E-01 
 2.585558E+00       3       3     1.259675E+04     1.565891E-02 
 2.585558E+00       3       4     8.550131E+00    -1.456909E-01 
 2.585558E+00       3       5    -1.065863E+05     7.291906E-01 
 2.585558E+00       3       6    -7.594237E+01    -9.781967E+00 
 2.585558E+00       4       1    -2.977522E+00     7.031483E+00 
 2.585558E+00       4       2     7.672242E+04     4.208059E+02 
 2.585558E+00       4       3     3.969714E+01    -1.578794E-01 
 2.585558E+00       4       4     3.225231E+06     7.256581E+02 
 2.585558E+00       4       5     5.998602E+02    -1.764256E+01 
 2.585558E+00       4       6     1.066184E+06     4.257414E+03 
 2.585558E+00       5       1    -6.600626E+04    -4.668708E+02 
 2.585558E+00       5       2     8.686153E+01    -2.461789E+00 
 2.585558E+00       5       3    -1.064811E+05     6.495682E-01 
 2.585558E+00       5       4     1.913082E+03    -1.891577E+01 
 2.585558E+00       5       5     6.863724E+06     7.587149E+02 
 2.585558E+00       5       6     3.393825E+03    -3.084497E+02 
 2.585558E+00       6       1     1.306431E+02     3.601579E+01 
 2.585558E+00       6       2     7.246548E+04     2.608110E+03 
 2.585558E+00       6       3    -3.455985E+00    -1.006338E+01 
 2.585558E+00       6       4     1.067441E+06     4.290231E+03 
 2.585558E+00       6       5     2.598582E+02    -2.558909E+02 
 2.585558E+00       6       6     8.890505E+06     4.271275E+05 
 2.662035E+00       1       1     5.839668E+03     2.552681E+02 
 2.662035E+00       1       2    -3.794856E-01    -1.269794E+00 
 2.662035E+00       1       3    -6.160255E+00    -9.651203E-02 
 2.662035E+00       1       4    -1.859584E+01     2.812706E+00 
 2.662035E+00       1       5    -6.555529E+04    -4.181638E+02 
 2.662035E+00       1       6     9.521834E+01     4.974320E+01 
 2.662035E+00       2       1    -4.017275E-01    -9.407504E-01 
 2.662035E+00       2       2     6.287170E+03     2.116130E+02 
 2.662035E+00       2       3     5.177262E-01    -4.000331E-02 
 2.662035E+00       2       4     7.669218E+04     3.512051E+02 
 2.662035E+00       2       5     1.838445E+01     5.114963E+00 
 2.662035E+00       2       6     7.101689E+04     1.740430E+03 
 2.662035E+00       3       1     7.819111E-01    -7.776605E-02 
 2.662035E+00       3       2    -1.411086E+00     1.971107E-02 
 2.662035E+00       3       3     1.260248E+04     3.731795E-02 
 2.662035E+00       3       4     9.032122E+00     1.759985E-01 
 2.662035E+00       3       5    -1.066403E+05     7.848358E-02 
 2.662035E+00       3       6    -7.057183E+01    -7.754868E+00 
 2.662035E+00       4       1    -6.635714E+00     3.630841E+00 
 2.662035E+00       4       2     7.704852E+04     3.454233E+02 
 2.662035E+00       4       3     3.973712E+01     7.336161E-02 
 2.662035E+00       4       4     3.227452E+06     5.588854E+02 
 2.662035E+00       4       5     5.796729E+02    -1.414592E+00 
 2.662035E+00       4       6     1.065536E+06     2.634970E+03 
 2.662035E+00       5       1    -6.610608E+04    -4.090621E+02 
 2.662035E+00       5       2     8.798043E+01     4.673999E+00 
 2.662035E+00       5       3    -1.065314E+05     1.289576E-01 
 2.662035E+00       5       4     1.919363E+03    -1.533049E+00 
 2.662035E+00       5       5     6.867302E+06     6.482659E+02 
 2.662035E+00       5       6     3.744804E+03    -3.028819E+02 
 2.662035E+00       6       1     5.161064E+01     3.606526E+01 
 2.662035E+00       6       2     7.107576E+04     1.742510E+03 
 2.662035E+00       6       3     5.083455E+00    -7.283775E+00 
 2.662035E+00       6       4     1.066842E+06     2.712899E+03 
 2.662035E+00       6       5     5.074911E+02    -2.325277E+02 
 2.662035E+00       6       6     8.878729E+06     3.630211E+05 
 2.738513E+00       1       1     5.912123E+03     2.462829E+02 
 2.738513E+00       1       2     2.747828E-01    -7.662581E-01 
 2.738513E+00       1       3    -5.506283E+00    -8.240968E-02 
 2.738513E+00       1       4    -1.528076E+01     5.070516E+00 
 2.738513E+00       1       5    -6.576346E+04    -3.835374E+02 
 2.738513E+00       1       6     1.358729E+02     1.891419E+01 
 2.738513E+00       2       1    -2.187259E-01    -6.568363E-01 
 2.738513E+00       2       2     6.351631E+03     2.265795E+02 
 2.738513E+00       2       3     5.218382E-01    -2.282772E-01 
 2.738513E+00       2       4     7.691483E+04     3.598519E+02 
 2.738513E+00       2       5     1.200053E+01     3.712585E-01 
 2.738513E+00       2       6     7.264308E+04     9.803909E+02 
 2.738513E+00       3       1     1.096373E+00    -1.282946E-01 
 2.738513E+00       3       2    -1.407431E+00    -2.271439E-01 
 2.738513E+00       3       3     1.260673E+04     4.683997E-02 
 2.738513E+00       3       4     8.408103E+00    -2.602131E-01 
 2.738513E+00       3       5    -1.066696E+05     1.946066E-01 
 2.738513E+00       3       6    -7.580464E+01    -5.527611E+00 
 2.738513E+00       4       1    -3.654666E+00     5.673076E+00 
 2.738513E+00       4       2     7.726505E+04     3.523991E+02 
 2.738513E+00       4       3     3.946984E+01    -2.433265E-01 
 2.738513E+00       4       4     3.228877E+06     5.399365E+02 
 2.738513E+00       4       5     5.797299E+02    -1.020854E+01 
 2.738513E+00       4       6     1.068736E+06     1.522822E+03 
 2.738513E+00       5       1    -6.631198E+04    -3.750324E+02 
 2.738513E+00       5       2     7.983508E+01     6.848967E-03 
 2.738513E+00       5       3    -1.065651E+05     1.478602E-01 
 2.738513E+00       5       4     1.908248E+03    -9.927331E+00 
 2.738513E+00       5       5     6.869404E+06     5.680572E+02 
 2.738513E+00       5       6     3.524739E+03    -1.741893E+02 
 2.738513E+00       6       1     1.223805E+02     1.519144E+01 
 2.738513E+00       6       2     7.269096E+04     9.887058E+02 
 2.738513E+00       6       3    -2.685707E+00    -6.008381E+00 
 2.738513E+00       6       4     1.069962E+06     1.498912E+03 
 2.738513E+00       6       5     3.254219E+02    -1.540840E+02 
 2.738513E+00       6       6     8.964988E+06     3.422492E+05 
 2.814990E+00       1       1     5.877422E+03     1.989095E+02 
 2.814990E+00       1       2    -2.033032E-01     5.468818E-02 
 2.814990E+00       1       3    -5.713414E+00    -5.377033E-02 
 2.814990E+00       1       4    -1.724304E+01     3.568003E+00 
 2.814990E+00       1       5    -6.582489E+04    -3.051541E+02 
 2.814990E+00       1       6     9.651943E+01     3.480102E+01 
 2.814990E+00       2       1    -4.272920E-01     9.062518E-02 
 2.814990E+00       2       2     6.378388E+03     2.132658E+02 
 2.814990E+00       2       3     5.848159E-01     1.542339E-01 
 2.814990E+00       2       4     7.704992E+04     3.245794E+02 
 2.814990E+00       2       5     1.993232E+01     2.431827E-01 
 2.814990E+00       2       6     7.203442E+04     2.044893E+03 
 2.814990E+00       3       1     8.111698E-01    -1.222477E-01 
 2.814990E+00       3       2    -1.293894E+00     2.037478E-01 
 2.814990E+00       3       3     1.260214E+04     6.285341E-02 
 2.814990E+00       3       4     8.977624E+00     2.516092E-01 
 2.814990E+00       3       5    -1.066453E+05    -1.448899E-01 
 2.814990E+00       3       6    -7.229034E+01    -4.165807E+00 
 2.814990E+00       4       1    -6.409797E+00     4.192051E+00 
 2.814990E+00       4       2     7.741234E+04     3.177495E+02 
 2.814990E+00       4       3     3.962838E+01     1.928525E-01 
 2.814990E+00       4       4     3.229450E+06     4.695719E+02 
 2.814990E+00       4       5     5.817459E+02    -7.546174E+00 
 2.814990E+00       4       6     1.069203E+06     2.806446E+03 
 2.814990E+00       5       1    -6.638227E+04    -2.946033E+02 
 2.814990E+00       5       2     8.907370E+01    -5.038164E-01 
 2.814990E+00       5       3    -1.065397E+05    -1.093612E-01 
 2.814990E+00       5       4     1.918034E+03    -8.032435E+00 
 2.814990E+00       5       5     6.868995E+06     4.386160E+02 
 2.814990E+00       5       6     3.733928E+03    -2.650953E+02 
 2.814990E+00       6       1     4.607806E+01     4.511877E+01 
 2.814990E+00       6       2     7.208915E+04     2.049797E+03 
 2.814990E+00       6       3     2.946244E+00    -4.087389E+00 
 2.814990E+00       6       4     1.070445E+06     2.851608E+03 
 2.814990E+00       6       5     5.109305E+02    -2.488995E+02 
 2.814990E+00       6       6     8.951325E+06     3.141902E+05 
 2.891468E+00       1       1     5.990754E+03     1.851332E+02 
 2.891468E+00       1       2    -1.794071E-01     5.464972E-01 
 2.891468E+00       1       3    -5.703233E+00    -3.106203E-01 
 2.891468E+00       1       4    -1.636241E+01     7.503073E+00 
 2.891468E+00       1       5    -6.606144E+04    -2.660995E+02 
 2.891468E+00       1       6     1.357259E+02     3.463357E+01 
 2.891468E+00       2       1    -6.157712E-01     8.906016E-02 
 2.891468E+00       2       2     6.446225E+03     2.340640E+02 
 2.891468E+00       2       3     2.967393E-01    -8.698176E-04 
 2.891468E+00       2       4     7.724918E+04     3.412650E+02 
 2.891468E+00       2       5     1.408181E+01     3.815368E+00 
 2.891468E+00       2       6     7.245953E+04     9.205636E+02 
 2.891468E+00       3       1     9.799643E-01    -2.170228E-01 
 2.891468E+00       3       2    -1.673816E+00    -2.044719E-03 
 2.891468E+00       3       3     1.261209E+04     5.492442E-02 
 2.891468E+00       3       4     8.475697E+00    -5.189276E-02 
 2.891468E+00       3       5    -1.067414E+05     2.251243E-01 
 2.891468E+00       3       6    -7.334517E+01    -7.549356E+00 
 2.891468E+00       4       1    -4.242874E+00     6.955528E+00 
 2.891468E+00       4       2     7.761173E+04     3.345871E+02 
 2.891468E+00       4       3     3.910592E+01    -2.707180E-02 
 2.891468E+00       4       4     3.231827E+06     4.799479E+02 
 2.891468E+00       4       5     6.008133E+02    -7.153062E+00 
 2.891468E+00       4       6     1.070628E+06     1.415663E+03 
 2.891468E+00       5       1    -6.661769E+04    -2.604689E+02 
 2.891468E+00       5       2     8.124502E+01     3.392362E+00 
 2.891468E+00       5       3    -1.066351E+05     4.031209E-01 
 2.891468E+00       5       4     1.916240E+03    -7.330366E+00 
 2.891468E+00       5       5     6.874628E+06     3.656706E+02 
 2.891468E+00       5       6     3.561415E+03    -2.323895E+02 
 2.891468E+00       6       1     1.084296E+02     1.986760E+01 
 2.891468E+00       6       2     7.247910E+04     9.050273E+02 
 2.891468E+00       6       3    -3.924903E-01    -7.220550E+00 
 2.891468E+00       6       4     1.071807E+06     1.412174E+03 
 2.891468E+00       6       5     4.610995E+02    -2.030207E+02 
 2.891468E+00       6       6     9.038822E+06     2.763749E+05 
 2.967945E+00       1       1     5.871247E+03     2.111185E+02 
 2.967945E+00       1       2     2.439284E+00    -3.030490E+00 
 2.967945E+00       1       3    -5.689350E+00     8.359844E-02 
 2.967945E+00       1       4    -1.502134E+01     3.415270E-02 
 2.967945E+00       1       5    -6.600093E+04    -2.948439E+02 
 2.967945E+00       1       6     8.799013E+01     2.307811E+01 
 2.967945E+00       2       1     3.002495E+00    -2.808873E+00 
 2.967945E+00       2       2     6.280681E+03     2.095744E+02 
 2.967945E+00       2       3     6.366815E-01    -2.842910E-01 
 2.967945E+00       2       4     7.711040E+04     2.986643E+02 
 2.967945E+00       2       5     1.862409E+01     2.434761E+00 
 2.967945E+00       2       6     7.263315E+04     1.098399E+03 
 2.967945E+00       3       1     9.870600E-01     7.690742E-02 
 2.967945E+00       3       2    -1.306011E+00    -3.518512E-01 
 2.967945E+00       3       3     1.261710E+04     6.271137E-02 
 2.967945E+00       3       4     8.878020E+00    -4.905138E-01 
 2.967945E+00       3       5    -1.067794E+05    -2.457329E-01 
 2.967945E+00       3       6    -7.283650E+01    -1.067963E+00 
 2.967945E+00       4       1    -2.130975E+00     1.354129E+00 
 2.967945E+00       4       2     7.746781E+04     2.965386E+02 
 2.967945E+00       4       3     4.017730E+01    -3.604947E-01 
 2.967945E+00       4       4     3.232934E+06     4.183072E+02 
 2.967945E+00       4       5     5.962118E+02    -5.046426E+00 
 2.967945E+00       4       6     1.071779E+06     1.310898E+03 
 2.967945E+00       5       1    -6.655574E+04    -2.839803E+02 
 2.967945E+00       5       2     8.986089E+01     1.426572E+00 
 2.967945E+00       5       3    -1.066748E+05    -1.379695E-01 
 2.967945E+00       5       4     1.931106E+03    -4.361896E+00 
 2.967945E+00       5       5     6.877130E+06     3.944300E+02 
 2.967945E+00       5       6     3.747291E+03    -1.906884E+02 
 2.967945E+00       6       1     4.924669E+01     3.365707E+01 
 2.967945E+00       6       2     7.266977E+04     1.123517E+03 
 2.967945E+00       6       3     2.730351E+00    -2.139314E+00 
 2.967945E+00       6       4     1.072923E+06     1.366714E+03 
 2.967945E+00       6       5     5.328398E+02    -1.883078E+02 
 2.967945E+00       6       6     9.022995E+06     2.743964E+05 
 3.044423E+00       1       1     5.993685E+03     1.419226E+02 
 3.044423E+00       1       2     2.878084E-01    -1.238747E+00 
 3.044423E+00       1       3    -5.692877E+00    -1.879004E-01 
 3.044423E+00       1       4    -1.629317E+01     4.186638E+00 
 3.044423E+00       1       5    -6.622243E+04    -1.966967E+02 
 3.044423E+00       1       6     1.507043E+02     2.027237E+01 
 3.044423E+00       2       1    -2.742535E-02    -1.084575E+00 
 3.044423E+00       2       2     6.402204E+03     1.355711E+02 
 3.044423E+00       2       3     4.832655E-01    -3.215073E-02 
 3.044423E+00       2       4     7.735000E+04     1.953880E+02 
 3.044423E+00       2       5     1.559114E+01     2.147138E+00 
 3.044423E+00       2       6     7.286903E+04     1.098783E+03 
 3.044423E+00       3       1     1.193920E+00    -1.177571E-01 
 3.044423E+00       3       2    -1.327254E+00    -5.456715E-02 
 3.044423E+00       3       3     1.261022E+04     8.000446E-02 
 3.044423E+00       3       4     8.962976E+00    -1.600840E-02 
 3.044423E+00       3       5    -1.067303E+05     6.826879E-02 
 3.044423E+00       3       6    -7.387113E+01    -8.278899E+00 
 3.044423E+00       4       1    -6.181377E+00     4.800809E+00 
 3.044423E+00       4       2     7.771471E+04     1.902618E+02 
 3.044423E+00       4       3     3.867744E+01     4.883555E-02 
 3.044423E+00       4       4     3.232832E+06     2.763668E+02 
 3.044423E+00       4       5     5.860606E+02    -6.612570E+00 
 3.044423E+00       4       6     1.072861E+06     1.558691E+03 
 3.044423E+00       5       1    -6.678419E+04    -1.901810E+02 
 3.044423E+00       5       2     8.528249E+01     2.608564E+00 
 3.044423E+00       5       3    -1.066216E+05     2.253502E-01 
 3.044423E+00       5       4     1.923927E+03    -5.687811E+00 
 3.044423E+00       5       5     6.874990E+06     2.663053E+02 
 3.044423E+00       5       6     3.515064E+03    -2.075071E+02 
 3.044423E+00       6       1     1.115735E+02     1.068610E+01 
 3.044423E+00       6       2     7.291386E+04     1.093456E+03 
 3.044423E+00       6       3    -4.106692E-01    -7.450975E+00 
 3.044423E+00       6       4     1.074097E+06     1.604895E+03 
 3.044423E+00       6       5     3.328398E+02    -1.934463E+02 
 3.044423E+00       6       6     9.097563E+06     2.284159E+05 
 3.120900E+00       1       1     6.000255E+03     1.564767E+02 
 3.120900E+00       1       2     1.333695E+00    -9.390767E-01 
 3.120900E+00       1       3    -5.761351E+00    -2.661385E-02 
 3.120900E+00       1       4    -1.842051E+01     2.243083E+00 
 3.120900E+00       1       5    -6.630433E+04    -2.110375E+02 
 3.120900E+00       1       6     8.076258E+01     5.121872E+01 
 3.120900E+00       2       1     1.265453E+00    -1.145611E+00 
 3.120900E+00       2       2     6.437075E+03     1.429760E+02 
 3.120900E+00       2       3     4.907664E-01    -1.104147E-01 
 3.120900E+00       2       4     7.748133E+04     1.928472E+02 
 3.120900E+00       2       5     1.683096E+01     1.512034E+00 
 3.120900E+00       2       6     7.259497E+04     7.868428E+02 
 3.120900E+00       3       1     1.127266E+00     2.290148E-02 
 3.120900E+00       3       2    -1.371525E+00    -1.021660E-01 
 3.120900E+00       3       3     1.262016E+04     7.096308E-02 
 3.120900E+00       3       4     8.913661E+00     7.526990E-03 
 3.120900E+00       3       5    -1.068243E+05    -2.601889E-01 
 3.120900E+00       3       6    -6.893188E+01    -1.512652E+00 
 3.120900E+00       4       1    -5.914139E+00     1.975791E+00 
 3.120900E+00       4       2     7.784439E+04     1.841825E+02 
 3.120900E+00       4       3     3.911231E+01    -4.307758E-03 
 3.120900E+00       4       4     3.234947E+06     2.532980E+02 
 3.120900E+00       4       5     5.984147E+02    -2.908372E+00 
 3.120900E+00       4       6     1.073395E+06     9.577359E+02 
 3.120900E+00       5       1    -6.686709E+04    -1.984336E+02 
 3.120900E+00       5       2     8.625602E+01     5.667792E-01 
 3.120900E+00       5       3    -1.067164E+05    -1.032214E-01 
 3.120900E+00       5       4     1.932539E+03    -2.814127E+00 
 3.120900E+00       5       5     6.880313E+06     2.741494E+02 
 3.120900E+00       5       6     3.809392E+03    -1.677501E+02 
 3.120900E+00       6       1     3.899321E+01     4.434745E+01 
 3.120900E+00       6       2     7.266659E+04     8.060019E+02 
 3.120900E+00       6       3     6.846155E+00    -1.623332E+00 
 3.120900E+00       6       4     1.074569E+06     1.083522E+03 
 3.120900E+00       6       5     6.927725E+02    -1.622071E+02 
 3.120900E+00       6       6     9.092981E+06     2.286530E+05 
 3.197377E+00       1       1     6.039029E+03     1.452488E+02 
 3.197377E+00       1       2    -3.638048E-01    -1.071450E+00 
 3.197377E+00       1       3    -5.442222E+00     4.492090E-02 
 3.197377E+00       1       4    -1.648550E+01     4.666593E+00 
 3.197377E+00       1       5    -6.641518E+04    -1.889957E+02 
 3.197377E+00       1       6     1.507376E+02     1.556528E+01 
 3.197377E+00       2       1    -1.078068E+00    -8.244376E-01 
 3.197377E+00       2       2     6.475883E+03     1.241741E+02 
 3.197377E+00       2       3     3.872836E-01     1.143826E-02 
 3.197377E+00       2       4     7.759481E+04     1.717494E+02 
 3.197377E+00       2       5     1.790502E+01     2.607800E+00 
 3.197377E+00       2       6     7.334978E+04     9.530911E+02 
 3.197377E+00       3       1     1.291238E+00     1.038859E-02 
 3.197377E+00       3       2    -1.414979E+00     3.984307E-02 
 3.197377E+00       3       3     1.262572E+04     3.896372E-02 
 3.197377E+00       3       4     8.805687E+00    -6.529291E-02 
 3.197377E+00       3       5    -1.068542E+05    -2.524844E-01 
 3.197377E+00       3       6    -7.292305E+01    -7.906309E+00 
 3.197377E+00       4       1    -6.019087E+00     5.933286E+00 
 3.197377E+00       4       2     7.795323E+04     1.615875E+02 
 3.197377E+00       4       3     3.848128E+01    -4.755971E-02 
 3.197377E+00       4       4     3.235917E+06     2.275371E+02 
 3.197377E+00       4       5     5.988297E+02    -7.040245E+00 
 3.197377E+00       4       6     1.074860E+06     1.245799E+03 
 3.197377E+00       5       1    -6.697204E+04    -1.793435E+02 
 3.197377E+00       5       2     8.686552E+01     3.190195E+00 
 3.197377E+00       5       3    -1.067483E+05    -2.926158E-01 
 3.197377E+00       5       4     1.927153E+03    -4.462367E+00 
 3.197377E+00       5       5     6.882100E+06     2.401374E+02 
 3.197377E+00       5       6     3.500224E+03    -2.067108E+02 
 3.197377E+00       6       1     1.257102E+02     2.189757E+01 
 3.197377E+00       6       2     7.337619E+04     9.572625E+02 
 3.197377E+00       6       3     1.251276E+00    -7.362960E+00 
 3.197377E+00       6       4     1.076028E+06     1.347473E+03 
 3.197377E+00       6       5     3.332304E+02    -2.157802E+02 
 3.197377E+00       6       6     9.149149E+06     1.963248E+05 
 3.273855E+00       1       1     6.036675E+03     1.184987E+02 
 3.273855E+00       1       2     2.198120E-01    -1.081233E+00 
 3.273855E+00       1       3    -5.408769E+00     6.560735E-02 
 3.273855E+00       1       4    -1.589237E+01     2.568654E+00 
 3.273855E+00       1       5    -6.647978E+04    -1.566307E+02 
 3.273855E+00       1       6     1.016647E+02    -1.922633E+01 
 3.273855E+00       2       1    -1.369044E-01    -1.128384E+00 
 3.273855E+00       2       2     6.503999E+03     1.593839E+02 
 3.273855E+00       2       3     2.416820E-01    -5.494786E-02 
 3.273855E+00       2       4     7.769812E+04     2.099394E+02 
 3.273855E+00       2       5     1.739017E+01     3.342913E+00 
 3.273855E+00       2       6     7.250861E+04     7.116564E+02 
 3.273855E+00       3       1     1.228956E+00    -5.636244E-02 
 3.273855E+00       3       2    -1.701739E+00    -3.588482E-03 
 3.273855E+00       3       3     1.261650E+04     5.735043E-02 
 3.273855E+00       3       4     8.848333E+00    -1.154766E-01 
 3.273855E+00       3       5    -1.067923E+05    -2.146913E-01 
 3.273855E+00       3       6    -7.315834E+01    -3.214567E+00 
 3.273855E+00       4       1    -5.108531E+00     3.209699E+00 
 3.273855E+00       4       2     7.806401E+04     1.981529E+02 
 3.273855E+00       4       3     3.879373E+01    -1.487582E-01 
 3.273855E+00       4       4     3.235594E+06     2.720298E+02 
 3.273855E+00       4       5     6.015085E+02    -2.810716E+00 
 3.273855E+00       4       6     1.074683E+06     8.331270E+02 
 3.273855E+00       5       1    -6.704365E+04    -1.430818E+02 
 3.273855E+00       5       2     8.638577E+01     2.101949E+00 
 3.273855E+00       5       3    -1.066880E+05    -2.130321E-01 
 3.273855E+00       5       4     1.924611E+03    -2.614832E+00 
 3.273855E+00       5       5     6.879547E+06     2.011664E+02 
 3.273855E+00       5       6     3.721295E+03    -3.765023E+01 
 3.273855E+00       6       1     5.459288E+01    -3.065007E+01 
 3.273855E+00       6       2     7.256290E+04     7.348275E+02 
 3.273855E+00       6       3     7.514383E-01    -2.366956E+00 
 3.273855E+00       6       4     1.075821E+06     8.724153E+02 
 3.273855E+00       6       5     5.263864E+02    -3.837973E+01 
 3.273855E+00       6       6     9.149129E+06     1.822431E+05 
 3.350332E+00       1       1     6.083992E+03     1.471350E+02 
 3.350332E+00       1       2    -3.332487E-01    -3.604707E+00 
 3.350332E+00       1       3    -5.275418E+00    -1.795989E-01 
 3.350332E+00       1       4    -1.922509E+01     2.032635E+00 
 3.350332E+00       1       5    -6.658807E+04    -1.808463E+02 
 3.350332E+00       1       6     1.384764E+02     3.741234E+01 
 3.350332E+00       2       1    -1.101672E+00    -4.451067E+00 
 3.350332E+00       2       2     6.438471E+03     1.302711E+02 
 3.350332E+00       2       3     6.213033E-01    -1.675230E-01 
 3.350332E+00       2       4     7.766825E+04     1.710397E+02 
 3.350332E+00       2       5     1.875771E+01     3.827124E+00 
 3.350332E+00       2       6     7.370132E+04     1.050348E+03 
 3.350332E+00       3       1     1.794209E+00    -2.219494E-01 
 3.350332E+00       3       2    -1.307894E+00    -2.021183E-01 
 3.350332E+00       3       3     1.262804E+04     4.590646E-02 
 3.350332E+00       3       4     9.438163E+00    -2.832702E-01 
 3.350332E+00       3       5    -1.068983E+05     2.360675E-01 
 3.350332E+00       3       6    -7.300085E+01    -5.017388E+00 
 3.350332E+00       4       1    -9.172847E+00     2.786632E+00 
 3.350332E+00       4       2     7.803816E+04     1.640179E+02 
 3.350332E+00       4       3     4.012859E+01    -1.970356E-01 
 3.350332E+00       4       4     3.237597E+06     2.251558E+02 
 3.350332E+00       4       5     5.833047E+02    -5.915340E+00 
 3.350332E+00       4       6     1.076420E+06     1.291280E+03 
 3.350332E+00       5       1    -6.714369E+04    -1.696923E+02 
 3.350332E+00       5       2     9.018202E+01     2.002444E+00 
 3.350332E+00       5       3    -1.067869E+05     1.303255E-01 
 3.350332E+00       5       4     1.951559E+03    -5.041224E+00 
 3.350332E+00       5       5     6.885402E+06     2.222510E+02 
 3.350332E+00       5       6     3.546614E+03    -2.340948E+02 
 3.350332E+00       6       1     1.057274E+02     3.829746E+01 
 3.350332E+00       6       2     7.374042E+04     1.040173E+03 
 3.350332E+00       6       3     4.252866E+00    -5.371378E+00 
 3.350332E+00       6       4     1.077687E+06     1.408114E+03 
 3.350332E+00       6       5     3.521387E+02    -2.327217E+02 
 3.350332E+00       6       6     9.192481E+06     1.744834E+05 
 3.426810E+00       1       1     6.059938E+03     9.101289E+01 
 3.426810E+00       1       2     6.872794E-01    -1.285394E+00 
 3.426810E+00       1       3    -5.372190E+00    -2.403945E-02 
 3.426810E+00       1       4    -1.614932E+01     2.377461E+00 
 3.426810E+00       1       5    -6.660830E+04    -1.200517E+02 
 3.426810E+00       1       6     1.419983E+02    -1.032378E+01 
 3.426810E+00       2       1     1.082686E-01    -1.047311E+00 
 3.426810E+00       2       2     6.494339E+03     9.444393E+01 
 3.426810E+00       2       3     5.289285E-01    -2.437523E-02 
 3.426810E+00       2       4     7.779762E+04     1.212156E+02 
 3.426810E+00       2       5     1.540272E+01     2.407131E+00 
 3.426810E+00       2       6     7.330768E+04     5.381098E+02 
 3.426810E+00       3       1     1.351954E+00    -6.797936E-02 
 3.426810E+00       3       2    -1.414891E+00    -5.027450E-02 
 3.426810E+00       3       3     1.262057E+04     5.227956E-02 
 3.426810E+00       3       4     9.202357E+00     9.923219E-03 
 3.426810E+00       3       5    -1.068350E+05    -1.309295E-01 
 3.426810E+00       3       6    -7.323285E+01    -5.289379E+00 
 3.426810E+00       4       1    -6.881666E+00     3.807892E+00 
 3.426810E+00       4       2     7.816387E+04     1.135383E+02 
 3.426810E+00       4       3     3.980292E+01     5.093441E-02 
 3.426810E+00       4       4     3.237002E+06     1.591824E+02 
 3.426810E+00       4       5     6.070119E+02    -3.249996E+00 
 3.426810E+00       4       6     1.076755E+06     7.288069E+02 
 3.426810E+00       5       1    -6.717705E+04    -1.088581E+02 
 3.426810E+00       5       2     8.518030E+01     2.203117E+00 
 3.426810E+00       5       3    -1.067271E+05    -1.411229E-01 
 3.426810E+00       5       4     1.927499E+03    -2.448921E+00 
 3.426810E+00       5       5     6.882132E+06     1.555172E+02 
 3.426810E+00       5       6     3.577645E+03    -4.712821E+01 
 3.426810E+00       6       1     1.014713E+02    -8.186991E+00 
 3.426810E+00       6       2     7.335828E+04     5.419353E+02 
 3.426810E+00       6       3     2.691507E-01    -4.397983E+00 
 3.426810E+00       6       4     1.077944E+06     8.356661E+02 
 3.426810E+00       6       5     4.345627E+02    -7.349255E+01 
 3.426810E+00       6       6     9.203016E+06     1.491702E+05 
 3.503287E+00       1       1     6.106510E+03     1.135216E+02 
 3.503287E+00       1       2     8.239972E-01    -1.890887E-01 
 3.503287E+00       1       3    -5.191722E+00    -5.755132E-02 
 3.503287E+00       1       4    -1.928767E+01     4.280282E+00 
 3.503287E+00       1       5    -6.670669E+04    -1.295971E+02 
 3.503287E+00       1       6     1.313638E+02     4.250496E+01 
 3.503287E+00       2       1     6.220467E-01    -5.444505E-01 
 3.503287E+00       2       2     6.518965E+03     9.280776E+01 
 3.503287E+00       2       3     7.165577E-01    -6.163581E-02 
 3.503287E+00       2       4     7.788105E+04     1.200436E+02 
 3.503287E+00       2       5     2.043660E+01     2.064779E+00 
 3.503287E+00       2       6     7.376991E+04     7.579835E+02 
 3.503287E+00       3       1     1.647195E+00    -4.493839E-02 
 3.503287E+00       3       2    -1.252664E+00    -5.090180E-02 
 3.503287E+00       3       3     1.262994E+04     4.269148E-02 
 3.503287E+00       3       4     8.752091E+00    -6.745490E-03 
 3.503287E+00       3       5    -1.069247E+05     6.835347E-02 
 3.503287E+00       3       6    -7.312363E+01    -1.822474E+00 
 3.503287E+00       4       1    -8.219695E+00     3.682325E+00 
 3.503287E+00       4       2     7.824665E+04     1.078896E+02 
 3.503287E+00       4       3     4.011021E+01     2.079535E-02 
 3.503287E+00       4       4     3.238842E+06     1.482600E+02 
 3.503287E+00       4       5     6.205928E+02    -1.533779E+00 
 3.503287E+00       4       6     1.077481E+06     7.888986E+02 
 3.503287E+00       5       1    -6.726770E+04    -1.204133E+02 
 3.503287E+00       5       2     8.895905E+01     3.669826E-01 
 3.503287E+00       5       3    -1.068168E+05    -7.845814E-02 
 3.503287E+00       5       4     1.940969E+03    -2.018961E+00 
 3.503287E+00       5       5     6.887242E+06     1.537694E+02 
 3.503287E+00       5       6     3.634462E+03    -2.046160E+02 
 3.503287E+00       6       1     7.549781E+01     2.925983E+01 
 3.503287E+00       6       2     7.381451E+04     7.701714E+02 
 3.503287E+00       6       3     2.007576E+00    -2.534117E+00 
 3.503287E+00       6       4     1.078656E+06     8.769651E+02 
 3.503287E+00       6       5     5.846320E+02    -1.870019E+02 
 3.503287E+00       6       6     9.224777E+06     1.598929E+05 
 3.579765E+00       1       1     6.105283E+03     9.668216E+01 
 3.579765E+00       1       2     6.075034E-01    -1.027237E+00 
 3.579765E+00       1       3    -5.125480E+00    -1.167479E-01 
 3.579765E+00       1       4    -1.577011E+01     3.150265E+00 
 3.579765E+00       1       5    -6.675131E+04    -1.157265E+02 
 3.579765E+00       1       6     1.430660E+02    -1.118676E+00 
 3.579765E+00       2       1    -2.896832E-01    -9.093792E-01 
 3.579765E+00       2       2     6.552293E+03     9.190063E+01 
 3.579765E+00       2       3     4.041016E-01    -1.171043E-01 
 3.579765E+00       2       4     7.796180E+04     1.200751E+02 
 3.579765E+00       2       5     1.439245E+01     1.943290E+00 
 3.579765E+00       2       6     7.361687E+04     4.953672E+02 
 3.579765E+00       3       1     1.469579E+00    -1.517883E-01 
 3.579765E+00       3       2    -1.545271E+00    -3.673262E-02 
 3.579765E+00       3       3     1.263598E+04     3.137196E-02 
 3.579765E+00       3       4     8.501039E+00    -1.861365E-01 
 3.579765E+00       3       5    -1.069525E+05     1.430623E-02 
 3.579765E+00       3       6    -7.263358E+01    -6.631010E+00 
 3.579765E+00       4       1    -6.417482E+00     5.287806E+00 
 3.579765E+00       4       2     7.831887E+04     1.097983E+02 
 3.579765E+00       4       3     3.950057E+01    -2.595546E-01 
 3.579765E+00       4       4     3.239627E+06     1.541495E+02 
 3.579765E+00       4       5     5.981052E+02    -6.094211E+00 
 3.579765E+00       4       6     1.077858E+06     6.795228E+02 
 3.579765E+00       5       1    -6.730642E+04    -1.062880E+02 
 3.579765E+00       5       2     8.438080E+01     2.620611E+00 
 3.579765E+00       5       3    -1.068476E+05    -4.686235E-02 
 3.579765E+00       5       4     1.932065E+03    -3.162447E+00 
 3.579765E+00       5       5     6.888776E+06     1.379497E+02 
 3.579765E+00       5       6     3.558770E+03    -9.643350E+01 
 3.579765E+00       6       1     1.069160E+02     1.081236E+01 
 3.579765E+00       6       2     7.365281E+04     5.018481E+02 
 3.579765E+00       6       3     2.279107E+00    -6.192105E+00 
 3.579765E+00       6       4     1.079063E+06     7.688921E+02 
 3.579765E+00       6       5     3.793123E+02    -1.223050E+02 
 3.579765E+00       6       6     9.248434E+06     1.329986E+05 
 3.656242E+00       1       1     6.097337E+03     9.714737E+01 
 3.656242E+00       1       2    -1.045749E+00    -1.965776E+00 
 3.656242E+00       1       3    -4.983300E+00     6.252767E-02 
 3.656242E+00       1       4    -2.004755E+01     1.418209E+00 
 3.656242E+00       1       5    -6.679067E+04    -1.174219E+02 
 3.656242E+00       1       6     1.310097E+02     4.487075E-01 
 3.656242E+00       2       1    -6.040524E-01    -7.782658E-01 
 3.656242E+00       2       2     6.521403E+03     1.475391E+02 
 3.656242E+00       2       3     4.778568E-01    -2.898235E-01 
 3.656242E+00       2       4     7.796304E+04     1.751632E+02 
 3.656242E+00       2       5     2.159582E+01     1.882216E+00 
 3.656242E+00       2       6     7.370357E+04     3.950754E+02 
 3.656242E+00       3       1     1.533027E+00    -3.896889E-02 
 3.656242E+00       3       2    -1.589534E+00    -3.103142E-01 
 3.656242E+00       3       3     1.263186E+04     5.328402E-02 
 3.656242E+00       3       4     8.444576E+00    -4.622868E-01 
 3.656242E+00       3       5    -1.069464E+05    -1.063155E-01 
 3.656242E+00       3       6    -7.493245E+01    -9.023149E-01 
 3.656242E+00       4       1    -8.213397E+00     3.837093E+00 
 3.656242E+00       4       2     7.833954E+04     1.676674E+02 
 3.656242E+00       4       3     3.951542E+01    -4.198680E-01 
 3.656242E+00       4       4     3.239862E+06     2.136901E+02 
 3.656242E+00       4       5     6.255312E+02    -4.398769E+00 
 3.656242E+00       4       6     1.078463E+06     2.762155E+02 
 3.656242E+00       5       1    -6.735231E+04    -1.046875E+02 
 3.656242E+00       5       2     9.073697E+01     1.398409E+00 
 3.656242E+00       5       3    -1.068404E+05    -1.822498E-01 
 3.656242E+00       5       4     1.934591E+03    -2.267031E+00 
 3.656242E+00       5       5     6.888892E+06     1.453830E+02 
 3.656242E+00       5       6     3.683765E+03    -2.267261E+01 
 3.656242E+00       6       1     1.032459E+02    -2.220149E+01 
 3.656242E+00       6       2     7.373022E+04     4.055836E+02 
 3.656242E+00       6       3    -1.527342E+00    -1.202006E+00 
 3.656242E+00       6       4     1.079628E+06     3.311437E+02 
 3.656242E+00       6       5     5.700609E+02    -1.670638E+01 
 3.656242E+00       6       6     9.243910E+06     1.398478E+05 
 3.732720E+00       1       1     6.139537E+03     9.474175E+01 
 3.732720E+00       1       2     2.800506E+00    -1.450533E+00 
 3.732720E+00       1       3    -4.883923E+00    -2.488895E-01 
 3.732720E+00       1       4    -1.525020E+01     3.465954E+00 
 3.732720E+00       1       5    -6.686658E+04    -1.134727E+02 
 3.732720E+00       1       6     1.309201E+02     1.176016E+01 
 3.732720E+00       2       1     2.670135E+00    -2.041470E+00 
 3.732720E+00       2       2     6.536203E+03     8.217300E+01 
 3.732720E+00       2       3     5.324148E-01    -7.282802E-02 
 3.732720E+00       2       4     7.802524E+04     9.643449E+01 
 3.732720E+00       2       5     1.527260E+01     1.330883E+00 
 3.732720E+00       2       6     7.381332E+04     6.651675E+02 
 3.732720E+00       3       1     1.753282E+00    -2.012052E-01 
 3.732720E+00       3       2    -1.349076E+00    -5.926861E-02 
 3.732720E+00       3       3     1.263800E+04     3.215273E-02 
 3.732720E+00       3       4     8.881834E+00    -8.701609E-02 
 3.732720E+00       3       5    -1.069860E+05     2.394346E-01 
 3.732720E+00       3       6    -7.135427E+01    -4.846109E+00 
 3.732720E+00       4       1    -6.647876E+00     3.046951E+00 
 3.732720E+00       4       2     7.838606E+04     9.015429E+01 
 3.732720E+00       4       3     3.955922E+01    -5.349902E-02 
 3.732720E+00       4       4     3.241036E+06     1.170286E+02 
 3.732720E+00       4       5     6.050843E+02    -3.307217E+00 
 3.732720E+00       4       6     1.078806E+06     7.424929E+02 
 3.732720E+00       5       1    -6.742156E+04    -1.000597E+02 
 3.732720E+00       5       2     8.606485E+01    -1.657783E-01 
 3.732720E+00       5       3    -1.068816E+05     1.811828E-01 
 3.732720E+00       5       4     1.939013E+03    -2.755854E+00 
 3.732720E+00       5       5     6.891526E+06     1.394890E+02 
 3.732720E+00       5       6     3.629359E+03    -1.316862E+02 
 3.732720E+00       6       1     1.042772E+02     1.683398E+01 
 3.732720E+00       6       2     7.387557E+04     6.612390E+02 
 3.732720E+00       6       3     3.853375E+00    -5.101435E+00 
 3.732720E+00       6       4     1.080009E+06     8.542863E+02 
 3.732720E+00       6       5     4.045072E+02    -1.338038E+02 
 3.732720E+00       6       6     9.284378E+06     1.273597E+05 
 3.809198E+00       1       1     6.135191E+03     6.746402E+01 
 3.809198E+00       1       2     7.571876E-01    -1.149984E+00 
 3.809198E+00       1       3    -5.103374E+00    -1.662793E-01 
 3.809198E+00       1       4    -1.847511E+01     1.893870E+00 
 3.809198E+00       1       5    -6.690050E+04    -8.863646E+01 
 3.809198E+00       1       6     1.474235E+02     5.734824E+00 
 3.809198E+00       2       1     3.518864E-01    -9.383209E-01 
 3.809198E+00       2       2     6.564150E+03     7.772446E+01 
 3.809198E+00       2       3     4.819413E-01    -1.004840E-01 
 3.809198E+00       2       4     7.810603E+04     1.021994E+02 
 3.809198E+00       2       5     1.588434E+01     1.288593E+00 
 3.809198E+00       2       6     7.401156E+04     3.149761E+02 
 3.809198E+00       3       1     1.470311E+00    -1.689211E-01 
 3.809198E+00       3       2    -1.423994E+00    -1.315045E-01 
 3.809198E+00       3       3     1.262575E+04     5.815872E-02 
 3.809198E+00       3       4     9.006762E+00    -6.641987E-02 
 3.809198E+00       3       5    -1.068882E+05     1.736724E-02 
 3.809198E+00       3       6    -7.466333E+01    -3.098894E+00 
 3.809198E+00       4       1    -8.142385E+00     3.345078E+00 
 3.809198E+00       4       2     7.846896E+04     9.001747E+01 
 3.809198E+00       4       3     3.963686E+01    -6.663110E-02 
 3.809198E+00       4       4     3.239712E+06     1.344910E+02 
 3.809198E+00       4       5     5.899768E+02    -4.479932E+00 
 3.809198E+00       4       6     1.079502E+06     4.590635E+02 
 3.809198E+00       5       1    -6.746436E+04    -7.438963E+01 
 3.809198E+00       5       2     8.666911E+01     8.364354E-01 
 3.809198E+00       5       3    -1.067848E+05     6.291337E-02 
 3.809198E+00       5       4     1.944877E+03    -2.192642E+00 
 3.809198E+00       5       5     6.886547E+06     1.199148E+02 
 3.809198E+00       5       6     3.559888E+03    -1.306738E+01 
 3.809198E+00       6       1     9.376133E+01    -3.635063E+00 
 3.809198E+00       6       2     7.406101E+04     3.269079E+02 
 3.809198E+00       6       3     1.686149E+00    -2.255217E+00 
 3.809198E+00       6       4     1.080666E+06     5.909348E+02 
 3.809198E+00       6       5     3.855643E+02    -2.074782E+00 
 3.809198E+00       6       6     9.290391E+06     1.134466E+05 
 3.885675E+00       1       1     6.158256E+03     1.021074E+02 
 3.885675E+00       1       2     1.882017E-01    -4.837929E-01 
 3.885675E+00       1       3    -4.792272E+00    -1.569383E-01 
 3.885675E+00       1       4    -1.737879E+01     9.161087E-03 
 3.885675E+00       1       5    -6.696299E+04    -1.224622E+02 
 3.885675E+00       1       6     1.121950E+02     2.900594E+01 
 3.885675E+00       2       1     5.010350E-01    -1.990459E+00 
 3.885675E+00       2       2     6.594807E+03     7.825701E+01 
 3.885675E+00       2       3     4.547640E-01    -6.812056E-02 
 3.885675E+00       2       4     7.817126E+04     1.038269E+02 
 3.885675E+00       2       5     1.748418E+01     2.174773E+00 
 3.885675E+00       2       6     7.395168E+04     7.305301E+02 
 3.885675E+00       3       1     1.717973E+00    -1.613577E-02 
 3.885675E+00       3       2    -1.542791E+00     7.952464E-02 
 3.885675E+00       3       3     1.264072E+04     1.960048E-02 
 3.885675E+00       3       4     8.268542E+00    -3.998848E-03 
 3.885675E+00       3       5    -1.070123E+05    -1.722153E-01 
 3.885675E+00       3       6    -7.274833E+01    -3.067586E+00 
 3.885675E+00       4       1    -8.217525E+00    -1.611586E+00 
 3.885675E+00       4       2     7.852876E+04     8.554250E+01 
 3.885675E+00       4       3     3.947572E+01    -1.488707E-01 
 3.885675E+00       4       4     3.242119E+06     1.317776E+02 
 3.885675E+00       4       5     6.147451E+02    -8.948357E-01 
 3.885675E+00       4       6     1.079832E+06     6.560384E+02 
 3.885675E+00       5       1    -6.751521E+04    -1.019527E+02 
 3.885675E+00       5       2     8.827736E+01     3.441758E-01 
 3.885675E+00       5       3    -1.069084E+05    -8.502586E-02 
 3.885675E+00       5       4     1.921642E+03    -6.182720E-01 
 3.885675E+00       5       5     6.893359E+06     1.431159E+02 
 3.885675E+00       5       6     3.764241E+03    -7.576156E+01 
 3.885675E+00       6       1     9.631776E+01     8.485799E+00 
 3.885675E+00       6       2     7.400233E+04     7.203032E+02 
 3.885675E+00       6       3     1.231661E+00    -1.940703E+00 
 3.885675E+00       6       4     1.081004E+06     8.934865E+02 
 3.885675E+00       6       5     5.211231E+02    -1.148723E+01 
 3.885675E+00       6       6     9.310777E+06     1.199543E+05 
 3.962153E+00       1       1     6.172671E+03     7.478878E+01 
 3.962153E+00       1       2    -1.817421E+00     3.643847E-01 
 3.962153E+00       1       3    -4.953030E+00    -1.619601E-01 
 3.962153E+00       1       4    -2.133945E+01     4.530941E+00 
 3.962153E+00       1       5    -6.700626E+04    -9.774457E+01 
 3.962153E+00       1       6     1.820216E+02     1.336615E+01 
 3.962153E+00       2       1    -1.491051E+00     7.688958E-01 
 3.962153E+00       2       2     6.598253E+03     1.149498E+02 
 3.962153E+00       2       3     4.352286E-01    -2.951743E-01 
 3.962153E+00       2       4     7.820431E+04     1.557447E+02 
 3.962153E+00       2       5     1.811950E+01    -1.761151E+00 
 3.962153E+00       2       6     7.438234E+04     2.044366E+02 
 3.962153E+00       3       1     1.688030E+00    -7.813045E-02 
 3.962153E+00       3       2    -1.526493E+00    -3.101226E-01 
 3.962153E+00       3       3     1.262705E+04     3.680293E-02 
 3.962153E+00       3       4     8.955868E+00    -5.321334E-01 
 3.962153E+00       3       5    -1.069035E+05     3.094264E-02 
 3.962153E+00       3       6    -7.334974E+01    -9.644641E-01 
 3.962153E+00       4       1    -9.769044E+00     5.781219E+00 
 3.962153E+00       4       2     7.857302E+04     1.293257E+02 
 3.962153E+00       4       3     3.968614E+01    -4.641237E-01 
 3.962153E+00       4       4     3.240468E+06     1.924892E+02 
 3.962153E+00       4       5     6.010234E+02    -8.699077E+00 
 3.962153E+00       4       6     1.080461E+06     1.811882E+02 
 3.962153E+00       5       1    -6.756911E+04    -7.844012E+01 
 3.962153E+00       5       2     8.911205E+01    -3.631440E+00 
 3.962153E+00       5       3    -1.068007E+05     2.505160E-02 
 3.962153E+00       5       4     1.954030E+03    -8.008501E+00 
 3.962153E+00       5       5     6.887799E+06     1.304567E+02 
 3.962153E+00       5       6     3.561003E+03    -8.963650E+01 
 3.962153E+00       6       1     1.006347E+02     1.436219E+01 
 3.962153E+00       6       2     7.440989E+04     2.191921E+02 
 3.962153E+00       6       3     1.894085E+00    -1.816083E+00 
 3.962153E+00       6       4     1.081785E+06     3.913006E+02 
 3.962153E+00       6       5     4.461338E+02    -8.241049E+01 
 3.962153E+00       6       6     9.333916E+06     1.057809E+05 
 4.038630E+00       1       1     6.173282E+03     6.206090E+01 
 4.038630E+00       1       2     1.045689E+00    -1.837869E+00 
 4.038630E+00       1       3    -5.085180E+00    -1.256235E-01 
 4.038630E+00       1       4    -1.512504E+01     1.128523E-01 
 4.038630E+00       1       5    -6.703796E+04    -7.887993E+01 
 4.038630E+00       1       6     1.377484E+02    -7.452287E+00 
 4.038630E+00       2       1     1.707498E+00    -2.001616E+00 
 4.038630E+00       2       2     6.586621E+03     6.830394E+01 
 4.038630E+00       2       3     7.213805E-01    -1.340485E-01 
 4.038630E+00       2       4     7.823310E+04     8.504724E+01 
 4.038630E+00       2       5     1.546965E+01     2.002155E-01 
 4.038630E+00       2       6     7.416772E+04     2.759104E+02 
 4.038630E+00       3       1     1.685556E+00    -7.707874E-02 
 4.038630E+00       3       2    -1.365438E+00    -1.317106E-01 
 4.038630E+00       3       3     1.264274E+04     3.443885E-02 
 4.038630E+00       3       4     9.495778E+00    -8.266866E-02 
 4.038630E+00       3       5    -1.070326E+05    -7.943546E-02 
 4.038630E+00       3       6    -7.417363E+01    -3.972478E+00 
 4.038630E+00       4       1    -6.077617E+00     9.896638E-01 
 4.038630E+00       4       2     7.858923E+04     7.267132E+01 
 4.038630E+00       4       3     4.001001E+01    -1.117929E-01 
 4.038630E+00       4       4     3.242982E+06     1.095124E+02 
 4.038630E+00       4       5     6.359615E+02    -2.789383E+00 
 4.038630E+00       4       6     1.080672E+06     4.361262E+02 
 4.038630E+00       5       1    -6.759103E+04    -6.149651E+01 
 4.038630E+00       5       2     8.672017E+01     1.119989E+00 
 4.038630E+00       5       3    -1.069301E+05     1.201073E-01 
 4.038630E+00       5       4     1.941355E+03    -8.932122E-01 
 4.038630E+00       5       5     6.894890E+06     1.006498E+02 
 4.038630E+00       5       6     3.621060E+03    -2.281157E+01 
 4.038630E+00       6       1     9.928321E+01    -9.673965E+00 
 4.038630E+00       6       2     7.421796E+04     2.667678E+02 
 4.038630E+00       6       3    -1.590524E+00    -4.232760E+00 
 4.038630E+00       6       4     1.081977E+06     5.935177E+02 
 4.038630E+00       6       5     4.695302E+02    -1.699962E+01 
 4.038630E+00       6       6     9.344227E+06     8.933877E+04 
 4.115107E+00       1       1     6.164788E+03     6.746909E+01 
 4.115107E+00       1       2     1.331484E+00    -2.764294E-01 
 4.115107E+00       1       3    -5.341506E+00    -1.523160E-01 
 4.115107E+00       1       4    -1.851795E+01     7.666368E-01 
 4.115107E+00       1       5    -6.706983E+04    -8.333721E+01 
 4.115107E+00       1       6     1.089094E+02    -9.206282E+00 
 4.115107E+00       2       1     2.663628E-01    -8.076591E-01 
 4.115107E+00       2       2     6.608448E+03     5.246618E+01 
 4.115107E+00       2       3     5.973424E-01    -6.998550E-02 
 4.115107E+00       2       4     7.829287E+04     7.202649E+01 
 4.115107E+00       2       5     1.739429E+01     1.453320E+00 
 4.115107E+00       2       6     7.437180E+04     4.695124E+02 
 4.115107E+00       3       1     1.293161E+00     1.258090E-01 
 4.115107E+00       3       2    -1.327205E+00    -4.824988E-02 
 4.115107E+00       3       3     1.262854E+04     4.284763E-02 
 4.115107E+00       3       4     9.279461E+00    -5.560840E-02 
 4.115107E+00       3       5    -1.069181E+05    -1.061470E-01 
 4.115107E+00       3       6    -7.829464E+01    -3.458540E-01 
 4.115107E+00       4       1    -8.002025E+00     8.583342E-01 
 4.115107E+00       4       2     7.864342E+04     5.505962E+01 
 4.115107E+00       4       3     4.045544E+01    -8.158921E-02 
 4.115107E+00       4       4     3.241233E+06     9.693524E+01 
 4.115107E+00       4       5     5.804872E+02    -1.172276E-01 
 4.115107E+00       4       6     1.081137E+06     2.610980E+02 
 4.115107E+00       5       1    -6.762353E+04    -6.328096E+01 
 4.115107E+00       5       2     8.846278E+01    -6.509470E-02 
 4.115107E+00       5       3    -1.068163E+05     1.037391E-01 
 4.115107E+00       5       4     1.960892E+03     3.039191E-01 
 4.115107E+00       5       5     6.889005E+06     1.037824E+02 
 4.115107E+00       5       6     3.706291E+03    -1.581329E+00 
 4.115107E+00       6       1     6.491677E+01    -1.007686E+01 
 4.115107E+00       6       2     7.442669E+04     4.723736E+02 
 4.115107E+00       6       3     2.155056E-02    -7.214643E-02 
 4.115107E+00       6       4     1.082395E+06     3.288693E+02 
 4.115107E+00       6       5     5.429393E+02    -1.951592E+01 
 4.115107E+00       6       6     9.350422E+06     9.258228E+04 
 4.191585E+00       1       1     6.202702E+03     5.364550E+01 
 4.191585E+00       1       2     9.564105E-01    -5.082560E-01 
 4.191585E+00       1       3    -4.770903E+00    -2.811527E-01 
 4.191585E+00       1       4    -1.701340E+01     2.135459E+00 
 4.191585E+00       1       5    -6.712650E+04    -6.130467E+01 
 4.191585E+00       1       6     1.521257E+02    -1.418805E+01 
 4.191585E+00       2       1    -1.704573E-01    -5.598951E-01 
 4.191585E+00       2       2     6.630952E+03     5.382196E+01 
 4.191585E+00       2       3     3.257250E-01    -3.900993E-02 
 4.191585E+00       2       4     7.834409E+04     6.629617E+01 
 4.191585E+00       2       5     1.561264E+01    -1.746304E-01 
 4.191585E+00       2       6     7.431601E+04     3.312619E+02 
 4.191585E+00       3       1     1.888547E+00    -1.222953E-01 
 4.191585E+00       3       2    -1.527877E+00     5.066045E-02 
 4.191585E+00       3       3     1.264562E+04     2.059852E-02 
 4.191585E+00       3       4     8.487342E+00     8.619986E-03 
 4.191585E+00       3       5    -1.070597E+05     1.681587E-01 
 4.191585E+00       3       6    -7.268653E+01    -2.400875E+00 
 4.191585E+00       4       1    -9.288427E+00     2.435513E+00 
 4.191585E+00       4       2     7.868728E+04     5.395542E+01 
 4.191585E+00       4       3     3.969601E+01    -1.605131E-01 
 4.191585E+00       4       4     3.243834E+06     7.833076E+01 
 4.191585E+00       4       5     6.074726E+02    -5.503580E+00 
 4.191585E+00       4       6     1.081275E+06     3.177896E+02 
 4.191585E+00       5       1    -6.766862E+04    -5.027737E+01 
 4.191585E+00       5       2     8.610960E+01    -1.879629E-03 
 4.191585E+00       5       3    -1.069577E+05     1.104081E-01 
 4.191585E+00       5       4     1.939933E+03    -2.300817E+00 
 4.191585E+00       5       5     6.896572E+06     7.658741E+01 
 4.191585E+00       5       6     3.647067E+03    -6.950744E+01 
 4.191585E+00       6       1     1.048566E+02    -1.499016E+01 
 4.191585E+00       6       2     7.435774E+04     3.316304E+02 
 4.191585E+00       6       3     2.359736E+00    -2.560391E+00 
 4.191585E+00       6       4     1.082555E+06     4.725868E+02 
 4.191585E+00       6       5     4.368958E+02    -5.543543E+01 
 4.191585E+00       6       6     9.371225E+06     7.815384E+04 
 4.268063E+00       1       1     6.197449E+03     4.949704E+01 
 4.268063E+00       1       2     5.601853E-01    -4.231118E-01 
 4.268063E+00       1       3    -4.629254E+00    -1.565443E-01 
 4.268063E+00       1       4    -1.829230E+01     2.871388E+00 
 4.268063E+00       1       5    -6.713843E+04    -5.922820E+01 
 4.268063E+00       1       6     1.743815E+02     2.398617E+00 
 4.268063E+00       2       1     1.227321E+00    -2.504923E-01 
 4.268063E+00       2       2     6.614258E+03     4.768708E+01 
 4.268063E+00       2       3     6.874535E-01    -1.412003E-01 
 4.268063E+00       2       4     7.833949E+04     5.694114E+01 
 4.268063E+00       2       5     1.567495E+01     3.429637E+00 
 4.268063E+00       2       6     7.445885E+04     3.123662E+02 
 4.268063E+00       3       1     1.864940E+00    -1.274007E-01 
 4.268063E+00       3       2    -1.294744E+00    -9.296926E-02 
 4.268063E+00       3       3     1.263987E+04     3.491976E-02 
 4.268063E+00       3       4     8.865038E+00    -1.662041E-01 
 4.268063E+00       3       5    -1.070301E+05     1.369163E-01 
 4.268063E+00       3       6    -7.367244E+01    -3.026759E+00 
 4.268063E+00       4       1    -7.786294E+00     3.242796E+00 
 4.268063E+00       4       2     7.869627E+04     4.889138E+01 
 4.268063E+00       4       3     4.087873E+01    -2.021262E-01 
 4.268063E+00       4       4     3.243261E+06     7.338931E+01 
 4.268063E+00       4       5     6.044440E+02     1.468657E-02 
 4.268063E+00       4       6     1.081715E+06     3.954990E+02 
 4.268063E+00       5       1    -6.769634E+04    -4.680942E+01 
 4.268063E+00       5       2     8.923571E+01     8.436045E-01 
 4.268063E+00       5       3    -1.069279E+05     3.324645E-02 
 4.268063E+00       5       4     1.938102E+03    -2.053666E+00 
 4.268063E+00       5       5     6.894898E+06     7.732821E+01 
 4.268063E+00       5       6     3.585028E+03    -6.596005E+01 
 4.268063E+00       6       1     1.279090E+02     5.513107E-01 
 4.268063E+00       6       2     7.447471E+04     3.143416E+02 
 4.268063E+00       6       3     1.970599E-02    -3.352066E+00 
 4.268063E+00       6       4     1.082958E+06     4.993524E+02 
 4.268063E+00       6       5     4.420713E+02    -6.344080E+01 
 4.268063E+00       6       6     9.376836E+06     6.590056E+04 
 4.344540E+00       1       1     6.198489E+03     4.564236E+01 
 4.344540E+00       1       2     2.255088E+00    -2.303457E+00 
 4.344540E+00       1       3    -4.561881E+00     1.220934E-02 
 4.344540E+00       1       4    -1.419723E+01    -9.948138E-01 
 4.344540E+00       1       5    -6.715669E+04    -4.779760E+01 
 4.344540E+00       1       6     1.353498E+02    -3.835383E+01 
 4.344540E+00       2       1     1.104442E+00    -1.048202E+00 
 4.344540E+00       2       2     6.612385E+03     4.415395E+01 
 4.344540E+00       2       3     3.762647E-01    -1.932087E-01 
 4.344540E+00       2       4     7.836753E+04     4.323860E+01 
 4.344540E+00       2       5     1.705823E+01    -4.945442E-01 
 4.344540E+00       2       6     7.446725E+04     6.905934E+01 
 4.344540E+00       3       1     1.674431E+00    -1.517713E-01 
 4.344540E+00       3       2    -1.370284E+00    -7.691999E-02 
 4.344540E+00       3       3     1.265118E+04     2.929538E-02 
 4.344540E+00       3       4     9.024474E+00    -3.571062E-02 
 4.344540E+00       3       5    -1.070906E+05     3.313571E-02 
 4.344540E+00       3       6    -7.290241E+01    -2.129173E+00 
 4.344540E+00       4       1    -7.757656E+00     1.536648E+00 
 4.344540E+00       4       2     7.871326E+04     4.444601E+01 
 4.344540E+00       4       3     3.805805E+01    -2.407176E-01 
 4.344540E+00       4       4     3.244255E+06     5.738098E+01 
 4.344540E+00       4       5     6.302307E+02    -2.695176E+00 
 4.344540E+00       4       6     1.082067E+06     6.214615E+01 
 4.344540E+00       5       1    -6.770726E+04    -4.017748E+01 
 4.344540E+00       5       2     8.521109E+01     2.062087E+00 
 4.344540E+00       5       3    -1.069881E+05     7.186257E-03 
 4.344540E+00       5       4     1.939793E+03    -4.950398E-01 
 4.344540E+00       5       5     6.897704E+06     5.634622E+01 
 4.344540E+00       5       6     3.645257E+03     2.671962E+01 
 4.344540E+00       6       1     1.001857E+02    -6.121609E+01 
 4.344540E+00       6       2     7.449193E+04     7.791747E+01 
 4.344540E+00       6       3    -1.581020E+00     8.401664E-01 
 4.344540E+00       6       4     1.083424E+06     1.757672E+02 
 4.344540E+00       6       5     4.420534E+02     6.333924E+01 
 4.344540E+00       6       6     9.373827E+06     6.878987E+04 
 4.421018E+00       1       1     6.207370E+03     6.952515E+01 
 4.421018E+00       1       2    -7.660598E-01    -1.447168E+00 
 4.421018E+00       1       3    -4.929758E+00    -1.198764E-01 
 4.421018E+00       1       4    -2.049569E+01    -2.026817E+00 
 4.421018E+00       1       5    -6.718081E+04    -7.048470E+01 
 4.421018E+00       1       6     1.238965E+02    -7.015946E+01 
 4.421018E+00       2       1    -1.173533E+00    -2.327271E+00 
 4.421018E+00       2       2     6.641928E+03     4.174199E+01 
 4.421018E+00       2       3     5.711546E-01    -1.256960E-01 
 4.421018E+00       2       4     7.841355E+04     4.974172E+01 
 4.421018E+00       2       5     2.066610E+01     2.544019E+00 
 4.421018E+00       2       6     7.447947E+04     2.899681E+02 
 4.421018E+00       3       1     1.881498E+00     2.119899E-01 
 4.421018E+00       3       2    -1.447478E+00     9.310985E-03 
 4.421018E+00       3       3     1.264245E+04     4.530203E-02 
 4.421018E+00       3       4     8.712851E+00    -9.645567E-02 
 4.421018E+00       3       5    -1.070544E+05     1.544287E-02 
 4.421018E+00       3       6    -7.558767E+01    -2.551091E+00 
 4.421018E+00       4       1    -1.082487E+01    -1.178747E+00 
 4.421018E+00       4       2     7.877416E+04     3.906181E+01 
 4.421018E+00       4       3     4.021261E+01    -9.414198E-02 
 4.421018E+00       4       4     3.244046E+06     6.011608E+01 
 4.421018E+00       4       5     6.158603E+02     3.519496E+00 
 4.421018E+00       4       6     1.082211E+06     1.685086E+02 
 4.421018E+00       5       1    -6.774413E+04    -6.065511E+01 
 4.421018E+00       5       2     9.096116E+01     1.023944E+00 
 4.421018E+00       5       3    -1.069468E+05     2.942406E-01 
 4.421018E+00       5       4     1.956951E+03     2.843078E-02 
 4.421018E+00       5       5     6.896536E+06     8.295832E+01 
 4.421018E+00       5       6     3.670055E+03     3.060013E+01 
 4.421018E+00       6       1     8.488936E+01    -1.985572E+01 
 4.421018E+00       6       2     7.452662E+04     3.117584E+02 
 4.421018E+00       6       3    -2.562509E-01    -6.281335E-01 
 4.421018E+00       6       4     1.083553E+06     2.058028E+02 
 4.421018E+00       6       5     5.280497E+02     3.850596E+01 
 4.421018E+00       6       6     9.389513E+06     6.927560E+04 
 4.497495E+00       1       1     6.225017E+03     4.807718E+01 
 4.497495E+00       1       2     1.091143E+00    -1.128025E+00 
 4.497495E+00       1       3    -4.856425E+00    -3.855699E-01 
 4.497495E+00       1       4    -1.740088E+01    -5.151807E-01 
 4.497495E+00       1       5    -6.721003E+04    -5.889560E+01 
 4.497495E+00       1       6     1.403513E+02    -1.536687E+01 
 4.497495E+00       2       1     1.078446E+00    -1.031146E+00 
 4.497495E+00       2       2     6.653874E+03     7.165133E+01 
 4.497495E+00       2       3     4.008936E-01    -1.607856E-01 
 4.497495E+00       2       4     7.844139E+04     1.006387E+02 
 4.497495E+00       2       5     1.535359E+01     1.212858E+00 
 4.497495E+00       2       6     7.458721E+04    -5.672908E+01 
 4.497495E+00       3       1     1.911702E+00    -9.862046E-02 
 4.497495E+00       3       2    -1.484997E+00    -8.995830E-02 
 4.497495E+00       3       3     1.263212E+04     2.642754E-02 
 4.497495E+00       3       4     9.025773E+00    -3.225913E-01 
 4.497495E+00       3       5    -1.069594E+05     2.631205E-01 
 4.497495E+00       3       6    -7.430609E+01     2.747548E-01 
 4.497495E+00       4       1    -7.506401E+00     2.226189E+00 
 4.497495E+00       4       2     7.880691E+04     7.347627E+01 
 4.497495E+00       4       3     3.855896E+01    -2.599892E-01 
 4.497495E+00       4       4     3.242663E+06     1.159075E+02 
 4.497495E+00       4       5     6.223016E+02    -5.801240E+00 
 4.497495E+00       4       6     1.082464E+06    -1.884844E+02 
 4.497495E+00       5       1    -6.778248E+04    -4.564353E+01 
 4.497495E+00       5       2     8.666550E+01     1.865962E-01 
 4.497495E+00       5       3    -1.068507E+05     3.245108E-01 
 4.497495E+00       5       4     1.950277E+03    -4.156118E-01 
 4.497495E+00       5       5     6.891701E+06     7.298746E+01 
 4.497495E+00       5       6     3.620143E+03    -4.901311E+01 
 4.497495E+00       6       1     9.799779E+01    -3.387744E+01 
 4.497495E+00       6       2     7.464854E+04    -2.161340E+01 
 4.497495E+00       6       3     5.713610E-01    -8.325693E-01 
 4.497495E+00       6       4     1.083900E+06    -2.486334E+02 
 4.497495E+00       6       5     3.182489E+02     5.876913E+01 
 4.497495E+00       6       6     9.402518E+06     6.903711E+04 
 4.573972E+00       1       1     6.195598E+03     3.175800E+01 
 4.573972E+00       1       2     1.057184E+01    -1.066238E+00 
 4.573972E+00       1       3    -4.854132E+00    -7.544198E-01 
 4.573972E+00       1       4    -1.378463E+01    -9.075619E-01 
 4.573972E+00       1       5    -6.720723E+04    -5.593388E+01 
 4.573972E+00       1       6    -1.452251E+01     5.365896E+01 
 4.573972E+00       2       1     2.038561E+00    -1.084013E+01 
 4.573972E+00       2       2     6.662563E+03     5.945374E+01 
 4.573972E+00       2       3     1.834453E-01    -7.327589E-02 
 4.573972E+00       2       4     7.847168E+04     8.155712E+01 
 4.573972E+00       2       5     1.429058E+01     1.877879E+01 
 4.573972E+00       2       6     7.436188E+04    -6.046860E+01 
 4.573972E+00       3       1     1.990031E+00    -2.090874E-01 
 4.573972E+00       3       2    -1.357302E+00    -5.814019E-02 
 4.573972E+00       3       3     1.264522E+04     2.751843E-02 
 4.573972E+00       3       4     8.113515E+00    -1.402017E-01 
 4.573972E+00       3       5    -1.070810E+05     1.178762E-01 
 4.573972E+00       3       6    -7.339149E+01    -1.932099E+00 
 4.573972E+00       4       1    -1.732238E+01    -1.572134E+01 
 4.573972E+00       4       2     7.884062E+04     6.285614E+01 
 4.573972E+00       4       3     3.537659E+01    -2.927478E-01 
 4.573972E+00       4       4     3.244780E+06     1.009119E+02 
 4.573972E+00       4       5     6.362283E+02     2.167058E+01 
 4.573972E+00       4       6     1.082292E+06     7.622801E+00 
 4.573972E+00       5       1    -6.776699E+04    -3.519746E+01 
 4.573972E+00       5       2     7.489889E+01     2.509265E+00 
 4.573972E+00       5       3    -1.069710E+05     8.172772E-01 
 4.573972E+00       5       4     1.978240E+03     4.611625E+00 
 4.573972E+00       5       5     6.898091E+06     8.392817E+01 
 4.573972E+00       5       6     3.815022E+03    -1.632074E+02 
 4.573972E+00       6       1     9.440661E+01     3.129701E+02 
 4.573972E+00       6       2     7.432442E+04    -1.146410E+02 
 4.573972E+00       6       3    -5.823785E-02     7.728529E-01 
 4.573972E+00       6       4     1.083716E+06    -2.123798E+02 
 4.573972E+00       6       5     4.355526E+02    -3.947678E+02 
 4.573972E+00       6       6     9.420669E+06     6.206411E+04 
 4.650450E+00       1       1     6.239449E+03     4.175726E+01 
 4.650450E+00       1       2    -2.489309E+00     7.723098E-01 
 4.650450E+00       1       3    -5.418555E+00    -6.529218E-02 
 4.650450E+00       1       4    -2.474524E+01     3.413142E-01 
 4.650450E+00       1       5    -6.729295E+04    -6.124728E+01 
 4.650450E+00       1       6     4.373381E+01    -1.141226E+02 
 4.650450E+00       2       1    -3.746784E+00    -1.278673E-01 
 4.650450E+00       2       2     6.664368E+03     3.486114E+01 
 4.650450E+00       2       3     2.761068E-01    -6.215454E-03 
 4.650450E+00       2       4     7.850918E+04     5.047825E+01 
 4.650450E+00       2       5     2.135848E+01     4.846389E+00 
 4.650450E+00       2       6     7.438570E+04     2.164975E+02 
 4.650450E+00       3       1     1.900859E+00    -1.527886E-01 
 4.650450E+00       3       2    -1.456541E+00    -4.989814E-03 
 4.650450E+00       3       3     1.263108E+04     2.865138E-02 
 4.650450E+00       3       4     9.194773E+00     5.732764E-02 
 4.650450E+00       3       5    -1.069510E+05     1.118709E-01 
 4.650450E+00       3       6    -7.383152E+01    -5.193733E+00 
 4.650450E+00       4       1    -1.125667E+01     4.257034E+00 
 4.650450E+00       4       2     7.886302E+04     3.567433E+01 
 4.650450E+00       4       3     4.015302E+01     3.475777E-02 
 4.650450E+00       4       4     3.243013E+06     6.638085E+01 
 4.650450E+00       4       5     5.812104E+02    -6.079854E-02 
 4.650450E+00       4       6     1.082779E+06     2.798421E+02 
 4.650450E+00       5       1    -6.784272E+04    -3.727886E+01 
 4.650450E+00       5       2     9.040703E+01     3.312981E-01 
 4.650450E+00       5       3    -1.068357E+05     1.434943E-01 
 4.650450E+00       5       4     1.961699E+03     1.893519E+00 
 4.650450E+00       5       5     6.891951E+06     7.525047E+01 
 4.650450E+00       5       6     3.625259E+03     8.950775E+01 
 4.650450E+00       6       1     8.493856E+00    -1.243269E+02 
 4.650450E+00       6       2     7.441418E+04     2.432318E+02 
 4.650450E+00       6       3     3.048787E+00    -3.933972E+00 
 4.650450E+00       6       4     1.084096E+06     1.834145E+02 
 4.650450E+00       6       5     2.900672E+02     1.751622E+02 
 4.650450E+00       6       6     9.427418E+06     5.301825E+04 
 4.726928E+00       1       1     6.248336E+03     5.040111E+01 
 4.726928E+00       1       2    -9.616450E-01    -1.091420E+00 
 4.726928E+00       1       3    -5.169771E+00    -5.294770E-02 
 4.726928E+00       1       4    -1.824500E+01    -6.147541E+00 
 4.726928E+00       1       5    -6.733473E+04    -5.860055E+01 
 4.726928E+00       1       6     5.836386E+01     9.238060E+01 
 4.726928E+00       2       1    -1.010877E+00    -1.081727E+00 
 4.726928E+00       2       2     6.684648E+03     3.305957E+01 
 4.726928E+00       2       3     2.935082E-01     4.000342E-02 
 4.726928E+00       2       4     7.856256E+04     3.815783E+01 
 4.726928E+00       2       5     1.610621E+01     3.164915E+00 
 4.726928E+00       2       6     7.458046E+04     2.671394E+02 
 4.726928E+00       3       1     1.856016E+00     2.007307E-01 
 4.726928E+00       3       2    -1.607532E+00    -1.848454E-02 
 4.726928E+00       3       3     1.264875E+04     1.173776E-02 
 4.726928E+00       3       4     7.824370E+00    -6.025708E-03 
 4.726928E+00       3       5    -1.071058E+05    -3.054425E-01 
 4.726928E+00       3       6    -7.575587E+01    -1.949107E+00 
 4.726928E+00       4       1    -7.310815E+00    -4.195701E+00 
 4.726928E+00       4       2     7.890152E+04     2.698718E+01 
 4.726928E+00       4       3     3.841640E+01    -1.432753E-01 
 4.726928E+00       4       4     3.245647E+06     3.740387E+01 
 4.726928E+00       4       5     5.441710E+02     5.042799E+00 
 4.726928E+00       4       6     1.083086E+06     2.374458E+02 
 4.726928E+00       5       1    -6.786324E+04    -4.179246E+01 
 4.726928E+00       5       2     9.023339E+01     2.223641E+00 
 4.726928E+00       5       3    -1.069935E+05    -5.115964E-02 
 4.726928E+00       5       4     1.953630E+03     4.855648E+00 
 4.726928E+00       5       5     6.899972E+06     6.604957E+01 
 4.726928E+00       5       6     3.700001E+03    -7.392874E+01 
 4.726928E+00       6       1     3.210500E+01     1.006230E+02 
 4.726928E+00       6       2     7.457618E+04     2.700004E+02 
 4.726928E+00       6       3     6.977130E+00     3.311489E+00 
 4.726928E+00       6       4     1.084592E+06     4.491331E+02 
 4.726928E+00       6       5     3.460984E+02    -2.773002E+00 
 4.726928E+00       6       6     9.446381E+06     4.660343E+04 
 4.803405E+00       1       1     6.262898E+03     2.470942E+01 
 4.803405E+00       1       2    -1.857799E+00     1.586018E+00 
 4.803405E+00       1       3    -4.436818E+00    -3.439591E-02 
 4.803405E+00       1       4    -2.390236E+01     4.181281E+00 
 4.803405E+00       1       5    -6.735672E+04    -1.941249E+01 
 4.803405E+00       1       6     1.243252E+02     1.808945E+00 
 4.803405E+00       2       1    -1.849593E+00    -3.325898E-01 
 4.803405E+00       2       2     6.683373E+03     2.610110E+01 
 4.803405E+00       2       3     3.413788E-01    -1.593193E-02 
 4.803405E+00       2       4     7.857691E+04     2.916265E+01 
 4.803405E+00       2       5     2.109323E+01     3.515127E+00 
 4.803405E+00       2       6     7.469477E+04     1.598766E+02 
 4.803405E+00       3       1     1.955409E+00     1.086405E-02 
 4.803405E+00       3       2    -1.469278E+00    -4.043134E-02 
 4.803405E+00       3       3     1.263041E+04     1.311399E-02 
 4.803405E+00       3       4     9.435706E+00    -1.372206E-01 
 4.803405E+00       3       5    -1.069452E+05    -5.172891E-02 
 4.803405E+00       3       6    -7.426896E+01    -7.001814E-01 
 4.803405E+00       4       1    -8.127460E+00     4.836989E-01 
 4.803405E+00       4       2     7.891460E+04     2.267358E+01 
 4.803405E+00       4       3     4.001751E+01    -1.273847E-01 
 4.803405E+00       4       4     3.243445E+06     3.175234E+01 
 4.803405E+00       4       5     6.043629E+02     2.705359E+00 
 4.803405E+00       4       6     1.083284E+06     6.404127E+01 
 4.803405E+00       5       1    -6.789580E+04    -1.869572E+01 
 4.803405E+00       5       2     9.141973E+01    -1.594022E+00 
 4.803405E+00       5       3    -1.068466E+05    -1.022209E-01 
 4.803405E+00       5       4     1.956414E+03    -1.237900E+00 
 4.803405E+00       5       5     6.892323E+06     2.617451E+01 
 4.803405E+00       5       6     3.599404E+03     2.419851E+01 
 4.803405E+00       6       1     8.505693E+01     1.652360E+01 
 4.803405E+00       6       2     7.475519E+04     1.394375E+02 
 4.803405E+00       6       3     4.106324E+00    -3.043041E+00 
 4.803405E+00       6       4     1.084744E+06     4.619215E+01 
 4.803405E+00       6       5     3.664586E+02     4.845337E+01 
 4.803405E+00       6       6     9.456232E+06     3.171929E+04 
 4.879882E+00       1       1     6.258075E+03     1.376609E+01 
 4.879882E+00       1       2    -1.211323E+00     2.644111E+00 
 4.879882E+00       1       3    -4.287497E+00     7.984357E-02 
 4.879882E+00       1       4    -2.123289E+01     5.314569E+00 
 4.879882E+00       1       5    -6.737426E+04    -8.458391E+00 
 4.879882E+00       1       6     1.992967E+02    -1.143608E+01 
 4.879882E+00       2       1    -6.251045E-01     3.592778E+00 
 4.879882E+00       2       2     6.686612E+03     3.317508E+00 
 4.879882E+00       2       3     4.653632E-01    -3.069914E-02 
 4.879882E+00       2       4     7.860598E+04    -4.330594E+00 
 4.879882E+00       2       5     2.257332E+01     1.244392E+00 
 4.879882E+00       2       6     7.466263E+04     2.982483E+01 
 4.879882E+00       3       1     2.116862E+00    -5.006646E-02 
 4.879882E+00       3       2    -1.390395E+00     1.206287E-01 
 4.879882E+00       3       3     1.265414E+04     1.053934E-02 
 4.879882E+00       3       4     8.939679E+00     7.732711E-02 
 4.879882E+00       3       5    -1.071403E+05    -8.138744E-02 
 4.879882E+00       3       6    -7.317770E+01    -2.487734E+00 
 4.879882E+00       4       1    -7.301394E+00     2.511680E+00 
 4.879882E+00       4       2     7.892540E+04     1.012095E+00 
 4.879882E+00       4       3     3.935231E+01    -8.705529E-02 
 4.879882E+00       4       4     3.246594E+06     1.130610E+00 
 4.879882E+00       4       5     6.056565E+02     2.783962E+00 
 4.879882E+00       4       6     1.083386E+06     4.767790E-01 
 4.879882E+00       5       1    -6.789584E+04    -9.853634E+00 
 4.879882E+00       5       2     9.045123E+01     9.430882E-01 
 4.879882E+00       5       3    -1.070366E+05    -2.610168E-01 
 4.879882E+00       5       4     1.955005E+03     4.754847E+00 
 4.879882E+00       5       5     6.901882E+06     1.092054E+01 
 4.879882E+00       5       6     3.576648E+03     1.433783E+02 
 4.879882E+00       6       1     1.312776E+02    -6.334073E+01 
 4.879882E+00       6       2     7.472628E+04     1.155751E+02 
 4.879882E+00       6       3     9.230991E-01    -1.262328E+00 
 4.879882E+00       6       4     1.084894E+06    -3.838037E+01 
 4.879882E+00       6       5     2.448249E+02     3.051830E+02 
 4.879882E+00       6       6     9.461017E+06     1.753267E+04 
 4.956360E+00       1       1     6.264250E+03     1.235627E+01 
 4.956360E+00       1       2    -1.889120E+00    -1.033423E+00 
 4.956360E+00       1       3    -4.965758E+00     1.759072E-01 
 4.956360E+00       1       4    -2.721749E+01     1.490270E+00 
 4.956360E+00       1       5    -6.738238E+04     8.092871E-01 
 4.956360E+00       1       6     2.069866E+02     4.338790E+00 
 4.956360E+00       2       1    -4.266513E+00    -8.214179E-01 
 4.956360E+00       2       2     6.687433E+03     4.125123E+00 
 4.956360E+00       2       3     7.283978E-01    -2.390260E-01 
 4.956360E+00       2       4     7.861563E+04    -1.994208E+01 
 4.956360E+00       2       5     2.919311E+01     6.512915E+00 
 4.956360E+00       2       6     7.467031E+04    -2.034024E+02 
 4.956360E+00       3       1     2.217817E+00     2.530138E-02 
 4.956360E+00       3       2    -1.487879E+00    -8.714204E-02 
 4.956360E+00       3       3     1.264690E+04    -2.741257E-03 
 4.956360E+00       3       4     8.602792E+00    -2.470234E-01 
 4.956360E+00       3       5    -1.071046E+05    -2.142742E-01 
 4.956360E+00       3       6    -7.575407E+01    -2.452332E+00 
 4.956360E+00       4       1    -1.373685E+01     1.220439E+00 
 4.956360E+00       4       2     7.894972E+04     8.449701E-01 
 4.956360E+00       4       3     4.097002E+01    -5.445741E-01 
 4.956360E+00       4       4     3.245891E+06    -2.154133E+01 
 4.956360E+00       4       5     6.230614E+02     5.920821E+00 
 4.956360E+00       4       6     1.083471E+06    -2.599558E+02 
 4.956360E+00       5       1    -6.792316E+04    -3.500896E+00 
 4.956360E+00       5       2     9.314449E+01     1.721286E+00 
 4.956360E+00       5       3    -1.069956E+05    -5.804857E-01 
 4.956360E+00       5       4     1.958148E+03     1.599942E+00 
 4.956360E+00       5       5     6.899997E+06    -5.677392E+00 
 4.956360E+00       5       6     3.657867E+03     1.978274E+02 
 4.956360E+00       6       1     1.530153E+02    -5.512197E+01 
 4.956360E+00       6       2     7.475657E+04    -1.910691E+02 
 4.956360E+00       6       3     5.064904E+00    -8.478348E+00 
 4.956360E+00       6       4     1.085088E+06    -5.858840E+02 
 4.956360E+00       6       5     6.003457E+02     4.574009E+02 
 4.956360E+00       6       6     9.463525E+06     1.398146E+03 
 5.032838E+00       1       1     6.257868E+03     2.270675E+00 
 5.032838E+00       1       2    -4.507079E+00    -2.221046E+00 
 5.032838E+00       1       3    -4.286193E+00     3.732815E-01 
 5.032838E+00       1       4    -1.992800E+01    -4.585677E+00 
 5.032838E+00       1       5    -6.738124E+04     1.923989E+01 
 5.032838E+00       1       6    -9.252766E+00    -2.669543E+01 
 5.032838E+00       2       1     7.546604E+00    -5.535670E+00 
 5.032838E+00       2       2     6.690321E+03     1.430282E+00 
 5.032838E+00       2       3     2.275642E-02    -8.831235E-01 
 5.032838E+00       2       4     7.859967E+04    -5.356488E+00 
 5.032838E+00       2       5     7.605231E+00     4.466484E+00 
 5.032838E+00       2       6     7.508701E+04    -7.456116E+02 
 5.032838E+00       3       1     1.987087E+00     1.431544E-01 
 5.032838E+00       3       2    -1.562802E+00    -1.522640E-01 
 5.032838E+00       3       3     1.263284E+04     1.116186E-02 
 5.032838E+00       3       4     9.357098E+00    -8.802001E-01 
 5.032838E+00       3       5    -1.069709E+05    -2.707057E-01 
 5.032838E+00       3       6    -7.906428E+01     7.737093E+00 
 5.032838E+00       4       1     1.058398E+00    -2.496153E+00 
 5.032838E+00       4       2     7.896462E+04    -4.626075E+00 
 5.032838E+00       4       3     3.955617E+01    -1.382044E+00 
 5.032838E+00       4       4     3.244016E+06    -2.181527E+01 
 5.032838E+00       4       5     5.977135E+02     1.944283E+00 
 5.032838E+00       4       6     1.084230E+06    -5.886873E+02 
 5.032838E+00       5       1    -6.793319E+04     5.606706E+00 
 5.032838E+00       5       2     9.037725E+01     3.003056E+00 
 5.032838E+00       5       3    -1.068656E+05    -4.688310E-02 
 5.032838E+00       5       4     1.959730E+03    -1.866170E+00 
 5.032838E+00       5       5     6.893580E+06    -3.012890E+01 
 5.032838E+00       5       6     3.951043E+03     2.782517E+02 
 5.032838E+00       6       1     1.314228E+02    -2.793348E+02 
 5.032838E+00       6       2     7.460790E+04    -2.757717E+02 
 5.032838E+00       6       3    -6.056606E+00     8.839542E+00 
 5.032838E+00       6       4     1.085206E+06    -3.668653E+02 
 5.032838E+00       6       5     4.390894E+02     6.996948E+02 
 5.032838E+00       6       6     9.447819E+06    -3.148446E+04 
 5.109315E+00       1       1     6.266479E+03    -2.630174E+01 
 5.109315E+00       1       2    -1.910796E+01    -2.753023E+00 
 5.109315E+00       1       3    -5.626544E+00    -2.944213E-01 
 5.109315E+00       1       4    -5.722399E+01     7.778390E+00 
 5.109315E+00       1       5    -6.741764E+04     4.320716E+01 
 5.109315E+00       1       6    -2.457037E+02    -7.254106E+02 
 5.109315E+00       2       1    -4.043268E+00    -3.234875E+00 
 5.109315E+00       2       2     6.671117E+03     7.440636E-01 
 5.109315E+00       2       3     4.416546E-01     3.642729E-01 
 5.109315E+00       2       4     7.860803E+04    -4.805643E+01 
 5.109315E+00       2       5     1.044320E+01     3.504227E+00 
 5.109315E+00       2       6     7.437011E+04     5.185156E+02 
 5.109315E+00       3       1     2.192467E+00    -9.367402E-02 
 5.109315E+00       3       2    -1.376483E+00    -2.469434E-02 
 5.109315E+00       3       3     1.265209E+04     3.406847E-05 
 5.109315E+00       3       4     9.598323E+00    -1.184096E-02 
 5.109315E+00       3       5    -1.071434E+05     2.016328E-01 
 5.109315E+00       3       6    -7.756200E+01     7.153748E+00 
 5.109315E+00       4       1    -1.113659E+01    -4.292283E-02 
 5.109315E+00       4       2     7.896331E+04    -1.701744E+01 
 5.109315E+00       4       3     4.026925E+01     1.296176E-01 
 5.109315E+00       4       4     3.246732E+06    -7.347937E+01 
 5.109315E+00       4       5     5.719830E+02     1.171271E+01 
 5.109315E+00       4       6     1.083928E+06     2.461965E+02 
 5.109315E+00       5       1    -6.794592E+04     2.634500E+01 
 5.109315E+00       5       2     1.006568E+02     6.573640E+00 
 5.109315E+00       5       3    -1.070228E+05     4.233304E-01 
 5.109315E+00       5       4     2.017636E+03    -1.500481E+00 
 5.109315E+00       5       5     6.902249E+06    -5.191290E+01 
 5.109315E+00       5       6     3.965600E+03     7.255908E+02 
 5.109315E+00       6       1     6.014923E+01    -3.711121E+02 
 5.109315E+00       6       2     7.419170E+04     5.486059E+02 
 5.109315E+00       6       3    -1.417185E+00     2.026835E+01 
 5.109315E+00       6       4     1.084643E+06     1.543098E+02 
 5.109315E+00       6       5     3.723231E+02     4.547671E+02 
 5.109315E+00       6       6     9.409148E+06    -1.436848E+04 
 5.185792E+00       1       1     6.243277E+03     2.679424E+01 
 5.185792E+00       1       2     5.997592E+00    -1.295000E+01 
 5.185792E+00       1       3    -3.920691E+00    -7.529908E-01 
 5.185792E+00       1       4     1.494598E+01    -2.169990E+01 
 5.185792E+00       1       5    -6.733993E+04    -3.503679E+01 
 5.185792E+00       1       6    -5.693221E+02    -5.032128E+01 
 5.185792E+00       2       1     7.121026E+00    -7.429252E+00 
 5.185792E+00       2       2     6.650504E+03     1.880178E+01 
 5.185792E+00       2       3     1.530813E-01     1.043605E-01 
 5.185792E+00       2       4     7.853610E+04    -1.680193E+01 
 5.185792E+00       2       5    -7.181733E+00    -6.066217E-01 
 5.185792E+00       2       6     7.488403E+04    -4.918476E+02 
 5.185792E+00       3       1     2.323683E+00    -1.615565E-01 
 5.185792E+00       3       2    -1.630058E+00     1.509443E-01 
 5.185792E+00       3       3     1.263037E+04     1.224242E-02 
 5.185792E+00       3       4     8.663394E+00     4.275611E-02 
 5.185792E+00       3       5    -1.069509E+05     2.319385E-01 
 5.185792E+00       3       6    -6.597477E+01     2.996730E+00 
 5.185792E+00       4       1    -5.495182E+00    -1.392782E+01 
 5.185792E+00       4       2     7.894409E+04     1.511178E+01 
 5.185792E+00       4       3     3.999430E+01     2.008908E-01 
 5.185792E+00       4       4     3.244045E+06    -1.641336E+01 
 5.185792E+00       4       5     5.989292E+02     1.249401E+01 
 5.185792E+00       4       6     1.083993E+06    -7.163521E+02 
 5.185792E+00       5       1    -6.793762E+04    -2.309288E+01 
 5.185792E+00       5       2     8.054896E+01     9.725763E+00 
 5.185792E+00       5       3    -1.068528E+05     8.978790E-01 
 5.185792E+00       5       4     1.923601E+03     1.051867E+01 
 5.185792E+00       5       5     6.893178E+06     3.270948E+01 
 5.185792E+00       5       6     4.529064E+03    -7.374867E+01 
 5.185792E+00       6       1    -4.845875E+02    -1.388463E+02 
 5.185792E+00       6       2     7.492525E+04    -6.100595E+02 
 5.185792E+00       6       3     1.283518E+01    -2.998219E+00 
 5.185792E+00       6       4     1.086193E+06    -1.395408E+03 
 5.185792E+00       6       5     2.064484E+03     2.175479E+02 
 5.185792E+00       6       6     9.397952E+06     2.818975E+04 
 5.262270E+00       1       1     6.256494E+03     9.758580E+00 
 5.262270E+00       1       2    -8.653257E+00     3.220057E+00 
 5.262270E+00       1       3    -3.963051E+00    -9.708215E-01 
 5.262270E+00       1       4    -3.272252E+01    -1.244552E+00 
 5.262270E+00       1       5    -6.739787E+04     3.720781E+00 
 5.262270E+00       1       6    -6.754018E+02     2.899036E+02 
 5.262270E+00       2       1     5.223877E-01     6.049189E+00 
 5.262270E+00       2       2     6.700607E+03     1.093905E+01 
 5.262270E+00       2       3     4.534037E-01     3.284772E-01 
 5.262270E+00       2       4     7.863797E+04     1.250167E+01 
 5.262270E+00       2       5     2.154213E+01    -2.636100E+01 
 5.262270E+00       2       6     7.422525E+04     2.065383E+02 
 5.262270E+00       3       1     1.638210E+00    -2.947337E-01 
 5.262270E+00       3       2    -1.333697E+00     4.617727E-02 
 5.262270E+00       3       3     1.266445E+04    -6.803690E-03 
 5.262270E+00       3       4     8.951684E+00    -1.212923E-01 
 5.262270E+00       3       5    -1.072010E+05     6.789436E-01 
 5.262270E+00       3       6    -7.339703E+01    -2.170204E+00 
 5.262270E+00       4       1    -9.085756E+00     4.057773E+00 
 5.262270E+00       4       2     7.898913E+04     1.896723E+01 
 5.262270E+00       4       3     3.775179E+01    -4.843729E-02 
 5.262270E+00       4       4     3.247489E+06     2.395485E+01 
 5.262270E+00       4       5     6.448883E+02    -1.499320E+01 
 5.262270E+00       4       6     1.083404E+06     3.408951E+02 
 5.262270E+00       5       1    -6.794418E+04    -5.056754E+00 
 5.262270E+00       5       2     9.072138E+01    -5.193290E+00 
 5.262270E+00       5       3    -1.071057E+05     1.135805E+00 
 5.262270E+00       5       4     1.954512E+03     8.060363E-01 
 5.262270E+00       5       5     6.904406E+06    -3.889953E+00 
 5.262270E+00       5       6     4.391422E+03    -3.310416E+02 
 5.262270E+00       6       1    -5.709425E+02     1.651919E+02 
 5.262270E+00       6       2     7.424864E+04    -1.883352E+02 
 5.262270E+00       6       3     6.389775E+00     1.205389E+00 
 5.262270E+00       6       4     1.084005E+06    -6.554133E+02 
 5.262270E+00       6       5     1.815389E+03    -5.982742E+02 
 5.262270E+00       6       6     9.428934E+06     4.640048E+04 
 5.338748E+00       1       1     6.275912E+03     3.007437E+01 
 5.338748E+00       1       2    -6.680247E+00     9.912333E+00 
 5.338748E+00       1       3    -5.861533E+00    -1.155746E-01 
 5.338748E+00       1       4    -2.630414E+01     2.413574E+01 
 5.338748E+00       1       5    -6.747521E+04    -3.017430E+01 
 5.338748E+00       1       6     4.194699E+02     4.241049E+02 
 5.338748E+00       2       1     3.798577E+00     9.180385E+00 
 5.338748E+00       2       2     6.696596E+03     3.596966E+01 
 5.338748E+00       2       3     1.320443E-01     9.657916E-01 
 5.338748E+00       2       4     7.864446E+04     4.197257E+01 
 5.338748E+00       2       5     1.113050E+01     1.211361E+01 
 5.338748E+00       2       6     7.487197E+04     1.323229E+02 
 5.338748E+00       3       1     2.121519E+00     2.324650E-01 
 5.338748E+00       3       2    -1.630374E+00     4.995340E-01 
 5.338748E+00       3       3     1.265054E+04     8.455521E-03 
 5.338748E+00       3       4     8.048725E+00     8.145292E-01 
 5.338748E+00       3       5    -1.071418E+05     7.263205E-02 
 5.338748E+00       3       6    -6.729533E+01     1.612680E+00 
 5.338748E+00       4       1     5.008460E+00     1.730767E+01 
 5.338748E+00       4       2     7.903831E+04     4.579980E+01 
 5.338748E+00       4       3     3.874246E+01     1.552901E+00 
 5.338748E+00       4       4     3.246900E+06     5.585744E+01 
 5.338748E+00       4       5     6.205279E+02     2.308091E+01 
 5.338748E+00       4       6     1.084443E+06    -1.239068E+02 
 5.338748E+00       5       1    -6.799601E+04    -2.910580E+01 
 5.338748E+00       5       2     9.222857E+01    -1.012354E+01 
 5.338748E+00       5       3    -1.070288E+05     1.182831E-01 
 5.338748E+00       5       4     1.976028E+03    -2.475975E+01 
 5.338748E+00       5       5     6.902212E+06     3.167114E+01 
 5.338748E+00       5       6     3.458882E+03    -4.180830E+02 
 5.338748E+00       6       1     3.063045E+02     3.592648E+02 
 5.338748E+00       6       2     7.478068E+04     4.904336E+02 
 5.338748E+00       6       3     1.850577E+00     2.311323E+01 
 5.338748E+00       6       4     1.085281E+06     4.267383E+02 
 5.338748E+00       6       5     5.634520E+02     2.227182E+02 
 5.338748E+00       6       6     9.488569E+06     2.811659E+04 
 5.415225E+00       1       1     6.293606E+03     1.645710E+01 
 5.415225E+00       1       2     1.122472E+00    -1.538783E+00 
 5.415225E+00       1       3    -5.593857E+00     1.447077E-02 
 5.415225E+00       1       4     6.361232E+00     1.815321E+01 
 5.415225E+00       1       5    -6.750445E+04    -6.936770E+00 
 5.415225E+00       1       6     6.223647E+01     3.823380E+02 
 5.415225E+00       2       1    -1.053775E+00    -5.565334E+00 
 5.415225E+00       2       2     6.711159E+03     8.612957E+00 
 5.415225E+00       2       3     3.802568E-01    -3.194812E-01 
 5.415225E+00       2       4     7.868653E+04    -3.413201E+00 
 5.415225E+00       2       5     2.056387E+01    -1.158513E+00 
 5.415225E+00       2       6     7.484311E+04    -1.879845E+02 
 5.415225E+00       3       1     2.033811E+00     2.077030E-01 
 5.415225E+00       3       2    -1.387201E+00    -2.113917E-02 
 5.415225E+00       3       3     1.262978E+04    -1.538897E-03 
 5.415225E+00       3       4     8.919993E+00     2.438506E-01 
 5.415225E+00       3       5    -1.069526E+05    -8.654537E-01 
 5.415225E+00       3       6    -8.495487E+01     4.156858E+00 
 5.415225E+00       4       1    -3.772327E+00     5.674427E+00 
 5.415225E+00       4       2     7.904445E+04     1.349674E+01 
 5.415225E+00       4       3     4.126304E+01     4.355946E-03 
 5.415225E+00       4       4     3.244403E+06     2.051196E+01 
 5.415225E+00       4       5     5.035476E+02    -5.033112E+00 
 5.415225E+00       4       6     1.084428E+06     3.937705E+02 
 5.415225E+00       5       1    -6.803189E+04    -1.486258E+01 
 5.415225E+00       5       2     9.281560E+01     6.556236E-01 
 5.415225E+00       5       3    -1.068390E+05     6.096185E-02 
 5.415225E+00       5       4     1.912527E+03    -2.489987E+01 
 5.415225E+00       5       5     6.893570E+06    -4.246113E+00 
 5.415225E+00       5       6     3.734068E+03    -5.218382E+02 
 5.415225E+00       6       1    -5.293887E+01     3.454575E+02 
 5.415225E+00       6       2     7.480795E+04    -2.012685E+02 
 5.415225E+00       6       3    -1.176902E+01    -8.005060E+00 
 5.415225E+00       6       4     1.086244E+06     8.736929E+02 
 5.415225E+00       6       5    -2.990140E+02    -8.055271E+02 
 5.415225E+00       6       6     9.479207E+06     2.869831E+04 
 5.491702E+00       1       1     6.291096E+03     5.956754E+00 
 5.491702E+00       1       2     1.076003E+00     2.923339E-01 
 5.491702E+00       1       3    -4.100518E+00    -6.183503E-01 
 5.491702E+00       1       4    -9.626766E+00     8.257945E+00 
 5.491702E+00       1       5    -6.748315E+04     1.107597E+01 
 5.491702E+00       1       6     8.321010E+01    -1.898758E+02 
 5.491702E+00       2       1    -3.191850E+00    -3.097813E+00 
 5.491702E+00       2       2     6.720458E+03     3.780564E+00 
 5.491702E+00       2       3     6.270524E-01    -1.231099E-01 
 5.491702E+00       2       4     7.873939E+04    -1.164037E+00 
 5.491702E+00       2       5     2.957280E+01     6.991604E+00 
 5.491702E+00       2       6     7.498953E+04     8.597199E+00 
 5.491702E+00       3       1     2.040253E+00     2.071162E-01 
 5.491702E+00       3       2    -1.392186E+00    -2.661545E-02 
 5.491702E+00       3       3     1.265859E+04    -6.723623E-02 
 5.491702E+00       3       4     8.875423E+00     4.985823E-01 
 5.491702E+00       3       5    -1.071874E+05     6.100416E-01 
 5.491702E+00       3       6    -6.917946E+01    -6.281307E+00 
 5.491702E+00       4       1    -1.058265E+01     6.732947E-02 
 5.491702E+00       4       2     7.905783E+04     1.553795E+00 
 5.491702E+00       4       3     4.047560E+01     3.931353E-01 
 5.491702E+00       4       4     3.248284E+06     2.833221E+00 
 5.491702E+00       4       5     6.936234E+02    -5.239179E+00 
 5.491702E+00       4       6     1.084651E+06     6.234564E+01 
 5.491702E+00       5       1    -6.801505E+04    -1.294285E+01 
 5.491702E+00       5       2     8.214272E+01    -5.615263E+00 
 5.491702E+00       5       3    -1.070890E+05     2.099660E+00 
 5.491702E+00       5       4     1.872953E+03    -3.861543E+01 
 5.491702E+00       5       5     6.904888E+06    -1.278944E+01 
 5.491702E+00       5       6     3.960576E+03     5.940497E+02 
 5.491702E+00       6       1    -1.897676E+01    -1.113571E+02 
 5.491702E+00       6       2     7.492333E+04     7.679715E+01 
 5.491702E+00       6       3     1.795177E+00    -1.045632E+01 
 5.491702E+00       6       4     1.085894E+06     2.832600E+02 
 5.491702E+00       6       5     1.124502E+03     9.243882E+02 
 5.491702E+00       6       6     9.511523E+06    -1.335374E+03 
 5.568180E+00       1       1     6.299831E+03    -8.387180E+00 
 5.568180E+00       1       2    -3.718068E-01     2.137936E-02 
 5.568180E+00       1       3    -4.732639E+00    -2.584221E-01 
 5.568180E+00       1       4    -2.350380E+01     5.348822E+00 
 5.568180E+00       1       5    -6.750908E+04     2.975200E+01 
 5.568180E+00       1       6     8.923699E+01    -1.030172E+01 
 5.568180E+00       2       1    -5.663786E-01    -2.565796E+00 
 5.568180E+00       2       2     6.722876E+03    -1.101499E+01 
 5.568180E+00       2       3     7.112994E-01     3.178873E-03 
 5.568180E+00       2       4     7.874724E+04    -3.981785E+01 
 5.568180E+00       2       5     2.419562E+01     4.742289E+00 
 5.568180E+00       2       6     7.493466E+04    -2.732407E+02 
 5.568180E+00       3       1     2.533487E+00     3.180044E-01 
 5.568180E+00       3       2    -1.357680E+00    -1.134418E-01 
 5.568180E+00       3       3     1.265012E+04     3.409224E-03 
 5.568180E+00       3       4     8.462524E+00    -5.298543E-01 
 5.568180E+00       3       5    -1.071431E+05    -7.847423E-01 
 5.568180E+00       3       6    -7.108448E+01     1.194393E+01 
 5.568180E+00       4       1    -9.992944E+00    -4.428085E+00 
 5.568180E+00       4       2     7.907841E+04    -1.379069E+01 
 5.568180E+00       4       3     3.936290E+01    -4.165067E-01 
 5.568180E+00       4       4     3.247208E+06    -4.246821E+01 
 5.568180E+00       4       5     6.805776E+02     1.470105E+01 
 5.568180E+00       4       6     1.084666E+06    -4.299439E+02 
 5.568180E+00       5       1    -6.805281E+04     1.312645E+01 
 5.568180E+00       5       2     9.486074E+01    -8.843388E-01 
 5.568180E+00       5       3    -1.070307E+05     6.062583E-01 
 5.568180E+00       5       4     1.968008E+03    -1.126299E+01 
 5.568180E+00       5       5     6.902445E+06    -3.713248E+01 
 5.568180E+00       5       6     3.843985E+03     2.491624E+02 
 5.568180E+00       6       1     1.142417E+02    -6.207231E+00 
 5.568180E+00       6       2     7.496804E+04    -2.855091E+02 
 5.568180E+00       6       3     1.671075E+01     1.999526E+01 
 5.568180E+00       6       4     1.086287E+06    -8.909852E+02 
 5.568180E+00       6       5     8.814499E+02    -5.615359E+01 
 5.568180E+00       6       6     9.516481E+06    -1.374633E+04 
 5.644658E+00       1       1     6.307652E+03    -9.210490E+00 
 5.644658E+00       1       2    -5.241133E+00    -9.921611E-01 
 5.644658E+00       1       3    -4.821738E+00     2.833658E-01 
 5.644658E+00       1       4    -2.848647E+01    -3.376544E+00 
 5.644658E+00       1       5    -6.753422E+04     3.522248E+01 
 5.644658E+00       1       6    -1.223958E+02    -1.199622E+02 
 5.644658E+00       2       1    -2.561125E+00    -2.100185E+00 
 5.644658E+00       2       2     6.747912E+03    -3.487575E+01 
 5.644658E+00       2       3     2.163833E-01     1.855575E-01 
 5.644658E+00       2       4     7.880948E+04    -7.799409E+01 
 5.644658E+00       2       5     2.427754E+01    -1.884070E+01 
 5.644658E+00       2       6     7.544394E+04    -5.455854E+02 
 5.644658E+00       3       1     2.210004E+00     1.544243E-01 
 5.644658E+00       3       2    -1.428662E+00     3.842721E-01 
 5.644658E+00       3       3     1.263266E+04     6.120204E-03 
 5.644658E+00       3       4     9.454006E+00     8.394491E-01 
 5.644658E+00       3       5    -1.069761E+05    -1.174494E-01 
 5.644658E+00       3       6    -7.883581E+01     1.359856E+01 
 5.644658E+00       4       1    -1.256497E+01    -5.615530E+00 
 5.644658E+00       4       2     7.911097E+04    -4.658908E+01 
 5.644658E+00       4       3     3.943412E+01     4.206230E-01 
 5.644658E+00       4       4     3.245024E+06    -9.750365E+01 
 5.644658E+00       4       5     6.335090E+02    -1.452729E+01 
 5.644658E+00       4       6     1.085330E+06    -8.678975E+02 
 5.644658E+00       5       1    -6.807549E+04     9.328117E+00 
 5.644658E+00       5       2     1.042310E+02    -5.748808E-02 
 5.644658E+00       5       3    -1.068713E+05    -4.452075E-01 
 5.644658E+00       5       4     1.984373E+03     1.807723E+00 
 5.644658E+00       5       5     6.894712E+06    -4.560332E+01 
 5.644658E+00       5       6     4.126636E+03     3.792748E+02 
 5.644658E+00       6       1    -1.119193E+02     4.845289E+01 
 5.644658E+00       6       2     7.523493E+04    -5.057636E+02 
 5.644658E+00       6       3    -8.870931E+00     5.697107E+00 
 5.644658E+00       6       4     1.086982E+06    -1.243480E+03 
 5.644658E+00       6       5     1.230084E+03    -3.164182E+02 
 5.644658E+00       6       6     9.540762E+06    -3.806929E+04 
 5.721135E+00       1       1     6.348939E+03     2.930936E+00 
 5.721135E+00       1       2    -4.094096E+01    -1.172591E+01 
 5.721135E+00       1       3    -5.565633E+00    -5.649901E-01 
 5.721135E+00       1       4    -1.199875E+02    -3.989836E+01 
 5.721135E+00       1       5    -6.764509E+04     1.638842E+01 
 5.721135E+00       1       6    -8.315162E+02     3.139008E+02 
 5.721135E+00       2       1    -2.576458E+01    -6.495812E+00 
 5.721135E+00       2       2     6.753778E+03    -6.045706E+01 
 5.721135E+00       2       3     1.350346E+00    -7.490113E-01 
 5.721135E+00       2       4     7.883714E+04    -1.183617E+02 
 5.721135E+00       2       5     4.027049E+01     2.593856E+01 
 5.721135E+00       2       6     7.463335E+04    -1.580631E+03 
 5.721135E+00       3       1     2.451041E+00    -1.825447E-01 
 5.721135E+00       3       2    -1.226454E+00    -9.605749E-02 
 5.721135E+00       3       3     1.265678E+04    -5.352380E-03 
 5.721135E+00       3       4     8.170973E+00    -2.411347E-02 
 5.721135E+00       3       5    -1.071876E+05     2.701963E-01 
 5.721135E+00       3       6    -6.531481E+01     3.176297E-01 
 5.721135E+00       4       1    -5.119453E+01    -8.713744E+00 
 5.721135E+00       4       2     7.912650E+04    -6.357103E+01 
 5.721135E+00       4       3     3.520041E+01    -7.137302E-01 
 5.721135E+00       4       4     3.248304E+06    -1.220168E+02 
 5.721135E+00       4       5     6.663358E+02     3.933639E+01 
 5.721135E+00       4       6     1.084128E+06    -1.601282E+03 
 5.721135E+00       5       1    -6.812402E+04     1.143142E+01 
 5.721135E+00       5       2     1.217072E+02     1.196905E+00 
 5.721135E+00       5       3    -1.070761E+05     2.647160E-01 
 5.721135E+00       5       4     2.035417E+03     7.836730E-01 
 5.721135E+00       5       5     6.905187E+06    -5.267984E+01 
 5.721135E+00       5       6     3.942271E+03    -2.283322E+02 
 5.721135E+00       6       1    -9.969721E+02     7.641841E+01 
 5.721135E+00       6       2     7.482599E+04    -1.937379E+03 
 5.721135E+00       6       3     6.099749E+01    -4.494675E+01 
 5.721135E+00       6       4     1.086576E+06    -4.021422E+03 
 5.721135E+00       6       5     6.204664E+02     3.853161E+02 
 5.721135E+00       6       6     9.564505E+06    -1.142041E+05 
 5.797613E+00       1       1     6.369431E+03     3.732631E+01 
 5.797613E+00       1       2     3.864664E+01    -4.632484E+01 
 5.797613E+00       1       3    -4.110368E+00    -4.242917E-01 
 5.797613E+00       1       4     4.780075E+01    -8.071878E+01 
 5.797613E+00       1       5    -6.771883E+04    -8.523517E+01 
 5.797613E+00       1       6     1.752390E+03    -1.088763E+03 
 5.797613E+00       2       1     2.618124E+01     6.322222E+00 
 5.797613E+00       2       2     6.885982E+03     3.206130E+01 
 5.797613E+00       2       3    -3.000150E+00    -1.411396E+00 
 5.797613E+00       2       4     7.909140E+04     9.911393E+01 
 5.797613E+00       2       5    -1.157365E+02    -9.987715E+01 
 5.797613E+00       2       6     7.981555E+04     2.991108E+03 
 5.797613E+00       3       1     2.526857E+00    -5.935160E-01 
 5.797613E+00       3       2    -1.210725E+00    -1.098017E-01 
 5.797613E+00       3       3     1.264978E+04    -1.001485E-03 
 5.797613E+00       3       4     9.417995E+00    -4.176338E-02 
 5.797613E+00       3       5    -1.071456E+05     9.138977E-01 
 5.797613E+00       3       6    -8.379479E+01    -2.949331E+01 
 5.797613E+00       4       1     4.007223E+01    -5.711684E+00 
 5.797613E+00       4       2     7.930494E+04     1.048947E+01 
 5.797613E+00       4       3     3.787348E+01    -1.011703E+00 
 5.797613E+00       4       4     3.247916E+06     7.815063E+01 
 5.797613E+00       4       5     4.255756E+02    -8.604534E+01 
 5.797613E+00       4       6     1.091172E+06     2.350821E+03 
 5.797613E+00       5       1    -6.816822E+04    -3.396280E+01 
 5.797613E+00       5       2     4.682054E+00     2.641739E+01 
 5.797613E+00       5       3    -1.070434E+05     1.614665E+00 
 5.797613E+00       5       4     1.779385E+03     1.130314E+01 
 5.797613E+00       5       5     6.902913E+06     1.251832E+02 
 5.797613E+00       5       6     3.008742E+02    -6.285802E+02 
 5.797613E+00       6       1     5.903786E+02    -5.705508E+02 
 5.797613E+00       6       2     7.978186E+04     2.482060E+02 
 5.797613E+00       6       3    -1.714734E+02    -7.862378E+01 
 5.797613E+00       6       4     1.096023E+06     2.343339E+03 
 5.797613E+00       6       5    -4.483234E+03    -2.245601E+03 
 5.797613E+00       6       6     9.824959E+06     1.803167E+05 
 5.874090E+00       1       1     6.308438E+03     1.003812E+01 
 5.874090E+00       1       2    -8.454804E+00    -1.335094E+01 
 5.874090E+00       1       3    -4.713319E+00    -2.473982E-01 
 5.874090E+00       1       4    -3.069008E+01    -4.861224E+01 
 5.874090E+00       1       5    -6.755504E+04    -7.279266E+00 
 5.874090E+00       1       6    -7.239691E+02     6.096738E+01 
 5.874090E+00       2       1    -4.381323E-01    -6.187451E+00 
 5.874090E+00       2       2     6.758248E+03     2.252227E+01 
 5.874090E+00       2       3     1.627621E-01    -2.570990E-01 
 5.874090E+00       2       4     7.884382E+04     5.124839E+01 
 5.874090E+00       2       5     1.523424E+01     1.172111E+00 
 5.874090E+00       2       6     7.473279E+04    -4.365249E+02 
 5.874090E+00       3       1     2.008252E+00    -2.781952E-02 
 5.874090E+00       3       2    -1.744178E+00     1.045783E-01 
 5.874090E+00       3       3     1.263273E+04     6.357638E-03 
 5.874090E+00       3       4     8.495655E+00    -6.119058E-02 
 5.874090E+00       3       5    -1.069812E+05     1.666095E-02 
 5.874090E+00       3       6    -7.488967E+01     6.999682E+00 
 5.874090E+00       4       1    -5.522632E+00    -4.973107E+00 
 5.874090E+00       4       2     7.916864E+04     2.736690E+01 
 5.874090E+00       4       3     3.655372E+01    -5.402069E-01 
 5.874090E+00       4       4     3.245321E+06     7.339227E+01 
 5.874090E+00       4       5     6.403076E+02    -1.257223E+01 
 5.874090E+00       4       6     1.085077E+06    -2.125756E+02 
 5.874090E+00       5       1    -6.810239E+04    -4.971167E+00 
 5.874090E+00       5       2     8.581781E+01     1.001544E+00 
 5.874090E+00       5       3    -1.068794E+05     1.936736E-01 
 5.874090E+00       5       4     1.936431E+03     1.021729E+01 
 5.874090E+00       5       5     6.894976E+06     1.945906E+00 
 5.874090E+00       5       6     4.359292E+03    -4.093778E+02 
 5.874090E+00       6       1    -2.205490E+02    -2.397048E+02 
 5.874090E+00       6       2     7.539390E+04    -1.951581E+02 
 5.874090E+00       6       3    -1.654529E+01     3.275563E+00 
 5.874090E+00       6       4     1.087855E+06    -1.214013E+02 
 5.874090E+00       6       5     1.028219E+03     3.724280E+02 
 5.874090E+00       6       6     9.522578E+06     2.198959E+04 
 5.950568E+00       1       1     6.305748E+03     1.768206E+01 
 5.950568E+00       1       2    -1.147930E+01     3.869720E+00 
 5.950568E+00       1       3    -5.625812E+00     9.712573E-01 
 5.950568E+00       1       4    -4.503472E+01     4.577723E+00 
 5.950568E+00       1       5    -6.754880E+04    -1.233174E+01 
 5.950568E+00       1       6    -5.710310E+01     1.360106E+02 
 5.950568E+00       2       1    -1.012438E+01     5.392538E+00 
 5.950568E+00       2       2     6.726075E+03     2.082687E+01 
 5.950568E+00       2       3     8.133252E-01     2.740393E-01 
 5.950568E+00       2       4     7.877097E+04     2.689911E+01 
 5.950568E+00       2       5     4.350669E+01     5.015033E+00 
 5.950568E+00       2       6     7.497036E+04     2.340855E+02 
 5.950568E+00       3       1     2.676106E+00     3.936098E-01 
 5.950568E+00       3       2    -1.757399E+00     2.249406E-01 
 5.950568E+00       3       3     1.265793E+04    -9.137608E-02 
 5.950568E+00       3       4     6.534467E+00    -1.031862E+00 
 5.950568E+00       3       5    -1.072020E+05    -2.053904E-01 
 5.950568E+00       3       6    -5.141607E+01    -2.661482E+00 
 5.950568E+00       4       1    -1.724740E+01     7.314601E+00 
 5.950568E+00       4       2     7.913143E+04     2.933584E+01 
 5.950568E+00       4       3     3.883484E+01    -4.329149E-01 
 5.950568E+00       4       4     3.248620E+06     3.656902E+01 
 5.950568E+00       4       5     5.609718E+02     8.592609E+00 
 5.950568E+00       4       6     1.085509E+06     6.020402E+02 
 5.950568E+00       5       1    -6.808779E+04    -1.921518E+01 
 5.950568E+00       5       2     1.072497E+02    -1.183228E+00 
 5.950568E+00       5       3    -1.070827E+05    -2.009095E+00 
 5.950568E+00       5       4     1.972468E+03    -9.781995E+00 
 5.950568E+00       5       5     6.905990E+06     1.196264E+01 
 5.950568E+00       5       6     4.113533E+03    -1.672917E+02 
 5.950568E+00       6       1    -1.540682E+02     1.989941E+02 
 5.950568E+00       6       2     7.475040E+04     3.357285E+02 
 5.950568E+00       6       3     2.494868E+00     1.573237E+01 
 5.950568E+00       6       4     1.086283E+06     2.943998E+02 
 5.950568E+00       6       5     1.330319E+03     1.114963E+02 
 5.950568E+00       6       6     9.531433E+06     1.316281E+04 
 6.027045E+00       1       1     6.318924E+03     2.348701E+00 
 6.027045E+00       1       2     9.456497E-01    -7.461255E-01 
 6.027045E+00       1       3    -4.270252E+00     2.790402E-02 
 6.027045E+00       1       4    -2.234937E+01    -4.128479E+00 
 6.027045E+00       1       5    -6.757059E+04     3.721622E+00 
 6.027045E+00       1       6     2.333758E+02    -1.540391E+02 
 6.027045E+00       2       1    -1.766496E+00    -9.977287E-01 
 6.027045E+00       2       2     6.747780E+03     1.074211E+00 
 6.027045E+00       2       3     3.730334E-01    -3.634812E-01 
 6.027045E+00       2       4     7.882070E+04    -1.666777E+01 
 6.027045E+00       2       5     2.858673E+01    -1.129802E+00 
 6.027045E+00       2       6     7.530540E+04    -1.727885E+01 
 6.027045E+00       3       1     2.229465E+00     9.060996E-02 
 6.027045E+00       3       2    -1.522286E+00    -4.456549E-02 
 6.027045E+00       3       3     1.265069E+04    -2.479321E-02 
 6.027045E+00       3       4     8.379737E+00    -3.637615E-01 
 6.027045E+00       3       5    -1.071559E+05    -1.332047E-01 
 6.027045E+00       3       6    -7.525035E+01     2.128679E+00 
 6.027045E+00       4       1    -1.194041E+01    -1.457222E+00 
 6.027045E+00       4       2     7.915424E+04    -4.844823E-01 
 6.027045E+00       4       3     4.192437E+01    -6.900117E-01 
 6.027045E+00       4       4     3.247820E+06    -3.095623E+01 
 6.027045E+00       4       5     6.178910E+02    -6.031547E-01 
 6.027045E+00       4       6     1.085711E+06     5.566976E+01 
 6.027045E+00       5       1    -6.811862E+04    -2.493666E+00 
 6.027045E+00       5       2     8.487264E+01    -1.037515E+00 
 6.027045E+00       5       3    -1.070531E+05     2.584743E-01 
 6.027045E+00       5       4     1.934749E+03    -4.497546E+00 
 6.027045E+00       5       5     6.903291E+06     6.093402E+00 
 6.027045E+00       5       6     3.446555E+03     1.941750E+02 
 6.027045E+00       6       1     1.540756E+02    -1.824892E+02 
 6.027045E+00       6       2     7.524168E+04     9.651029E+01 
 6.027045E+00       6       3     5.937757E+00     6.892400E+00 
 6.027045E+00       6       4     1.087231E+06    -8.105060E+01 
 6.027045E+00       6       5     3.974939E+02     8.143390E+02 
 6.027045E+00       6       6     9.551768E+06     1.245738E+03 
 6.103523E+00       1       1     6.323661E+03     4.889342E+00 
 6.103523E+00       1       2    -1.001883E+01    -5.018460E+00 
 6.103523E+00       1       3    -5.231894E+00    -1.064230E+00 
 6.103523E+00       1       4    -3.042114E+01     4.117502E+00 
 6.103523E+00       1       5    -6.758065E+04    -2.299315E+01 
 6.103523E+00       1       6     8.489100E+01     5.133702E+01 
 6.103523E+00       2       1    -6.139522E+00    -3.176592E+00 
 6.103523E+00       2       2     6.757197E+03    -1.168922E+01 
 6.103523E+00       2       3     1.369694E-01    -4.018070E-01 
 6.103523E+00       2       4     7.883524E+04    -3.756464E+01 
 6.103523E+00       2       5     4.375962E+01     9.907433E+00 
 6.103523E+00       2       6     7.518377E+04    -2.967336E+01 
 6.103523E+00       3       1     1.970477E+00    -5.294821E-01 
 6.103523E+00       3       2    -9.110770E-01     3.819387E-02 
 6.103523E+00       3       3     1.263282E+04    -2.792334E-02 
 6.103523E+00       3       4     1.016067E+01    -1.450056E+00 
 6.103523E+00       3       5    -1.069807E+05     2.041647E+00 
 6.103523E+00       3       6    -7.921628E+01     1.483415E+01 
 6.103523E+00       4       1    -2.368012E+01     7.684958E+00 
 6.103523E+00       4       2     7.915981E+04    -2.181561E+01 
 6.103523E+00       4       3     3.371898E+01    -2.569754E+00 
 6.103523E+00       4       4     3.245395E+06    -2.310409E+01 
 6.103523E+00       4       5     7.185072E+02    -3.868457E+01 
 6.103523E+00       4       6     1.085608E+06    -7.107874E+01 
 6.103523E+00       5       1    -6.812779E+04    -9.623620E+00 
 6.103523E+00       5       2     1.012784E+02     8.399487E+00 
 6.103523E+00       5       3    -1.068782E+05     1.343623E+00 
 6.103523E+00       5       4     1.975055E+03    -1.644569E+01 
 6.103523E+00       5       5     6.895079E+06     4.994479E+01 
 6.103523E+00       5       6     3.504541E+03    -1.641500E+02 
 6.103523E+00       6       1    -4.573913E+01     2.957678E+02 
 6.103523E+00       6       2     7.497551E+04    -1.636833E+02 
 6.103523E+00       6       3    -3.964817E+01    -1.725241E+01 
 6.103523E+00       6       4     1.086434E+06     2.067345E+02 
 6.103523E+00       6       5     9.078797E+02    -1.279450E+03 
 6.103523E+00       6       6     9.563742E+06     9.124392E+02 
 6.180000E+00       1       1     6.337096E+03    -4.766605E+00 
 6.180000E+00       1       2     7.149876E+00    -8.256220E-01 
 6.180000E+00       1       3    -4.659148E+00    -2.479077E-01 
 6.180000E+00       1       4     9.594560E-01     2.484193E+00 
 6.180000E+00       1       5    -6.763590E+04     1.290045E+01 
 6.180000E+00       1       6     1.547063E+02    -1.401846E+02 
 6.180000E+00       2       1    -2.482556E+00     6.474591E-01 
 6.180000E+00       2       2     6.765703E+03    -9.932445E+00 
 6.180000E+00       2       3     5.009695E-01    -1.653683E-01 
 6.180000E+00       2       4     7.889390E+04    -3.759680E+01 
 6.180000E+00       2       5     2.140269E+01    -2.885737E-01 
 6.180000E+00       2       6     7.530071E+04    -4.108471E+01 
 6.180000E+00       3       1     2.302276E+00     2.298504E-01 
 6.180000E+00       3       2    -1.406393E+00    -1.853587E-01 
 6.180000E+00       3       3     1.265982E+04     3.848643E-02 
 6.180000E+00       3       4     7.583907E+00    -4.317715E-01 
 6.180000E+00       3       5    -1.072177E+05    -2.668204E-01 
 6.180000E+00       3       6    -8.353445E+01     1.333065E+01 
 6.180000E+00       4       1    -1.325477E+01     4.153119E+00 
 6.180000E+00       4       2     7.917296E+04    -2.780987E+01 
 6.180000E+00       4       3     3.512787E+01    -1.017497E+00 
 6.180000E+00       4       4     3.249123E+06    -8.362356E+01 
 6.180000E+00       4       5     5.761525E+02    -1.884120E+01 
 6.180000E+00       4       6     1.085751E+06    -1.336916E+02 
 6.180000E+00       5       1    -6.814669E+04     1.199340E+01 
 6.180000E+00       5       2     7.531178E+01     3.689646E+00 
 6.180000E+00       5       3    -1.071059E+05    -5.612819E-01 
 6.180000E+00       5       4     1.915078E+03    -3.219400E+00 
 6.180000E+00       5       5     6.906859E+06    -3.147706E+01 
 6.180000E+00       5       6     3.427601E+03     1.003995E+01 
 6.180000E+00       6       1     2.604678E+02    -1.282411E+02 
 6.180000E+00       6       2     7.563691E+04     2.037056E+02 
 6.180000E+00       6       3    -3.992405E+00     1.980016E+01 
 6.180000E+00       6       4     1.088371E+06     5.855008E+02 
 6.180000E+00       6       5    -1.452045E+02     5.511339E+02 
 6.180000E+00       6       6     9.585221E+06    -7.720355E+03 
