 3.141593E-02     0.000000E+00       1     2.324104E+01     9.114733E+01    -4.653629E-01    -2.323638E+01 
 3.141593E-02     0.000000E+00       2     3.387181E-01    -1.791460E+02    -3.386805E-01     5.048216E-03 
 3.141593E-02     0.000000E+00       3     4.356562E+02     3.053956E-03     4.356562E+02    -2.322116E-02 
 3.141593E-02     0.000000E+00       4     2.869686E+00     1.798714E+02    -2.869679E+00    -6.441032E-03 
 3.141593E-02     0.000000E+00       5     6.795712E+01     9.113172E+01    -1.342222E+00    -6.794386E+01 
 3.141593E-02     0.000000E+00       6     1.612120E+01     1.754835E+00     1.611364E+01    -4.936770E-01 
 3.141593E-02     3.000000E+01       1     2.013242E+01     9.139071E+01    -4.886173E-01    -2.012649E+01 
 3.141593E-02     3.000000E+01       2     1.163002E+01     9.186537E+01    -3.785693E-01    -1.162385E+01 
 3.141593E-02     3.000000E+01       3     4.356560E+02     3.053459E-03     4.356560E+02    -2.321738E-02 
 3.141593E-02     3.000000E+01       4     3.452122E+01    -1.010850E+02    -6.637204E+00     3.387716E+01 
 3.141593E-02     3.000000E+01       5     5.885960E+01     8.918804E+01     8.340967E-01    -5.885369E+01 
 3.141593E-02     3.000000E+01       6     1.612389E+01     1.922720E+00     1.611481E+01    -5.409806E-01 
 3.141593E-02     6.000000E+01       1     1.163603E+01     9.263605E+01    -5.351585E-01    -1.162372E+01 
 3.141593E-02     6.000000E+01       2     2.014170E+01     9.107693E+01    -3.785603E-01    -2.013815E+01 
 3.141593E-02     6.000000E+01       3     4.356558E+02     3.143437E-03     4.356558E+02    -2.390152E-02 
 3.141593E-02     6.000000E+01       4     5.905789E+01    -9.645518E+01    -6.639635E+00     5.868347E+01 
 3.141593E-02     6.000000E+01       5     3.438675E+01     8.132928E+01     5.183997E+00    -3.399374E+01 
 3.141593E-02     6.000000E+01       6     1.611914E+01     8.707554E-01     1.611728E+01    -2.449619E-01 
 3.141593E-02     9.000000E+01       1     5.585487E-01     1.793459E+02    -5.585123E-01    -6.375953E-03 
 3.141593E-02     9.000000E+01       2     2.325890E+01     9.083402E+01    -3.385520E-01    -2.325644E+01 
 3.141593E-02     9.000000E+01       3     4.356558E+02     3.078868E-03     4.356558E+02    -2.341057E-02 
 3.141593E-02     9.000000E+01       4     6.782659E+01    -9.242907E+01    -2.874667E+00     6.776565E+01 
 3.141593E-02     9.000000E+01       5     7.357426E+00     1.967027E-01     7.357383E+00    -2.525880E-02 
 3.141593E-02     9.000000E+01       6     1.611898E+01    -4.140683E-01     1.611856E+01     1.164885E-01 
 3.141593E-02     1.200000E+02       1     1.162502E+01    -9.264000E+01    -5.354541E-01     1.161269E+01 
 3.141593E-02     1.200000E+02       2     2.014539E+01     9.084914E+01    -2.985497E-01    -2.014318E+01 
 3.141593E-02     1.200000E+02       3     4.356558E+02     3.097722E-03     4.356558E+02    -2.355393E-02 
 3.141593E-02     1.200000E+02       4     5.869690E+01    -8.912865E+01     8.926276E-01     5.869011E+01 
 3.141593E-02     1.200000E+02       5     3.434293E+01    -8.132376E+01     5.180659E+00     3.394993E+01 
 3.141593E-02     1.200000E+02       6     1.611928E+01    -8.810087E-01     1.611737E+01     2.478484E-01 
 3.141593E-02     1.500000E+02       1     2.012609E+01    -9.139252E+01    -4.890963E-01     2.012015E+01 
 3.141593E-02     1.500000E+02       2     1.163639E+01     9.147043E+01    -2.986021E-01    -1.163256E+01 
 3.141593E-02     1.500000E+02       3     4.356560E+02     3.415612E-03     4.356560E+02    -2.597106E-02 
 3.141593E-02     1.500000E+02       4     3.390044E+01    -8.848719E+01     8.949897E-01     3.388863E+01 
 3.141593E-02     1.500000E+02       5     5.883408E+01    -8.919146E+01     8.302224E-01     5.882822E+01 
 3.141593E-02     1.500000E+02       6     1.611793E+01    -1.110913E+00     1.611491E+01     3.124924E-01 
 3.141593E-02     1.800000E+02       1     2.324111E+01    -9.114856E+01    -4.658639E-01     2.323644E+01 
 3.141593E-02     1.800000E+02       2     3.387179E-01     1.791528E+02    -3.386809E-01    -5.008096E-03 
 3.141593E-02     1.800000E+02       3     4.356562E+02     3.726460E-03     4.356562E+02    -2.833464E-02 
 3.141593E-02     1.800000E+02       4     2.869686E+00    -1.798646E+02    -2.869678E+00     6.781191E-03 
 3.141593E-02     1.800000E+02       5     6.795679E+01    -9.113296E+01    -1.343685E+00     6.794351E+01 
 3.141593E-02     1.800000E+02       6     1.612113E+01    -1.748066E+00     1.611362E+01     4.917713E-01 
 7.029314E-02     0.000000E+00       1     5.241543E+01     9.029247E+01    -2.675610E-01    -5.241474E+01 
 7.029314E-02     0.000000E+00       2     3.351755E-01    -1.780404E+02    -3.349795E-01     1.146098E-02 
 7.029314E-02     0.000000E+00       3     4.178557E+02     1.520852E-02     4.178557E+02    -1.109151E-01 
 7.029314E-02     0.000000E+00       4     2.842655E+00     1.796990E+02    -2.842616E+00    -1.493561E-02 
 7.029314E-02     0.000000E+00       5     1.437047E+02     9.765462E+01    -1.914165E+01    -1.424241E+02 
 7.029314E-02     0.000000E+00       6     1.609636E+01     3.962956E+00     1.605788E+01    -1.112444E+00 
 7.029314E-02     3.000000E+01       1     4.540137E+01     9.048916E+01    -3.876078E-01    -4.539972E+01 
 7.029314E-02     3.000000E+01       2     2.622564E+01     9.117706E+01    -5.387286E-01    -2.622011E+01 
 7.029314E-02     3.000000E+01       3     4.178552E+02     1.647812E-02     4.178551E+02    -1.201741E-01 
 7.029314E-02     3.000000E+01       4     7.432471E+01    -1.072030E+02    -2.198212E+01     7.099964E+01 
 7.029314E-02     3.000000E+01       5     1.236363E+02     9.375020E+01    -8.086645E+00    -1.233716E+02 
 7.029314E-02     3.000000E+01       6     1.622664E+01     8.124490E+00     1.606378E+01    -2.293220E+00 
 7.029314E-02     6.000000E+01       1     2.622733E+01     9.137040E+01    -6.272472E-01    -2.621983E+01 
 7.029314E-02     6.000000E+01       2     4.542918E+01     9.067919E+01    -5.385094E-01    -4.542599E+01 
 7.029314E-02     6.000000E+01       3     4.178547E+02     1.795362E-02     4.178547E+02    -1.309347E-01 
 7.029314E-02     6.000000E+01       4     1.249420E+02    -1.001402E+02    -2.199696E+01     1.229904E+02 
 7.029314E-02     6.000000E+01       5     7.262554E+01     7.887941E+01     1.400763E+01    -7.126188E+01 
 7.029314E-02     6.000000E+01       6     1.608586E+01     1.970533E+00     1.607634E+01    -5.531205E-01 
 7.029314E-02     9.000000E+01       1     7.477858E-01     1.789006E+02    -7.476481E-01    -1.434722E-02 
 7.029314E-02     9.000000E+01       2     5.246105E+01     9.036325E+01    -3.325926E-01    -5.245999E+01 
 7.029314E-02     9.000000E+01       3     4.178546E+02     1.658827E-02     4.178546E+02    -1.209772E-01 
 7.029314E-02     9.000000E+01       4     1.420553E+02    -9.115869E+01    -2.872575E+00     1.420262E+02 
 7.029314E-02     9.000000E+01       5     2.504477E+01     1.323001E-01     2.504470E+01    -5.783013E-02 
 7.029314E-02     9.000000E+01       6     1.613825E+01    -4.743235E+00     1.608298E+01     1.334481E+00 
 7.029314E-02     1.200000E+02       1     2.620261E+01    -9.137881E+01    -6.305005E-01     2.619502E+01 
 7.029314E-02     1.200000E+02       2     4.543753E+01     9.016036E+01    -1.271700E-01    -4.543736E+01 
 7.029314E-02     1.200000E+02       3     4.178548E+02     1.539780E-02     4.178548E+02    -1.122952E-01 
 7.029314E-02     1.200000E+02       4     1.240771E+02    -8.246759E+01     1.626490E+01     1.230064E+02 
 7.029314E-02     1.200000E+02       5     7.252269E+01    -7.888073E+01     1.398614E+01     7.116129E+01 
 7.029314E-02     1.200000E+02       6     1.608661E+01    -1.978993E+00     1.607702E+01     5.555201E-01 
 7.029314E-02     1.500000E+02       1     4.538724E+01    -9.049621E+01    -3.930687E-01     4.538554E+01 
 7.029314E-02     1.500000E+02       2     2.624010E+01     9.028065E+01    -1.285313E-01    -2.623978E+01 
 7.029314E-02     1.500000E+02       3     4.178552E+02     1.735127E-02     4.178552E+02    -1.265419E-01 
 7.029314E-02     1.500000E+02       4     7.286853E+01    -7.709198E+01     1.627785E+01     7.102714E+01 
 7.029314E-02     1.500000E+02       5     1.235792E+02    -9.376470E+01    -8.114116E+00     1.233126E+02 
 7.029314E-02     1.500000E+02       6     1.606876E+01     1.334266E+00     1.606440E+01    -3.741648E-01 
 7.029314E-02     1.800000E+02       1     5.241579E+01    -9.029906E+01    -2.735915E-01     5.241508E+01 
 7.029314E-02     1.800000E+02       2     3.351736E-01     1.780751E+02    -3.349844E-01    -1.125830E-02 
 7.029314E-02     1.800000E+02       3     4.178557E+02     1.927413E-02     4.178557E+02    -1.405654E-01 
 7.029314E-02     1.800000E+02       4     2.842650E+00    -1.796642E+02    -2.842602E+00     1.665999E-02 
 7.029314E-02     1.800000E+02       5     1.437052E+02    -9.766117E+01    -1.915800E+01     1.424224E+02 
 7.029314E-02     1.800000E+02       6     1.609557E+01    -3.928803E+00     1.605775E+01     1.102818E+00 
 1.091703E-01     0.000000E+00       1     8.260967E+01     8.992188E+01     1.126337E-01    -8.260959E+01 
 1.091703E-01     0.000000E+00       2     3.289241E-01    -1.768294E+02    -3.284206E-01     1.819241E-02 
 1.091703E-01     0.000000E+00       3     3.866472E+02     3.526258E-02     3.866472E+02    -2.379613E-01 
 1.091703E-01     0.000000E+00       4     2.794671E+00     1.794793E+02    -2.794555E+00    -2.539779E-02 
 1.091703E-01     0.000000E+00       5     2.008367E+02     1.049622E+02    -5.185238E+01    -1.940276E+02 
 1.091703E-01     0.000000E+00       6     1.605340E+01     6.247166E+00     1.595807E+01    -1.746894E+00 
 1.091703E-01     3.000000E+01       1     7.155369E+01     9.015466E+01    -1.931481E-01    -7.155343E+01 
 1.091703E-01     3.000000E+01       2     4.133339E+01     9.116351E+01    -8.393016E-01    -4.132487E+01 
 1.091703E-01     3.000000E+01       3     3.866463E+02     4.138680E-02     3.866462E+02    -2.792884E-01 
 1.091703E-01     3.000000E+01       4     1.089360E+02    -1.174376E+02    -5.019570E+01     9.668215E+01 
 1.091703E-01     3.000000E+01       5     1.698509E+02     9.828427E+01    -2.447287E+01    -1.680786E+02 
 1.091703E-01     3.000000E+01       6     1.737548E+01     2.318443E+01     1.597228E+01    -6.840591E+00 
 1.091703E-01     6.000000E+01       1     4.133222E+01     9.110948E+01    -8.003071E-01    -4.132447E+01 
 1.091703E-01     6.000000E+01       2     7.159974E+01     9.067142E+01    -8.390268E-01    -7.159482E+01 
 1.091703E-01     6.000000E+01       3     3.866455E+02     4.785862E-02     3.866454E+02    -3.229613E-01 
 1.091703E-01     6.000000E+01       4     1.748585E+02    -1.066976E+02    -5.024042E+01     1.674855E+02 
 1.091703E-01     6.000000E+01       5     1.016936E+02     7.270123E+01     3.023905E+01    -9.709373E+01 
 1.091703E-01     6.000000E+01       6     1.602722E+01     3.112906E+00     1.600357E+01    -8.703379E-01 
 1.091703E-01     9.000000E+01       1     1.105363E+00     1.788252E+02    -1.105130E+00    -2.266218E-02 
 1.091703E-01     9.000000E+01       2     8.268157E+01     9.021978E+01    -3.171627E-01    -8.268096E+01 
 1.091703E-01     9.000000E+01       3     3.866452E+02     4.165586E-02     3.866451E+02    -2.811034E-01 
 1.091703E-01     9.000000E+01       4     1.934329E+02    -9.085290E+01    -2.879331E+00     1.934115E+02 
 1.091703E-01     9.000000E+01       5     5.756345E+01     9.251098E-02     5.756338E+01    -9.294313E-02 
 1.091703E-01     9.000000E+01       6     1.688471E+01    -1.840969E+01     1.602060E+01     5.332352E+00 
 1.091703E-01     1.200000E+02       1     4.129339E+01    -9.112923E+01    -8.137871E-01     4.128537E+01 
 1.091703E-01     1.200000E+02       2     7.161301E+01     8.983834E+01     2.020524E-01    -7.161273E+01 
 1.091703E-01     1.200000E+02       3     3.866456E+02     3.572339E-02     3.866456E+02    -2.410699E-01 
 1.091703E-01     1.200000E+02       4     1.733284E+02    -7.511751E+01     4.451722E+01     1.675140E+02 
 1.091703E-01     1.200000E+02       5     1.015198E+02    -7.270812E+01     3.017572E+01     9.693145E+01 
 1.091703E-01     1.200000E+02       6     1.602970E+01    -3.107439E+00     1.600613E+01     8.689451E-01 
 1.091703E-01     1.500000E+02       1     7.153161E+01    -9.017304E+01    -2.160368E-01     7.153128E+01 
 1.091703E-01     1.500000E+02       2     4.135632E+01     8.973053E+01     1.945051E-01    -4.135586E+01 
 1.091703E-01     1.500000E+02       3     3.866465E+02     4.293524E-02     3.866464E+02    -2.897379E-01 
 1.091703E-01     1.500000E+02       4     1.064959E+02    -6.527150E+01     4.454927E+01     9.673028E+01 
 1.091703E-01     1.500000E+02       5     1.697680E+02    -9.831745E+01    -2.455823E+01     1.679824E+02 
 1.091703E-01     1.500000E+02       6     1.642799E+01     1.349198E+01     1.597462E+01    -3.832801E+00 
 1.091703E-01     1.800000E+02       1     8.261058E+01    -8.993971E+01     8.693242E-02     8.261054E+01 
 1.091703E-01     1.800000E+02       2     3.289182E-01     1.769159E+02    -3.284418E-01    -1.769648E-02 
 1.091703E-01     1.800000E+02       3     3.866473E+02     5.007275E-02     3.866471E+02    -3.379043E-01 
 1.091703E-01     1.800000E+02       4     2.794663E+00    -1.793920E+02    -2.794505E+00     2.965386E-02 
 1.091703E-01     1.800000E+02       5     2.008485E+02    -1.049791E+02    -5.191256E+01     1.940237E+02 
 1.091703E-01     1.800000E+02       6     1.605033E+01    -6.164249E+00     1.595753E+01     1.723469E+00 
 1.480476E-01     0.000000E+00       1     1.145136E+02     8.963184E+01     7.358092E-01    -1.145112E+02 
 1.480476E-01     0.000000E+00       2     3.198934E-01    -1.754460E+02    -3.188834E-01     2.539935E-02 
 1.480476E-01     0.000000E+00       3     3.423055E+02     5.997833E-02     3.423053E+02    -3.583319E-01 
 1.480476E-01     0.000000E+00       4     2.724702E+00     1.791616E+02    -2.724410E+00    -3.986818E-02 
 1.480476E-01     0.000000E+00       5     2.312795E+02     1.161504E+02    -1.019315E+02    -2.076059E+02 
 1.480476E-01     0.000000E+00       6     1.598922E+01     8.650391E+00     1.580734E+01    -2.404857E+00 
 1.480476E-01     3.000000E+01       1     9.918571E+01     8.992739E+01     1.256907E-01    -9.918563E+01 
 1.480476E-01     3.000000E+01       2     5.729876E+01     9.131515E+01    -1.315106E+00    -5.728366E+01 
 1.480476E-01     3.000000E+01       3     3.423040E+02     7.924535E-02     3.423037E+02    -4.734378E-01 
 1.480476E-01     3.000000E+01       4     1.392995E+02    -1.321051E+02    -9.339934E+01     1.033484E+02 
 1.480476E-01     3.000000E+01       5     1.865546E+02     1.054013E+02    -4.954492E+01    -1.798552E+02 
 1.480476E-01     3.000000E+01       6     2.304212E+01     4.659549E+01     1.583327E+01    -1.674057E+01 
 1.480476E-01     6.000000E+01       1     5.729325E+01     9.107543E+01    -1.075320E+00    -5.728316E+01 
 1.480476E-01     6.000000E+01       2     9.925189E+01     9.076003E+01    -1.316540E+00    -9.924316E+01 
 1.480476E-01     6.000000E+01       3     3.423028E+02     9.905838E-02     3.423023E+02    -5.918053E-01 
 1.480476E-01     6.000000E+01       4     2.019952E+02    -1.175747E+02    -9.350455E+01     1.790501E+02 
 1.480476E-01     6.000000E+01       5     1.176262E+02     6.206095E+01     5.511165E+01    -1.039165E+02 
 1.480476E-01     6.000000E+01       6     1.593879E+01     4.319345E+00     1.589352E+01    -1.200437E+00 
 1.480476E-01     9.000000E+01       1     1.676914E+00     1.789155E+02    -1.676613E+00    -3.173912E-02 
 1.480476E-01     9.000000E+01       2     1.146107E+02     9.014160E+01    -2.832449E-01    -1.146104E+02 
 1.480476E-01     9.000000E+01       3     3.423024E+02     7.981879E-02     3.423020E+02    -4.768615E-01 
 1.480476E-01     9.000000E+01       4     2.067936E+02    -9.080373E+01    -2.900737E+00     2.067733E+02 
 1.480476E-01     9.000000E+01       5     1.073631E+02     7.050619E-02     1.073630E+02    -1.321172E-01 
 1.480476E-01     9.000000E+01       6     2.164880E+01    -4.263102E+01     1.592768E+01     1.466218E+01 
 1.480476E-01     1.200000E+02       1     5.723949E+01    -9.111660E+01    -1.115429E+00     5.722862E+01 
 1.480476E-01     1.200000E+02       2     9.927045E+01     8.957218E+01     7.412255E-01    -9.926768E+01 
 1.480476E-01     1.200000E+02       3     3.423031E+02     6.095638E-02     3.423029E+02    -3.641726E-01 
 1.480476E-01     1.200000E+02       4     1.994495E+02    -6.389053E+01     8.777526E+01     1.790967E+02 
 1.480476E-01     1.200000E+02       5     1.173587E+02    -6.206568E+01     5.497774E+01     1.036846E+02 
 1.480476E-01     1.200000E+02       6     1.594568E+01    -4.294865E+00     1.590090E+01     1.194162E+00 
 1.480476E-01     1.500000E+02       1     9.915539E+01    -8.996696E+01     5.718057E-02     9.915537E+01 
 1.480476E-01     1.500000E+02       2     5.733075E+01     8.928589E+01     7.145230E-01    -5.732630E+01 
 1.480476E-01     1.500000E+02       3     3.423044E+02     8.180696E-02     3.423041E+02    -4.887424E-01 
 1.480476E-01     1.500000E+02       4     1.356856E+02    -4.966243E+01     8.782788E+01     1.034255E+02 
 1.480476E-01     1.500000E+02       5     1.864698E+02    -1.054674E+02    -4.972976E+01     1.797162E+02 
 1.480476E-01     1.500000E+02       6     2.024409E+01     3.851474E+01     1.583995E+01    -1.260632E+01 
 1.480476E-01     1.800000E+02       1     1.145155E+02    -8.967066E+01     6.582306E-01     1.145136E+02 
 1.480476E-01     1.800000E+02       2     3.198877E-01     1.756106E+02    -3.189495E-01    -2.448226E-02 
 1.480476E-01     1.800000E+02       3     3.423056E+02     1.025014E-01     3.423051E+02    -6.123803E-01 
 1.480476E-01     1.800000E+02       4     2.724719E+00    -1.789948E+02    -2.724299E+00     4.779893E-02 
 1.480476E-01     1.800000E+02       5     2.313348E+02    -1.161820E+02    -1.020706E+02     2.075991E+02 
 1.480476E-01     1.800000E+02       6     1.598104E+01    -8.496897E+00     1.580563E+01     2.361292E+00 
 1.869248E-01     0.000000E+00       1     1.489748E+02     8.934010E+01     1.715771E+00    -1.489649E+02 
 1.869248E-01     0.000000E+00       2     3.079163E-01    -1.737955E+02    -3.061127E-01     3.327898E-02 
 1.869248E-01     0.000000E+00       3     2.853096E+02     7.640560E-02     2.853093E+02    -3.804685E-01 
 1.869248E-01     0.000000E+00       4     2.630653E+00     1.786848E+02    -2.629960E+00    -6.038154E-02 
 1.869248E-01     0.000000E+00       5     2.389418E+02     1.365801E+02    -1.735521E+02    -1.642342E+02 
 1.869248E-01     0.000000E+00       6     1.589777E+01     1.123038E+01     1.559336E+01    -3.096161E+00 
 1.869248E-01     3.000000E+01       1     1.290302E+02     8.972159E+01     6.269701E-01    -1.290287E+02 
 1.869248E-01     3.000000E+01       2     7.454766E+01     9.155700E+01    -2.025569E+00    -7.452014E+01 
 1.869248E-01     3.000000E+01       3     2.853074E+02     1.287436E-01     2.853066E+02    -6.410849E-01 
 1.869248E-01     3.000000E+01       4     1.752717E+02    -1.522786E+02    -1.551540E+02     8.153160E+01 
 1.869248E-01     3.000000E+01       5     1.659560E+02     1.209618E+02    -8.537867E+01    -1.423090E+02 
 1.869248E-01     3.000000E+01       6     3.959404E+01     6.674293E+01     1.563400E+01    -3.637672E+01 
 1.869248E-01     6.000000E+01       1     7.453419E+01     9.114449E+01    -1.488734E+00    -7.451932E+01 
 1.869248E-01     6.000000E+01       2     1.291205E+02     9.090275E+01    -2.034344E+00    -1.291045E+02 
 1.869248E-01     6.000000E+01       3     2.853057E+02     1.819464E-01     2.853042E+02    -9.060048E-01 
 1.869248E-01     6.000000E+01       4     2.100120E+02    -1.377170E+02    -1.553735E+02     1.412945E+02 
 1.869248E-01     6.000000E+01       5     1.224503E+02     4.221044E+01     9.069674E+01    -8.226891E+01 
 1.869248E-01     6.000000E+01       6     1.581235E+01     5.620100E+00     1.573635E+01    -1.548536E+00 
 1.869248E-01     9.000000E+01       1     2.543009E+00     1.790416E+02    -2.542653E+00    -4.253599E-02 
 1.869248E-01     9.000000E+01       2     1.490949E+02     9.008105E+01    -2.109068E-01    -1.490948E+02 
 1.869248E-01     9.000000E+01       3     2.853050E+02     1.299404E-01     2.853042E+02    -6.470389E-01 
 1.869248E-01     9.000000E+01       4     1.632101E+02    -9.102610E+01    -2.922735E+00     1.631839E+02 
 1.869248E-01     9.000000E+01       5     1.785698E+02     5.664312E-02     1.785697E+02    -1.765357E-01 
 1.869248E-01     9.000000E+01       6     3.721981E+01    -6.488450E+01     1.579774E+01     3.370083E+01 
 1.869248E-01     1.200000E+02       1     7.446405E+01    -9.122503E+01    -1.591979E+00     7.444703E+01 
 1.869248E-01     1.200000E+02       2     1.291445E+02     8.929533E+01     1.588289E+00    -1.291348E+02 
 1.869248E-01     1.200000E+02       3     2.853062E+02     7.843561E-02     2.853059E+02    -3.905725E-01 
 1.869248E-01     1.200000E+02       4     2.058645E+02    -4.337012E+01     1.496497E+02     1.413689E+02 
 1.869248E-01     1.200000E+02       5     1.220790E+02    -4.217058E+01     9.047874E+01     8.195650E+01 
 1.869248E-01     1.200000E+02       6     1.582993E+01    -5.580759E+00     1.575489E+01     1.539439E+00 
 1.869248E-01     1.500000E+02       1     1.289913E+02    -8.980014E+01     4.499564E-01     1.289905E+02 
 1.869248E-01     1.500000E+02       2     7.458926E+01     8.883906E+01     1.511240E+00    -7.457395E+01 
 1.869248E-01     1.500000E+02       3     2.853082E+02     1.330338E-01     2.853074E+02    -6.624503E-01 
 1.869248E-01     1.500000E+02       4     1.705150E+02    -2.861046E+01     1.496944E+02     8.165149E+01 
 1.869248E-01     1.500000E+02       5     1.659457E+02    -1.210836E+02    -8.567580E+01     1.421183E+02 
 1.869248E-01     1.500000E+02       6     3.477996E+01     6.325680E+01     1.565072E+01    -3.105962E+01 
 1.869248E-01     1.800000E+02       1     1.489784E+02    -8.941761E+01     1.514275E+00     1.489707E+02 
 1.869248E-01     1.800000E+02       2     3.079298E-01     1.740796E+02    -3.062874E-01    -3.176204E-02 
 1.869248E-01     1.800000E+02       3     2.853099E+02     1.873143E-01     2.853084E+02    -9.327480E-01 
 1.869248E-01     1.800000E+02       4     2.630841E+00    -1.783947E+02    -2.629808E+00     7.369956E-02 
 1.869248E-01     1.800000E+02       5     2.390914E+02    -1.366176E+02    -1.737683E+02     1.642232E+02 
 1.869248E-01     1.800000E+02       6     1.587990E+01    -1.098288E+01     1.558904E+01     3.025369E+00 
 2.258020E-01     0.000000E+00       1     1.869854E+02     8.899994E+01     3.263545E+00    -1.869569E+02 
 2.258020E-01     0.000000E+00       2     2.927775E-01    -1.717781E+02    -2.897682E-01     4.186911E-02 
 2.258020E-01     0.000000E+00       3     2.164022E+02     4.989643E-02     2.164021E+02    -1.884553E-01 
 2.258020E-01     0.000000E+00       4     2.508850E+00     1.778885E+02    -2.507146E+00    -9.243818E-02 
 2.258020E-01     0.000000E+00       5     2.760951E+02     1.718462E+02    -2.733041E+02    -3.915865E+01 
 2.258020E-01     0.000000E+00       6     1.576893E+01     1.404688E+01     1.529740E+01    -3.827366E+00 
 2.258020E-01     3.000000E+01       1     1.619443E+02     8.949808E+01     1.418627E+00    -1.619381E+02 
 2.258020E-01     3.000000E+01       2     9.358118E+01     9.187668E+01    -3.064634E+00    -9.353099E+01 
 2.258020E-01     3.000000E+01       3     2.163987E+02     1.899538E-01     2.163975E+02    -7.174295E-01 
 2.258020E-01     3.000000E+01       4     2.416845E+02    -1.755299E+02    -2.409493E+02     1.883667E+01 
 2.258020E-01     3.000000E+01       5     1.394699E+02     1.658947E+02    -1.352648E+02    -3.398951E+01 
 2.258020E-01     3.000000E+01       6     7.532504E+01     7.823849E+01     1.535414E+01    -7.374355E+01 
 2.258020E-01     6.000000E+01       1     9.355223E+01     9.128609E+01    -2.099745E+00    -9.352867E+01 
 2.258020E-01     6.000000E+01       2     1.620672E+02     9.109433E+01    -3.095254E+00    -1.620377E+02 
 2.258020E-01     6.000000E+01       3     2.163967E+02     3.314782E-01     2.163931E+02    -1.251931E+00 
 2.258020E-01     6.000000E+01       4     2.435874E+02    -1.722680E+02    -2.413728E+02     3.277224E+01 
 2.258020E-01     6.000000E+01       5     1.415746E+02     8.027362E+00     1.401874E+02    -1.977033E+01 
 2.258020E-01     6.000000E+01       6     1.563441E+01     7.059678E+00     1.551588E+01    -1.921518E+00 
 2.258020E-01     9.000000E+01       1     3.839119E+00     1.791388E+02    -3.838686E+00    -5.770068E-02 
 2.258020E-01     9.000000E+01       2     1.871237E+02     9.001676E+01    -5.474412E-02    -1.871237E+02 
 2.258020E-01     9.000000E+01       3     2.163952E+02     1.925826E-01     2.163940E+02    -7.273462E-01 
 2.258020E-01     9.000000E+01       4     3.798096E+01    -9.429743E+01    -2.846065E+00     3.787417E+01 
 2.258020E-01     9.000000E+01       5     2.775898E+02     4.587093E-02     2.775897E+02    -2.222380E-01 
 2.258020E-01     9.000000E+01       6     7.214684E+01    -7.749618E+01     1.562012E+01     7.043563E+01 
 2.258020E-01     1.200000E+02       1     9.346275E+01    -9.143983E+01    -2.348451E+00     9.343324E+01 
 2.258020E-01     1.200000E+02       2     1.620954E+02     8.896609E+01     2.924877E+00    -1.620690E+02 
 2.258020E-01     1.200000E+02       3     2.163976E+02     5.432143E-02     2.163975E+02    -2.051639E-01 
 2.258020E-01     1.200000E+02       4     2.381255E+02    -7.941551E+00     2.358418E+02     3.290010E+01 
 2.258020E-01     1.200000E+02       5     1.413068E+02    -7.878098E+00     1.399731E+02     1.936834E+01 
 2.258020E-01     1.200000E+02       6     1.567491E+01    -7.010894E+00     1.555771E+01     1.913250E+00 
 2.258020E-01     1.500000E+02       1     1.618970E+02    -8.964924E+01     9.911048E-01     1.618940E+02 
 2.258020E-01     1.500000E+02       2     9.363151E+01     8.833256E+01     2.724505E+00    -9.359186E+01 
 2.258020E-01     1.500000E+02       3     2.164001E+02     1.976713E-01     2.163988E+02    -7.465823E-01 
 2.258020E-01     1.500000E+02       4     2.365140E+02    -4.615361E+00     2.357471E+02     1.903138E+01 
 2.258020E-01     1.500000E+02       5     1.396429E+02    -1.660222E+02    -1.355079E+02     3.373021E+01 
 2.258020E-01     1.500000E+02       6     6.891032E+01     7.709383E+01     1.539147E+01    -6.716945E+01 
 2.258020E-01     1.800000E+02       1     1.869938E+02    -8.914966E+01     2.775125E+00     1.869732E+02 
 2.258020E-01     1.800000E+02       2     2.929222E-01     1.721952E+02    -2.902088E-01    -3.977835E-02 
 2.258020E-01     1.800000E+02       3     2.164027E+02     3.403516E-01     2.163989E+02    -1.285480E+00 
 2.258020E-01     1.800000E+02       4     2.509770E+00    -1.774652E+02    -2.507315E+00     1.109963E-01 
 2.258020E-01     1.800000E+02       5     2.761696E+02    -1.718538E+02    -2.733830E+02     3.913314E+01 
 2.258020E-01     1.800000E+02       6     1.573415E+01    -1.369307E+01     1.528695E+01     3.724599E+00 
 2.646792E-01     0.000000E+00       1     2.294786E+02     8.856041E+01     5.765178E+00    -2.294061E+02 
 2.646792E-01     0.000000E+00       2     2.739317E-01    -1.691926E+02    -2.690730E-01     5.136441E-02 
 2.646792E-01     0.000000E+00       3     1.367967E+02    -1.848552E-01     1.367960E+02     4.413508E-01 
 2.646792E-01     0.000000E+00       4     2.354579E+00     1.765555E+02    -2.350326E+00    -1.414666E-01 
 2.646792E-01     0.000000E+00       5     4.569516E+02    -1.540081E+02    -4.107336E+02     2.002565E+02 
 2.646792E-01     0.000000E+00       6     1.558197E+01     1.714065E+01     1.488988E+01    -4.592291E+00 
 2.646792E-01     3.000000E+01       1     1.987313E+02     8.922227E+01     2.697482E+00    -1.987130E+02 
 2.646792E-01     3.000000E+01       2     1.148773E+02     9.227902E+01    -4.568197E+00    -1.147864E+02 
 2.646792E-01     3.000000E+01       3     1.367893E+02     2.375942E-01     1.367882E+02    -5.672365E-01 
 2.646792E-01     3.000000E+01       4     3.723234E+02     1.642411E+02    -3.583289E+02    -1.011192E+02 
 2.646792E-01     3.000000E+01       5     2.677537E+02    -1.396352E+02    -2.040113E+02     1.734113E+02 
 2.646792E-01     3.000000E+01       6     1.443968E+02     8.405346E+01     1.495959E+01    -1.436198E+02 
 2.646792E-01     6.000000E+01       1     1.148179E+02     9.149687E+01    -2.999319E+00    -1.147787E+02 
 2.646792E-01     6.000000E+01       2     1.989067E+02     9.134159E+01    -4.657024E+00    -1.988522E+02 
 2.646792E-01     6.000000E+01       3     1.367893E+02     6.630198E-01     1.367802E+02    -1.582874E+00 
 2.646792E-01     6.000000E+01       4     3.993897E+02     1.540400E+02    -3.590914E+02    -1.748300E+02 
 2.646792E-01     6.000000E+01       5     2.307307E+02    -2.566310E+01     2.079705E+02     9.992453E+01 
 2.646792E-01     6.000000E+01       6     1.537956E+01     8.658798E+00     1.520427E+01    -2.315392E+00 
 2.646792E-01     9.000000E+01       1     5.781884E+00     1.791533E+02    -5.781253E+00    -8.544141E-02 
 2.646792E-01     9.000000E+01       2     2.296248E+02     8.992861E+01     2.861149E-01    -2.296246E+02 
 2.646792E-01     9.000000E+01       3     1.367846E+02     2.442966E-01     1.367833E+02    -5.832175E-01 
 2.646792E-01     9.000000E+01       4     2.018661E+02     9.064921E+01    -2.287265E+00    -2.018532E+02 
 2.646792E-01     9.000000E+01       5     4.133730E+02     3.363353E-02     4.133730E+02    -2.426565E-01 
 2.646792E-01     9.000000E+01       6     1.405071E+02    -8.371697E+01     1.537708E+01     1.396631E+02 
 2.646792E-01     1.200000E+02       1     1.147015E+02    -9.178716E+01    -3.577173E+00     1.146457E+02 
 2.646792E-01     1.200000E+02       2     1.989310E+02     8.853562E+01     5.083789E+00    -1.988661E+02 
 2.646792E-01     1.200000E+02       3     1.367907E+02    -1.737054E-01     1.367901E+02     4.147119E-01 
 2.646792E-01     1.200000E+02       4     3.952456E+02     2.620889E+01     3.546103E+02    -1.745583E+02 
 2.646792E-01     1.200000E+02       5     2.311786E+02     2.574136E+01     2.082373E+02    -1.004031E+02 
 2.646792E-01     1.200000E+02       6     1.547024E+01    -8.687204E+00     1.529276E+01     2.336626E+00 
 2.646792E-01     1.500000E+02       1     1.986795E+02    -8.950908E+01     1.702288E+00     1.986722E+02 
 2.646792E-01     1.500000E+02       2     1.149288E+02     8.771008E+01     4.592091E+00    -1.148370E+02 
 2.646792E-01     1.500000E+02       3     1.367919E+02     2.540549E-01     1.367906E+02    -6.065464E-01 
 2.646792E-01     1.500000E+02       4     3.679883E+02     1.588981E+01     3.539275E+02    -1.007509E+02 
 2.646792E-01     1.500000E+02       5     2.675027E+02     1.394816E+02    -2.033549E+02    -1.737943E+02 
 2.646792E-01     1.500000E+02       6     1.365328E+02     8.367675E+01     1.503741E+01    -1.357022E+02 
 2.646792E-01     1.800000E+02       1     2.295024E+02    -8.884521E+01     4.625288E+00     2.294558E+02 
 2.646792E-01     1.800000E+02       2     2.744434E-01     1.698448E+02    -2.701439E-01    -4.838856E-02 
 2.646792E-01     1.800000E+02       3     1.367978E+02     6.802134E-01     1.367882E+02    -1.624021E+00 
 2.646792E-01     1.800000E+02       4     2.358231E+00    -1.759250E+02    -2.352269E+00     1.675797E-01 
 2.646792E-01     1.800000E+02       5     4.560443E+02     1.539368E+02    -4.096691E+02    -2.003688E+02 
 2.646792E-01     1.800000E+02       6     1.552301E+01    -1.673404E+01     1.486564E+01     4.469532E+00 
 3.035564E-01     0.000000E+00       1     2.767067E+02     8.795124E+01     9.892251E+00    -2.765298E+02 
 3.035564E-01     0.000000E+00       2     2.508096E-01    -1.658746E+02    -2.432261E-01     6.120876E-02 
 3.035564E-01     0.000000E+00       3     4.820805E+01    -1.986680E+00     4.817907E+01     1.671237E+00 
 3.035564E-01     0.000000E+00       4     2.160311E+00     1.741267E+02    -2.148970E+00    -2.210635E-01 
 3.035564E-01     0.000000E+00       5     8.428886E+02    -1.351565E+02    -5.976380E+02     5.943821E+02 
 3.035564E-01     0.000000E+00       6     1.528868E+01     2.049893E+01     1.432058E+01    -5.353941E+00 
 3.035564E-01     3.000000E+01       1     2.396016E+02     8.885225E+01     4.799378E+00    -2.395535E+02 
 3.035564E-01     3.000000E+01       2     1.385925E+02     9.277339E+01    -6.705920E+00    -1.384302E+02 
 3.035564E-01     3.000000E+01       3     4.816999E+01     2.075662E-01     4.816967E+01    -1.745057E-01 
 3.035564E-01     3.000000E+01       4     5.956821E+02     1.498954E+02    -5.153312E+02    -2.987825E+02 
 3.035564E-01     3.000000E+01       5     5.948651E+02    -1.200305E+02    -2.977065E+02     5.150101E+02 
 3.035564E-01     3.000000E+01       6     2.725715E+02     8.697364E+01     1.439053E+01    -2.721913E+02 
 3.035564E-01     6.000000E+01       1     1.384714E+02     9.178675E+01    -4.317493E+00    -1.384040E+02 
 3.035564E-01     6.000000E+01       2     2.398817E+02     9.165934E+01    -6.946250E+00    -2.397811E+02 
 3.035564E-01     6.000000E+01       3     4.820154E+01     2.412820E+00     4.815881E+01    -2.029246E+00 
 3.035564E-01     6.000000E+01       4     7.306557E+02     1.349918E+02    -5.165779E+02    -5.167253E+02 
 3.035564E-01     6.000000E+01       5     4.213311E+02    -4.485098E+01     2.987000E+02     2.971502E+02 
 3.035564E-01     6.000000E+01       6     1.499470E+01     1.044391E+01     1.474628E+01    -2.718131E+00 
 3.035564E-01     9.000000E+01       1     8.686301E+00     1.790055E+02    -8.684993E+00    -1.507659E-01 
 3.035564E-01     9.000000E+01       2     2.768439E+02     8.979000E+01     1.014705E+00    -2.768421E+02 
 3.035564E-01     9.000000E+01       3     4.816384E+01     2.375759E-01     4.816343E+01    -1.997099E-01 
 3.035564E-01     9.000000E+01       4     5.966126E+02     9.000057E+01    -5.916208E-03    -5.966126E+02 
 3.035564E-01     9.000000E+01       5     5.959432E+02     8.910685E-03     5.959432E+02    -9.268156E-02 
 3.035564E-01     9.000000E+01       6     2.680310E+02    -8.678597E+01     1.502744E+01     2.676094E+02 
 3.035564E-01     1.200000E+02       1     1.383056E+02    -9.232568E+01    -5.612389E+00     1.381917E+02 
 3.035564E-01     1.200000E+02       2     2.398696E+02     8.793492E+01     8.643631E+00    -2.397138E+02 
 3.035564E-01     1.200000E+02       3     4.819986E+01    -1.937678E+00     4.817230E+01     1.629753E+00 
 3.035564E-01     1.200000E+02       4     7.298073E+02     4.498793E+01     5.161604E+02    -5.159430E+02 
 3.035564E-01     1.200000E+02       5     4.233653E+02     4.465270E+01     3.011735E+02    -2.975444E+02 
 3.035564E-01     1.200000E+02       6     1.518867E+01    -1.071564E+01     1.492381E+01     2.824103E+00 
 3.035564E-01     1.500000E+02       1     2.395624E+02    -8.938623E+01     2.566220E+00     2.395487E+02 
 3.035564E-01     1.500000E+02       2     1.386131E+02     8.690342E+01     7.487763E+00    -1.384108E+02 
 3.035564E-01     1.500000E+02       3     4.817433E+01     2.703595E-01     4.817380E+01    -2.273177E-01 
 3.035564E-01     1.500000E+02       4     5.936716E+02     3.011549E+01     5.135353E+02    -2.978715E+02 
 3.035564E-01     1.500000E+02       5     5.932094E+02     1.196141E+02    -2.931381E+02    -5.157203E+02 
 3.035564E-01     1.500000E+02       6     2.632740E+02     8.683335E+01     1.454335E+01    -2.628720E+02 
 3.035564E-01     1.800000E+02       1     2.767850E+02    -8.848253E+01     7.329749E+00     2.766879E+02 
 3.035564E-01     1.800000E+02       2     2.524488E-01     1.667641E+02    -2.457427E-01    -5.780073E-02 
 3.035564E-01     1.800000E+02       3     4.821415E+01     2.471453E+00     4.816930E+01    -2.079072E+00 
 3.035564E-01     1.800000E+02       4     2.172095E+00    -1.734045E+02    -2.157720E+00     2.494850E-01 
 3.035564E-01     1.800000E+02       5     8.392425E+02     1.348535E+02    -5.919150E+02    -5.949493E+02 
 3.035564E-01     1.800000E+02       6     1.519948E+01    -2.018975E+01     1.426554E+01     5.245798E+00 
 3.424336E-01     0.000000E+00       1     3.273336E+02     8.708320E+01     1.665665E+01    -3.269095E+02 
 3.424336E-01     0.000000E+00       2     2.221857E-01    -1.615204E+02    -2.107289E-01     7.042569E-02 
 3.424336E-01     0.000000E+00       3     4.741016E+01    -1.760299E+02    -4.729639E+01     3.282511E+00 
 3.424336E-01     0.000000E+00       4     1.925005E+00     1.695008E+02    -1.892775E+00    -3.507775E-01 
 3.424336E-01     0.000000E+00       5     1.455803E+03    -1.254730E+02    -8.448302E+02     1.185590E+03 
 3.424336E-01     0.000000E+00       6     1.481711E+01     2.403050E+01     1.353289E+01    -6.033864E+00 
 3.424336E-01     3.000000E+01       1     2.833837E+02     8.834357E+01     8.191513E+00    -2.832653E+02 
 3.424336E-01     3.000000E+01       2     1.641355E+02     9.337021E+01    -9.649103E+00    -1.638516E+02 
 3.424336E-01     3.000000E+01       3     4.728470E+01    -1.799639E+02    -4.728469E+01     2.982117E-02 
 3.424336E-01     3.000000E+01       4     9.315145E+02     1.401969E+02    -7.156349E+02    -5.963103E+02 
 3.424336E-01     3.000000E+01       5     1.111382E+03    -1.123362E+02    -4.223696E+02     1.027995E+03 
 3.424336E-01     3.000000E+01       6     5.013935E+02     8.844781E+01     1.358150E+01    -5.012095E+02 
 3.424336E-01     6.000000E+01       1     1.638885E+02     9.218286E+01    -6.242319E+00    -1.637696E+02 
 3.424336E-01     6.000000E+01       2     2.839103E+02     9.207688E+01    -1.028902E+01    -2.837238E+02 
 3.424336E-01     6.000000E+01       3     4.738870E+01     1.760862E+02    -4.727819E+01    -3.234503E+00 
 3.424336E-01     6.000000E+01       4     1.255748E+03     1.248384E+02    -7.173633E+02    -1.030675E+03 
 3.424336E-01     6.000000E+01       5     7.240383E+02    -5.508387E+01     4.144227E+02     5.937047E+02 
 3.424336E-01     6.000000E+01       6     1.441210E+01     1.246369E+01     1.407245E+01    -3.110433E+00 
 3.424336E-01     9.000000E+01       1     1.293680E+01     1.785698E+02    -1.293277E+01    -3.228809E-01 
 3.424336E-01     9.000000E+01       2     3.274437E+02     8.957183E+01     2.446932E+00    -3.274345E+02 
 3.424336E-01     9.000000E+01       3     4.729156E+01     1.799897E+02    -4.729156E+01    -8.514090E-03 
 3.424336E-01     9.000000E+01       4     1.189691E+03     8.964590E+01     7.352502E+00    -1.189669E+03 
 3.424336E-01     9.000000E+01       5     8.315236E+02    -5.543816E-02     8.315232E+02     8.045642E-01 
 3.424336E-01     9.000000E+01       6     4.963054E+02    -8.832400E+01     1.451568E+01     4.960931E+02 
 3.424336E-01     1.200000E+02       1     1.636054E+02    -9.313900E+01    -8.958792E+00     1.633599E+02 
 3.424336E-01     1.200000E+02       2     2.837504E+02     8.707530E+01     1.447794E+01    -2.833808E+02 
 3.424336E-01     1.200000E+02       3     4.741168E+01    -1.761051E+02    -4.730217E+01     3.220474E+00 
 3.424336E-01     1.200000E+02       4     1.260670E+03     5.462465E+01     7.298405E+02    -1.027921E+03 
 3.424336E-01     1.200000E+02       5     7.293127E+02     5.443324E+01     4.242056E+02    -5.932509E+02 
 3.424336E-01     1.200000E+02       6     1.480547E+01    -1.321149E+01     1.441362E+01     3.383732E+00 
 3.424336E-01     1.500000E+02       1     2.834189E+02    -8.929200E+01     3.502094E+00     2.833973E+02 
 3.424336E-01     1.500000E+02       2     1.640146E+02     8.583912E+01     1.190043E+01    -1.635823E+02 
 3.424336E-01     1.500000E+02       3     4.727694E+01     1.799513E+02    -4.727693E+01    -4.018483E-02 
 3.424336E-01     1.500000E+02       4     9.343067E+02     3.943313E+01     7.216271E+02    -5.934503E+02 
 3.424336E-01     1.500000E+02       5     1.106619E+03     1.114692E+02    -4.050240E+02    -1.029835E+03 
 3.424336E-01     1.500000E+02       6     4.907040E+02     8.838028E+01     1.387005E+01    -4.905079E+02 
 3.424336E-01     1.800000E+02       1     3.275953E+02    -8.802860E+01     1.126947E+01     3.274014E+02 
 3.424336E-01     1.800000E+02       2     2.266316E-01     1.627030E+02    -2.163825E-01    -6.738322E-02 
 3.424336E-01     1.800000E+02       3     4.737928E+01     1.760132E+02    -4.726462E+01    -3.294106E+00 
 3.424336E-01     1.800000E+02       4     1.956447E+00    -1.691951E+02    -1.921762E+00     3.667666E-01 
 3.424336E-01     1.800000E+02       5     1.446075E+03     1.247461E+02    -8.241769E+02    -1.188220E+03 
 3.424336E-01     1.800000E+02       6     1.470285E+01    -2.411969E+01     1.341920E+01     6.008234E+00 
 3.813108E-01     0.000000E+00       1     3.779136E+02     8.585421E+01     2.732108E+01    -3.769247E+02 
 3.813108E-01     0.000000E+00       2     1.876628E-01    -1.553055E+02    -1.705007E-01     7.840180E-02 
 3.813108E-01     0.000000E+00       3     1.473618E+02    -1.782685E+02    -1.472945E+02     4.452706E+00 
 3.813108E-01     0.000000E+00       4     1.649840E+00     1.608440E+02    -1.558486E+00    -5.413820E-01 
 3.813108E-01     0.000000E+00       5     2.314970E+03    -1.199755E+02    -1.156627E+03     2.005317E+03 
 3.813108E-01     0.000000E+00       6     1.403057E+01     2.750374E+01     1.244485E+01    -6.479409E+00 
 3.813108E-01     3.000000E+01       1     3.270716E+02     8.766032E+01     1.335229E+01    -3.267989E+02 
 3.813108E-01     3.000000E+01       2     1.899589E+02     9.408382E+01    -1.352806E+01    -1.894766E+02 
 3.813108E-01     3.000000E+01       3     1.471579E+02     1.796025E+02    -1.471543E+02    -1.020995E+00 
 3.813108E-01     3.000000E+01       4     1.389738E+03     1.332437E+02    -9.521137E+02    -1.012349E+03 
 3.813108E-01     3.000000E+01       5     1.835433E+03    -1.084607E+02    -5.811986E+02     1.740983E+03 
 3.813108E-01     3.000000E+01       6     8.879764E+02     8.919687E+01     1.244667E+01    -8.878892E+02 
 3.813108E-01     6.000000E+01       1     1.894626E+02     9.273989E+01    -9.056682E+00    -1.892460E+02 
 3.813108E-01     6.000000E+01       2     3.282069E+02     9.265076E+01    -1.517893E+01    -3.278557E+02 
 3.813108E-01     6.000000E+01       3     1.471743E+02     1.774647E+02    -1.470303E+02    -6.510142E+00 
 3.813108E-01     6.000000E+01       4     1.990923E+03     1.186396E+02    -9.542479E+02    -1.747337E+03 
 3.813108E-01     6.000000E+01       5     1.148161E+03    -6.132213E+01     5.509850E+02     1.007318E+03 
 3.813108E-01     6.000000E+01       6     1.350434E+01     1.478387E+01     1.305728E+01    -3.445950E+00 
 3.813108E-01     9.000000E+01       1     1.889048E+01     1.776774E+02    -1.887496E+01    -7.655454E-01 
 3.813108E-01     9.000000E+01       2     3.780025E+02     8.925312E+01     4.927350E+00    -3.779703E+02 
 3.813108E-01     9.000000E+01       3     1.471639E+02     1.795807E+02    -1.471600E+02    -1.076932E+00 
 3.813108E-01     9.000000E+01       4     2.015239E+03     8.925794E+01     2.609927E+01    -2.015070E+03 
 3.813108E-01     9.000000E+01       5     1.115571E+03    -2.214853E-01     1.115563E+03     4.312395E+00 
 3.813108E-01     9.000000E+01       6     8.825687E+02    -8.910965E+01     1.371416E+01     8.824622E+02 
 3.813108E-01     1.200000E+02       1     1.888750E+02    -9.432529E+01    -1.424473E+01     1.883371E+02 
 3.813108E-01     1.200000E+02       2     3.275833E+02     8.585538E+01     2.367581E+01    -3.267266E+02 
 3.813108E-01     1.200000E+02       3     1.473607E+02    -1.783031E+02    -1.472961E+02     4.363768E+00 
 3.813108E-01     1.200000E+02       4     2.004534E+03     6.009543E+01     9.993739E+02    -1.737644E+03 
 3.813108E-01     1.200000E+02       5     1.158579E+03     5.998779E+01     5.795032E+02    -1.003235E+03 
 3.813108E-01     1.200000E+02       6     1.426816E+01    -1.634655E+01     1.369140E+01     4.015724E+00 
 3.813108E-01     1.500000E+02       1     3.273601E+02    -8.923186E+01     4.388635E+00     3.273306E+02 
 3.813108E-01     1.500000E+02       2     1.893808E+02     8.445295E+01     1.830612E+01    -1.884939E+02 
 3.813108E-01     1.500000E+02       3     1.471440E+02     1.795669E+02    -1.471398E+02    -1.112310E+00 
 3.813108E-01     1.500000E+02       4     1.400405E+03     4.573735E+01     9.774107E+02    -1.002897E+03 
 3.813108E-01     1.500000E+02       5     1.825619E+03     1.069176E+02    -5.312479E+02    -1.746614E+03 
 3.813108E-01     1.500000E+02       6     8.760906E+02     8.915127E+01     1.297724E+01    -8.759945E+02 
 3.813108E-01     1.800000E+02       1     3.787225E+02    -8.742454E+01     1.701797E+01     3.783400E+02 
 3.813108E-01     1.800000E+02       2     1.971879E-01     1.573288E+02    -1.819515E-01    -7.600458E-02 
 3.813108E-01     1.800000E+02       3     1.471596E+02     1.774367E+02    -1.470124E+02    -6.581359E+00 
 3.813108E-01     1.800000E+02       4     1.727129E+00    -1.620707E+02    -1.643254E+00     5.316851E-01 
 3.813108E-01     1.800000E+02       5     2.295363E+03     1.185821E+02    -1.098143E+03    -2.015632E+03 
 3.813108E-01     1.800000E+02       6     1.392722E+01    -2.858146E+01     1.223002E+01     6.662888E+00 
 4.201880E-01     0.000000E+00       1     4.235413E+02     8.415006E+01     4.316877E+01    -4.213357E+02 
 4.201880E-01     0.000000E+00       2     1.474409E-01    -1.454230E+02    -1.213976E-01     8.367461E-02 
 4.201880E-01     0.000000E+00       3     2.485839E+02    -1.793745E+02    -2.485691E+02     2.713784E+00 
 4.201880E-01     0.000000E+00       4     1.373365E+00     1.437247E+02    -1.107183E+00    -8.125737E-01 
 4.201880E-01     0.000000E+00       5     3.421283E+03    -1.165335E+02    -1.528358E+03     3.060931E+03 
 4.201880E-01     0.000000E+00       6     1.279328E+01     3.084086E+01     1.098424E+01    -6.558542E+00 
 4.201880E-01     3.000000E+01       1     3.663721E+02     8.678366E+01     2.055574E+01    -3.657950E+02 
 4.201880E-01     3.000000E+01       2     2.139523E+02     9.493722E+01    -1.841362E+01    -2.131584E+02 
 4.201880E-01     3.000000E+01       3     2.480185E+02     1.786217E+02    -2.479468E+02    -5.965742E+00 
 4.201880E-01     3.000000E+01       4     1.968791E+03     1.276811E+02    -1.203454E+03    -1.558152E+03 
 4.201880E-01     3.000000E+01       5     2.773685E+03    -1.061854E+02    -7.731564E+02     2.663749E+03 
 4.201880E-01     3.000000E+01       6     1.500345E+03     8.957888E+01     1.102724E+01    -1.500305E+03 
 4.201880E-01     6.000000E+01       1     2.129848E+02     9.355455E+01    -1.320479E+01    -2.125751E+02 
 4.201880E-01     6.000000E+01       2     3.689452E+02     9.347884E+01    -2.238755E+01    -3.682654E+02 
 4.201880E-01     6.000000E+01       3     2.478061E+02     1.766067E+02    -2.473716E+02    -1.466752E+01 
 4.201880E-01     6.000000E+01       4     2.941178E+03     1.142159E+02    -1.206399E+03    -2.682374E+03 
 4.201880E-01     6.000000E+01       5     1.696528E+03    -6.576539E+01     6.963806E+02     1.547017E+03 
 4.201880E-01     6.000000E+01       6     1.215755E+01     1.789533E+01     1.156936E+01    -3.735760E+00 
 4.201880E-01     9.000000E+01       1     2.676956E+01     1.761439E+02    -2.670896E+01    -1.800291E+00 
 4.201880E-01     9.000000E+01       2     4.236855E+02     8.882953E+01     8.654656E+00    -4.235971E+02 
 4.201880E-01     9.000000E+01       3     2.480214E+02     1.786041E+02    -2.479478E+02    -6.041951E+00 
 4.201880E-01     9.000000E+01       4     3.087613E+03     8.877559E+01     6.597723E+01    -3.086908E+03 
 4.201880E-01     9.000000E+01       5     1.429233E+03    -6.121216E-01     1.429151E+03     1.526897E+01 
 4.201880E-01     9.000000E+01       6     1.494891E+03    -8.952595E+01     1.236823E+01     1.494840E+03 
 4.201880E-01     1.200000E+02       1     2.116589E+02    -9.599589E+01    -2.210927E+01     2.105010E+02 
 4.201880E-01     1.200000E+02       2     3.671121E+02     8.416128E+01     3.734580E+01    -3.652076E+02 
 4.201880E-01     1.200000E+02       3     2.485749E+02    -1.794019E+02    -2.485613E+02     2.594566E+00 
 4.201880E-01     1.200000E+02       4     2.962205E+03     6.352182E+01     1.320720E+03    -2.651482E+03 
 4.201880E-01     1.200000E+02       5     1.711557E+03     6.345903E+01     7.647880E+02    -1.531185E+03 
 4.201880E-01     1.200000E+02       6     1.353654E+01    -2.029381E+01     1.269628E+01     4.694939E+00 
 4.201880E-01     1.500000E+02       1     3.673480E+02    -8.919608E+01     5.154089E+00     3.673119E+02 
 4.201880E-01     1.500000E+02       2     2.121617E+02     8.269532E+01     2.697544E+01    -2.104398E+02 
 4.201880E-01     1.500000E+02       3     2.479945E+02     1.785953E+02    -2.479200E+02    -6.079481E+00 
 4.201880E-01     1.500000E+02       4     1.987274E+03     5.030210E+01     1.269351E+03    -1.529054E+03 
 4.201880E-01     1.500000E+02       5     2.759279E+03     1.037073E+02    -6.538459E+02    -2.680691E+03 
 4.201880E-01     1.500000E+02       6     1.487618E+03     8.953897E+01     1.196995E+01    -1.487569E+03 
 4.201880E-01     1.800000E+02       1     4.257566E+02    -8.657057E+01     2.546842E+01     4.249942E+02 
 4.201880E-01     1.800000E+02       2     1.645800E-01     1.500931E+02    -1.426640E-01    -8.205815E-02 
 4.201880E-01     1.800000E+02       3     2.477852E+02     1.765872E+02    -2.473458E+02    -1.475056E+01 
 4.201880E-01     1.800000E+02       4     1.529241E+00    -1.498973E+02    -1.322988E+00     7.669939E-01 
 4.201880E-01     1.800000E+02       5     3.392950E+03     1.141794E+02    -1.389738E+03    -3.095277E+03 
 4.201880E-01     1.800000E+02       6     1.275770E+01    -3.365705E+01     1.061912E+01     7.070577E+00 
 4.590652E-01     0.000000E+00       1     4.592953E+02     8.181306E+01     6.540518E+01    -4.546145E+02 
 4.590652E-01     0.000000E+00       2     1.074839E-01    -1.267849E+02    -6.436275E-02     8.608268E-02 
 4.590652E-01     0.000000E+00       3     3.467636E+02     1.791387E+02    -3.467244E+02    -5.212835E+00 
 4.590652E-01     0.000000E+00       4     1.282642E+00     1.141232E+02    -5.242147E-01    -1.170627E+00 
 4.590652E-01     0.000000E+00       5     4.746768E+03    -1.142214E+02    -1.947426E+03     4.328896E+03 
 4.590652E-01     0.000000E+00       6     1.093893E+01     3.418285E+01     9.049219E+00    -6.145884E+00 
 4.590652E-01     3.000000E+01       1     3.968835E+02     8.569147E+01     2.981671E+01    -3.957619E+02 
 4.590652E-01     3.000000E+01       2     2.341342E+02     9.592538E+01    -2.417040E+01    -2.328832E+02 
 4.590652E-01     3.000000E+01       3     3.451975E+02     1.770176E+02    -3.447300E+02    -1.796036E+01 
 4.590652E-01     3.000000E+01       4     2.658246E+03     1.226705E+02    -1.434939E+03    -2.237683E+03 
 4.590652E-01     3.000000E+01       5     3.911128E+03    -1.047120E+02    -9.932720E+02     3.782900E+03 
 4.590652E-01     3.000000E+01       6     2.412400E+03     8.976480E+01     9.902880E+00    -2.412379E+03 
 4.590652E-01     6.000000E+01       1     2.323596E+02     9.474549E+01    -1.922306E+01    -2.315631E+02 
 4.590652E-01     6.000000E+01       2     4.024969E+02     9.468129E+01    -3.284902E+01    -4.011542E+02 
 4.590652E-01     6.000000E+01       3     3.442394E+02     1.748752E+02    -3.428633E+02    -3.074958E+01 
 4.590652E-01     6.000000E+01       4     4.096834E+03     1.105892E+02    -1.440714E+03    -3.835152E+03 
 4.590652E-01     6.000000E+01       5     2.363549E+03    -6.940198E+01     8.315187E+02     2.212451E+03 
 4.590652E-01     6.000000E+01       6     1.027595E+01     2.320937E+01     9.444326E+00    -4.049671E+00 
 4.590652E-01     9.000000E+01       1     3.653246E+01     1.738258E+02    -3.632056E+01    -3.929116E+00 
 4.590652E-01     9.000000E+01       2     4.596194E+02     8.829117E+01     1.370598E+01    -4.594149E+02 
 4.590652E-01     9.000000E+01       3     3.451941E+02     1.770016E+02    -3.447215E+02    -1.805652E+01 
 4.590652E-01     9.000000E+01       4     4.397780E+03     8.817533E+01     1.400300E+02    -4.395550E+03 
 4.590652E-01     9.000000E+01       5     1.740341E+03    -1.442913E+00     1.739789E+03     4.382339E+01 
 4.590652E-01     9.000000E+01       6     2.407117E+03    -8.977090E+01     9.624882E+00     2.407098E+03 
 4.590652E-01     1.200000E+02       1     2.294937E+02    -9.830566E+01    -3.315129E+01     2.270867E+02 
 4.590652E-01     1.200000E+02       2     3.980648E+02     8.183599E+01     5.652803E+01    -3.940307E+02 
 4.590652E-01     1.200000E+02       3     3.467421E+02     1.791140E+02    -3.467007E+02    -5.361575E+00 
 4.590652E-01     1.200000E+02       4     4.109437E+03     6.582443E+01     1.682954E+03    -3.749018E+03 
 4.590652E-01     1.200000E+02       5     2.374227E+03     6.578474E+01     9.738271E+02    -2.165321E+03 
 4.590652E-01     1.200000E+02       6     1.254179E+01    -2.514133E+01     1.135361E+01     5.328413E+00 
 4.590652E-01     1.500000E+02       1     3.993965E+02    -8.918588E+01     5.674880E+00     3.993562E+02 
 4.590652E-01     1.500000E+02       2     2.296733E+02     8.051460E+01     3.784929E+01    -2.265331E+02 
 4.590652E-01     1.500000E+02       3     3.451584E+02     1.769953E+02    -3.446838E+02    -1.809240E+01 
 4.590652E-01     1.500000E+02       4     2.672345E+03     5.386712E+01     1.575775E+03    -2.158324E+03 
 4.590652E-01     1.500000E+02       5     3.900662E+03     1.010132E+02    -7.451604E+02    -3.828825E+03 
 4.590652E-01     1.500000E+02       6     2.399391E+03     8.972471E+01     1.152852E+01    -2.399363E+03 
 4.590652E-01     1.800000E+02       1     4.645192E+02    -8.534516E+01     3.769708E+01     4.629870E+02 
 4.590652E-01     1.800000E+02       2     1.301222E-01     1.401970E+02    -9.996639E-02    -8.329777E-02 
 4.590652E-01     1.800000E+02       3     3.442085E+02     1.748596E+02    -3.428241E+02    -3.083986E+01 
 4.590652E-01     1.800000E+02       4     1.475536E+00    -1.322540E+02    -9.921774E-01     1.092150E+00 
 4.590652E-01     1.800000E+02       5     4.727730E+03     1.105644E+02    -1.660662E+03    -4.426469E+03 
 4.590652E-01     1.800000E+02       6     1.103812E+01    -3.950444E+01     8.516742E+00     7.021770E+00 
 4.979424E-01     0.000000E+00       1     4.811725E+02     7.861023E+01     9.502306E+01    -4.716965E+02 
 4.979424E-01     0.000000E+00       2     8.631946E-02    -9.146327E+01    -2.204268E-03     8.629131E-02 
 4.979424E-01     0.000000E+00       3     4.347754E+02     1.769732E+02    -4.341689E+02    -2.295783E+01 
 4.979424E-01     0.000000E+00       4     1.601348E+00     8.236788E+01     2.126782E-01    -1.587162E+00 
 4.979424E-01     0.000000E+00       5     6.229152E+03    -1.125868E+02    -2.392512E+03     5.751366E+03 
 4.979424E-01     0.000000E+00       6     8.421653E+00     3.819580E+01     6.618596E+00    -5.207536E+00 
 4.979424E-01     3.000000E+01       1     4.147187E+02     8.434620E+01     4.085699E+01    -4.127012E+02 
 4.979424E-01     3.000000E+01       2     2.489183E+02     9.698176E+01    -3.025687E+01    -2.470726E+02 
 4.979424E-01     3.000000E+01       3     4.309303E+02     1.747022E+02    -4.290895E+02    -3.978897E+01 
 4.979424E-01     3.000000E+01       4     3.442675E+03     1.176648E+02    -1.598427E+03    -3.049105E+03 
 4.979424E-01     3.000000E+01       5     5.208355E+03    -1.036894E+02    -1.232603E+03     5.060400E+03 
 4.979424E-01     3.000000E+01       6     3.699608E+03     8.981920E+01     1.167457E+01    -3.699590E+03 
 4.979424E-01     6.000000E+01       1     2.459325E+02     9.644924E+01    -2.762385E+01    -2.443762E+02 
 4.979424E-01     6.000000E+01       2     4.260009E+02     9.639594E+01    -4.745585E+01    -4.233494E+02 
 4.979424E-01     6.000000E+01       3     4.280974E+02     1.723849E+02    -4.243219E+02    -5.673016E+01 
 4.979424E-01     6.000000E+01       4     5.434375E+03     1.072550E+02    -1.611973E+03    -5.189796E+03 
 4.979424E-01     6.000000E+01       5     3.135651E+03    -7.274148E+01     9.302960E+02     2.994471E+03 
 4.979424E-01     6.000000E+01       6     8.045837E+00     3.440831E+01     6.638069E+00    -4.546596E+00 
 4.979424E-01     9.000000E+01       1     4.773457E+01     1.706166E+02    -4.709586E+01    -7.782652E+00 
 4.979424E-01     9.000000E+01       2     4.815902E+02     8.760690E+01     2.010895E+01    -4.811702E+02 
 4.979424E-01     9.000000E+01       3     4.309198E+02     1.746873E+02    -4.290687E+02    -3.989946E+01 
 4.979424E-01     9.000000E+01       4     5.913076E+03     8.743559E+01     2.645651E+02    -5.907154E+03 
 4.979424E-01     9.000000E+01       5     2.004225E+03    -3.073313E+00     2.001342E+03     1.074539E+02 
 4.979424E-01     9.000000E+01       6     3.694520E+03    -8.995606E+01     2.833283E+00     3.694519E+03 
 4.979424E-01     1.200000E+02       1     2.403766E+02    -1.014854E+02    -4.786326E+01     2.355632E+02 
 4.979424E-01     1.200000E+02       2     4.169646E+02     7.864717E+01     8.207958E+01    -4.088061E+02 
 4.979424E-01     1.200000E+02       3     4.347410E+02     1.769504E+02    -4.341254E+02    -2.312862E+01 
 4.979424E-01     1.200000E+02       4     5.392311E+03     6.745343E+01     2.067596E+03    -4.980167E+03 
 4.979424E-01     1.200000E+02       5     3.115421E+03     6.742439E+01     1.196017E+03    -2.876698E+03 
 4.979424E-01     1.200000E+02       6     1.132321E+01    -3.102722E+01     9.703114E+00     5.836495E+00 
 4.979424E-01     1.500000E+02       1     4.201415E+02    -8.923371E+01     5.618904E+00     4.201039E+02 
 4.979424E-01     1.500000E+02       2     2.394639E+02     7.784729E+01     5.041146E+01    -2.340975E+02 
 4.979424E-01     1.500000E+02       3     4.308744E+02     1.746831E+02    -4.290205E+02    -3.992651E+01 
 4.979424E-01     1.500000E+02       4     3.413161E+03     5.688183E+01     1.864840E+03    -2.858678E+03 
 4.979424E-01     1.500000E+02       5     5.227143E+03     9.844767E+01    -7.678987E+02    -5.170431E+03 
 4.979424E-01     1.500000E+02       6     3.686974E+03     8.977688E+01     1.435741E+01    -3.686946E+03 
 4.979424E-01     1.800000E+02       1     4.917181E+02    -8.360979E+01     5.472783E+01     4.886630E+02 
 4.979424E-01     1.800000E+02       2     9.643903E-02     1.262008E+02    -5.695851E-02    -7.782168E-02 
 4.979424E-01     1.800000E+02       3     4.280538E+02     1.723728E+02    -4.242666E+02    -5.681415E+01 
 4.979424E-01     1.800000E+02       4     1.665530E+00    -1.146515E+02    -6.946897E-01     1.513736E+00 
 4.979424E-01     1.800000E+02       5     6.272604E+03     1.072359E+02    -1.858618E+03    -5.990919E+03 
 4.979424E-01     1.800000E+02       6     8.664628E+00    -4.673827E+01     5.938147E+00     6.309848E+00 
 5.368196E-01     0.000000E+00       1     4.870801E+02     7.416253E+01     1.329288E+02    -4.685904E+02 
 5.368196E-01     0.000000E+00       2     1.051767E-01    -5.430385E+01     6.136918E-02     8.541637E-02 
 5.368196E-01     0.000000E+00       3     5.029342E+02     1.741412E+02    -5.003071E+02    -5.133829E+01 
 5.368196E-01     0.000000E+00       4     2.263939E+00     5.946054E+01     1.150379E+00    -1.949884E+00 
 5.368196E-01     0.000000E+00       5     7.772643E+03    -1.113615E+02    -2.831188E+03     7.238671E+03 
 5.368196E-01     0.000000E+00       6     5.398942E+00     4.582369E+01     3.762353E+00    -3.872115E+00 
 5.368196E-01     3.000000E+01       1     4.168933E+02     8.264806E+01     5.334723E+01    -4.134660E+02 
 5.368196E-01     3.000000E+01       2     2.568584E+02     9.789945E+01    -3.530134E+01    -2.544210E+02 
 5.368196E-01     3.000000E+01       3     4.948198E+02     1.718429E+02    -4.898136E+02    -7.020876E+01 
 5.368196E-01     3.000000E+01       4     4.302847E+03     1.122199E+02    -1.627175E+03    -3.983314E+03 
 5.368196E-01     3.000000E+01       5     6.602598E+03    -1.029522E+02    -1.479899E+03     6.434610E+03 
 5.368196E-01     3.000000E+01       6     5.433114E+03     8.974018E+01     2.463767E+01    -5.433058E+03 
 5.368196E-01     6.000000E+01       1     2.524132E+02     9.879174E+01    -3.857970E+01    -2.494475E+02 
 5.368196E-01     6.000000E+01       2     4.372357E+02     9.874818E+01    -6.650004E+01    -4.321490E+02 
 5.368196E-01     6.000000E+01       3     4.882360E+02     1.694485E+02    -4.799803E+02    -8.940572E+01 
 5.368196E-01     6.000000E+01       4     6.913788E+03     1.038544E+02    -1.655549E+03    -6.712646E+03 
 5.368196E-01     6.000000E+01       5     3.989715E+03    -7.614354E+01     9.554983E+02     3.873609E+03 
 5.368196E-01     6.000000E+01       6     6.362918E+00     5.984291E+01     3.196555E+00    -5.501705E+00 
 5.368196E-01     9.000000E+01       1     5.931092E+01     1.665510E+02    -5.768446E+01    -1.379449E+01 
 5.368196E-01     9.000000E+01       2     4.863096E+02     8.666745E+01     2.826973E+01    -4.854873E+02 
 5.368196E-01     9.000000E+01       3     4.948047E+02     1.718296E+02    -4.897823E+02    -7.032082E+01 
 5.368196E-01     9.000000E+01       4     7.578100E+03     8.649470E+01     4.633320E+02    -7.563922E+03 
 5.368196E-01     9.000000E+01       5     2.162666E+03    -6.081278E+00     2.150496E+03     2.291111E+02 
 5.368196E-01     9.000000E+01       6     5.427805E+03    -9.017089E+01    -1.618910E+01     5.427781E+03 
 5.368196E-01     1.200000E+02       1     2.432666E+02    -1.059139E+02    -6.670182E+01     2.339433E+02 
 5.368196E-01     1.200000E+02       2     4.219908E+02     7.421540E+01     1.147906E+02    -4.060780E+02 
 5.368196E-01     1.200000E+02       3     5.028912E+02     1.741207E+02    -5.002460E+02    -5.151284E+01 
 5.368196E-01     1.200000E+02       4     6.728061E+03     6.867507E+01     2.446704E+03    -6.267411E+03 
 5.368196E-01     1.200000E+02       5     3.887268E+03     6.864977E+01     1.415230E+03    -3.620494E+03 
 5.368196E-01     1.200000E+02       6     9.916645E+00    -3.784235E+01     7.831192E+00     6.083771E+00 
 5.368196E-01     1.500000E+02       1     4.268799E+02    -8.946959E+01     3.951736E+00     4.268616E+02 
 5.368196E-01     1.500000E+02       2     2.396801E+02     7.458877E+01     6.369379E+01    -2.310620E+02 
 5.368196E-01     1.500000E+02       3     4.947506E+02     1.718277E+02    -4.897265E+02    -7.032876E+01 
 5.368196E-01     1.500000E+02       4     4.148391E+03     5.969059E+01     2.093566E+03    -3.581359E+03 
 5.368196E-01     1.500000E+02       5     6.700370E+03     9.573693E+01    -6.697764E+02    -6.666810E+03 
 5.368196E-01     1.500000E+02       6     5.421499E+03     8.969531E+01     2.883084E+01    -5.421423E+03 
 5.368196E-01     1.800000E+02       1     5.047982E+02    -8.123904E+01     7.688706E+01     4.989085E+02 
 5.368196E-01     1.800000E+02       2     6.614429E-02     1.045297E+02    -1.659437E-02    -6.402886E-02 
 5.368196E-01     1.800000E+02       3     4.881832E+02     1.694405E+02    -4.799159E+02    -8.946234E+01 
 5.368196E-01     1.800000E+02       4     2.092811E+00    -1.029578E+02    -4.692776E-01     2.039519E+00 
 5.368196E-01     1.800000E+02       5     7.981302E+03     1.038377E+02    -1.908903E+03    -7.749663E+03 
 5.368196E-01     1.800000E+02       6     5.568276E+00    -5.722126E+01     3.014644E+00     4.681626E+00 
 5.756969E-01     0.000000E+00       1     4.778633E+02     6.788206E+01     1.799224E+02    -4.426978E+02 
 5.756969E-01     0.000000E+00       2     1.426711E-01    -3.418862E+01     1.180164E-01     8.016962E-02 
 5.756969E-01     0.000000E+00       3     5.417305E+02     1.708957E+02    -5.349058E+02    -8.571885E+01 
 5.756969E-01     0.000000E+00       4     3.197888E+00     4.509683E+01     2.257424E+00    -2.265067E+00 
 5.756969E-01     0.000000E+00       5     9.263453E+03    -1.103196E+02    -3.216798E+03     8.686988E+03 
 5.756969E-01     0.000000E+00       6     2.182586E+00     7.276681E+01     6.466160E-01    -2.084603E+00 
 5.756969E-01     3.000000E+01       1     4.013243E+02     8.039860E+01     6.693802E+01    -3.957025E+02 
 5.756969E-01     3.000000E+01       2     2.558376E+02     9.832775E+01    -3.705437E+01    -2.531400E+02 
 5.756969E-01     3.000000E+01       3     5.272483E+02     1.689057E+02    -5.173949E+02    -1.014558E+02 
 5.756969E-01     3.000000E+01       4     5.214512E+03     1.058707E+02    -1.426003E+03    -5.015741E+03 
 5.756969E-01     3.000000E+01       5     8.015196E+03    -1.024328E+02    -1.725631E+03     7.827232E+03 
 5.756969E-01     3.000000E+01       6     7.668382E+03     8.947122E+01     7.076980E+01    -7.668056E+03 
 5.756969E-01     6.000000E+01       1     2.503516E+02     1.019652E+02    -5.190230E+01    -2.449124E+02 
 5.756969E-01     6.000000E+01       2     4.336947E+02     1.019297E+02    -8.964995E+01    -4.243276E+02 
 5.756969E-01     6.000000E+01       3     5.147738E+02     1.667409E+02    -5.010515E+02    -1.180656E+02 
 5.756969E-01     6.000000E+01       4     8.470466E+03     1.000199E+02    -1.473783E+03    -8.341269E+03 
 5.756969E-01     6.000000E+01       5     4.888413E+03    -7.997704E+01     8.507935E+02     4.813807E+03 
 5.756969E-01     6.000000E+01       6     7.041022E+00     9.481807E+01    -5.913898E-01    -7.016142E+00 
 5.756969E-01     9.000000E+01       1     6.940606E+01     1.618784E+02    -6.596342E+01    -2.158769E+01 
 5.756969E-01     9.000000E+01       2     4.710523E+02     8.524868E+01     3.901779E+01    -4.694336E+02 
 5.756969E-01     9.000000E+01       3     5.272390E+02     1.688942E+02    -5.173655E+02    -1.015575E+02 
 5.756969E-01     9.000000E+01       4     9.318199E+03     8.522460E+01     7.757404E+02    -9.285853E+03 
 5.756969E-01     9.000000E+01       5     2.143030E+03    -1.148501E+01     2.100120E+03     4.267021E+02 
 5.756969E-01     9.000000E+01       6     7.662333E+03    -9.051492E+01    -6.886041E+01     7.662023E+03 
 5.756969E-01     1.200000E+02       1     2.385857E+02    -1.121803E+02    -9.007147E+01     2.209305E+02 
 5.756969E-01     1.200000E+02       2     4.138678E+02     6.795147E+01     1.553626E+02    -3.836001E+02 
 5.756969E-01     1.200000E+02       3     5.416946E+02     1.708781E+02    -5.348439E+02    -8.587778E+01 
 5.756969E-01     1.200000E+02       4     8.018313E+03     6.971432E+01     2.779959E+03    -7.520982E+03 
 5.756969E-01     1.200000E+02       5     4.632774E+03     6.968763E+01     1.608212E+03    -4.344681E+03 
 5.756969E-01     1.200000E+02       6     8.580652E+00    -4.497174E+01     6.070429E+00     6.064445E+00 
 5.756969E-01     1.500000E+02       1     4.169016E+02    -9.015298E+01    -1.113134E+00     4.169001E+02 
 5.756969E-01     1.500000E+02       2     2.293402E+02     7.057530E+01     7.627117E+01    -2.162860E+02 
 5.756969E-01     1.500000E+02       3     5.271895E+02     1.688951E+02    -5.173186E+02    -1.015397E+02 
 5.756969E-01     1.500000E+02       4     4.807030E+03     6.268169E+01     2.206107E+03    -4.270905E+03 
 5.756969E-01     1.500000E+02       5     8.265690E+03     9.258676E+01    -3.730478E+02    -8.257268E+03 
 5.756969E-01     1.500000E+02       6     7.658504E+03     8.942348E+01     7.705928E+01    -7.658117E+03 
 5.756969E-01     1.800000E+02       1     5.008597E+02    -7.804110E+01     1.037831E+02     4.899893E+02 
 5.756969E-01     1.800000E+02       2     4.678107E-02     7.257667E+01     1.400762E-02    -4.463469E-02 
 5.756969E-01     1.800000E+02       3     5.147394E+02     1.667384E+02    -5.010128E+02    -1.180798E+02 
 5.756969E-01     1.800000E+02       4     2.745671E+00    -1.001188E+02    -4.823879E-01     2.702964E+00 
 5.756969E-01     1.800000E+02       5     9.778927E+03     1.000038E+02    -1.698725E+03    -9.630252E+03 
 5.756969E-01     1.800000E+02       6     2.035204E+00    -8.681385E+01     1.131170E-01     2.032058E+00 
 6.145741E-01     0.000000E+00       1     4.589972E+02     5.893321E+01     2.368595E+02    -3.931616E+02 
 6.145741E-01     0.000000E+00       2     1.745843E-01    -2.406477E+01     1.594104E-01     7.119010E-02 
 6.145741E-01     0.000000E+00       3     5.465012E+02     1.677323E+02    -5.340221E+02    -1.161203E+02 
 6.145741E-01     0.000000E+00       4     4.128151E+00     3.373765E+01     3.432926E+00    -2.292738E+00 
 6.145741E-01     0.000000E+00       5     1.059347E+04    -1.092847E+02    -3.498614E+03     9.999060E+03 
 6.145741E-01     0.000000E+00       6     2.444828E+00     1.785183E+02    -2.444011E+00    -6.321727E-02 
 6.145741E-01     3.000000E+01       1     3.668652E+02     7.724242E+01     8.101356E+01    -3.578085E+02 
 6.145741E-01     3.000000E+01       2     2.422648E+02     9.791308E+01    -3.335275E+01    -2.399579E+02 
 6.145741E-01     3.000000E+01       3     5.248431E+02     1.666688E+02    -5.107004E+02    -1.210180E+02 
 6.145741E-01     3.000000E+01       4     6.140109E+03     9.817427E+01    -8.730278E+02    -6.077726E+03 
 6.145741E-01     3.000000E+01       5     9.350486E+03    -1.021707E+02    -1.971316E+03     9.140323E+03 
 6.145741E-01     3.000000E+01       6     1.042812E+04     8.890254E+01     1.997318E+02    -1.042621E+04 
 6.145741E-01     6.000000E+01       1     2.378415E+02     1.065624E+02    -6.779884E+01    -2.279735E+02 
 6.145741E-01     6.000000E+01       2     4.120679E+02     1.065319E+02    -1.172534E+02    -3.950337E+02 
 6.145741E-01     6.000000E+01       3     5.054585E+02     1.653496E+02    -4.890247E+02    -1.278404E+02 
 6.145741E-01     6.000000E+01       4     9.986947E+03     9.537822E+01    -9.360751E+02    -9.942981E+03 
 6.145741E-01     6.000000E+01       5     5.764088E+03    -8.461667E+01     5.407792E+02     5.738665E+03 
 6.145741E-01     6.000000E+01       6     1.008040E+01     1.160757E+02    -4.430922E+00    -9.054357E+00 
 6.145741E-01     9.000000E+01       1     7.559602E+01     1.573344E+02    -6.975772E+01    -2.913108E+01 
 6.145741E-01     9.000000E+01       2     4.332219E+02     8.298447E+01     5.291298E+01    -4.299784E+02 
 6.145741E-01     9.000000E+01       3     5.248575E+02     1.666594E+02    -5.106945E+02    -1.211055E+02 
 6.145741E-01     9.000000E+01       4     1.102642E+04     8.341656E+01     1.264178E+03    -1.095371E+04 
 6.145741E-01     9.000000E+01       5     1.876835E+03    -2.157063E+01     1.745391E+03     6.900143E+02 
 6.145741E-01     9.000000E+01       6     1.042088E+04    -9.112284E+01    -2.042081E+02     1.041887E+04 
 6.145741E-01     1.200000E+02       1     2.290772E+02    -1.211252E+02    -1.184121E+02     1.960993E+02 
 6.145741E-01     1.200000E+02       2     3.973207E+02     5.901429E+01     2.045504E+02    -3.406213E+02 
 6.145741E-01     1.200000E+02       3     5.464993E+02     1.677180E+02    -5.339913E+02    -1.162531E+02 
 6.145741E-01     1.200000E+02       4     9.169397E+03     7.074671E+01     3.023562E+03    -8.656553E+03 
 6.145741E-01     1.200000E+02       5     5.297860E+03     7.071542E+01     1.749673E+03    -5.000596E+03 
 6.145741E-01     1.200000E+02       6     7.683576E+00    -5.249298E+01     4.678211E+00     6.095218E+00 
 6.145741E-01     1.500000E+02       1     3.867498E+02    -9.165381E+01    -1.116176E+01     3.865887E+02 
 6.145741E-01     1.500000E+02       2     2.087892E+02     6.551374E+01     8.653791E+01    -1.900109E+02 
 6.145741E-01     1.500000E+02       3     5.248268E+02     1.666628E+02    -5.106719E+02    -1.210679E+02 
 6.145741E-01     1.500000E+02       4     5.326669E+03     6.627880E+01     2.142847E+03    -4.876639E+03 
 6.145741E-01     1.500000E+02       5     9.835991E+03     8.866775E+01     2.286872E+02    -9.833332E+03 
 6.145741E-01     1.500000E+02       6     1.042035E+04     8.885284E+01     2.086188E+02    -1.041827E+04 
 6.145741E-01     1.800000E+02       1     4.760839E+02    -7.342580E+01     1.358062E+02     4.563032E+02 
 6.145741E-01     1.800000E+02       2     4.040265E-02     3.501428E+01     3.309014E-02    -2.318226E-02 
 6.145741E-01     1.800000E+02       3     5.054797E+02     1.653520E+02    -4.890505E+02    -1.278254E+02 
 6.145741E-01     1.800000E+02       4     3.421091E+00    -1.045987E+02    -8.622749E-01     3.310641E+00 
 6.145741E-01     1.800000E+02       5     1.152985E+04     9.536126E+01    -1.077294E+03    -1.147941E+04 
 6.145741E-01     1.800000E+02       6     2.852590E+00     1.506159E+02    -2.485605E+00    -1.399656E+00 
 6.534513E-01     0.000000E+00       1     4.420444E+02     4.647350E+01     3.044315E+02    -3.205069E+02 
 6.534513E-01     0.000000E+00       2     1.848821E-01    -1.534743E+01     1.782889E-01     4.893300E-02 
 6.534513E-01     0.000000E+00       3     5.209741E+02     1.650364E+02    -5.033078E+02    -1.345187E+02 
 6.534513E-01     0.000000E+00       4     4.965438E+00     2.362955E+01     4.549117E+00    -1.990255E+00 
 6.534513E-01     0.000000E+00       5     1.170264E+04    -1.081970E+02    -3.654561E+03     1.111737E+04 
 6.534513E-01     0.000000E+00       6     5.722351E+00    -1.565368E+02    -5.249204E+00     2.278409E+00 
 6.534513E-01     3.000000E+01       1     3.133220E+02     7.264044E+01     9.348499E+01    -2.990505E+02 
 6.534513E-01     3.000000E+01       2     2.114140E+02     9.675257E+01    -2.485847E+01    -2.099474E+02 
 6.534513E-01     3.000000E+01       3     4.940393E+02     1.658402E+02    -4.790290E+02    -1.208554E+02 
 6.534513E-01     3.000000E+01       4     7.020998E+03     8.871424E+01     1.575428E+02    -7.019230E+03 
 6.534513E-01     3.000000E+01       5     1.049268E+04    -1.023134E+02    -2.237666E+03     1.025130E+04 
 6.534513E-01     3.000000E+01       6     1.366779E+04     8.787826E+01     5.060207E+02    -1.365842E+04 
 6.534513E-01     6.000000E+01       1     2.144427E+02     1.145032E+02    -8.893867E+01    -1.951296E+02 
 6.534513E-01     6.000000E+01       2     3.715810E+02     1.144720E+02    -1.539271E+02    -3.381995E+02 
 6.534513E-01     6.000000E+01       3     4.696793E+02     1.663758E+02    -4.564633E+02    -1.106342E+02 
 6.534513E-01     6.000000E+01       4     1.126026E+04     8.955905E+01     8.665782E+01    -1.125993E+04 
 6.534513E-01     6.000000E+01       5     6.499606E+03    -9.043296E+01    -4.911432E+01     6.499420E+03 
 6.534513E-01     6.000000E+01       6     1.396336E+01     1.249667E+02    -8.002415E+00    -1.144276E+01 
 6.534513E-01     9.000000E+01       1     7.591769E+01     1.546340E+02    -6.859846E+01    -3.252303E+01 
 6.534513E-01     9.000000E+01       2     3.702863E+02     7.944520E+01     6.782751E+01    -3.640211E+02 
 6.534513E-01     9.000000E+01       3     4.940947E+02     1.658318E+02    -4.790649E+02    -1.209396E+02 
 6.534513E-01     9.000000E+01       4     1.254825E+04     8.078434E+01     2.009616E+03    -1.238629E+04 
 6.534513E-01     9.000000E+01       5     1.370817E+03    -4.390533E+01     9.876555E+02     9.506192E+02 
 6.534513E-01     9.000000E+01       6     1.365934E+04    -9.216498E+01    -5.160100E+02     1.364959E+04 
 6.534513E-01     1.200000E+02       1     2.205332E+02    -1.335967E+02    -1.520748E+02     1.597127E+02 
 6.534513E-01     1.200000E+02       2     3.823778E+02     4.655015E+01     2.629687E+02    -2.775973E+02 
 6.534513E-01     1.200000E+02       3     5.210352E+02     1.650253E+02    -5.033409E+02    -1.346315E+02 
 6.534513E-01     1.200000E+02       4     1.012939E+04     7.183060E+01     3.158622E+03    -9.624324E+03 
 6.534513E-01     1.200000E+02       5     5.852265E+03     7.179351E+01     1.828496E+03    -5.559281E+03 
 6.534513E-01     1.200000E+02       6     7.747955E+00    -5.967368E+01     3.912130E+00     6.687754E+00 
 6.534513E-01     1.500000E+02       1     3.322006E+02    -9.424378E+01    -2.458292E+01     3.312898E+02 
 6.534513E-01     1.500000E+02       2     1.799765E+02     5.887594E+01     9.302855E+01    -1.540689E+02 
 6.534513E-01     1.500000E+02       3     4.941001E+02     1.658364E+02    -4.790800E+02    -1.209017E+02 
 6.534513E-01     1.500000E+02       4     5.680289E+03     7.089789E+01     1.858890E+03    -5.367515E+03 
 6.534513E-01     1.500000E+02       5     1.127339E+04     8.361161E+01     1.254362E+03    -1.120339E+04 
 6.534513E-01     1.500000E+02       6     1.366236E+04     8.782751E+01     5.179124E+02    -1.365254E+04 
 6.534513E-01     1.800000E+02       1     4.295837E+02    -6.547771E+01     1.782975E+02     3.908352E+02 
 6.534513E-01     1.800000E+02       2     4.258333E-02     1.511832E+01     4.110949E-02    -1.110630E-02 
 6.534513E-01     1.800000E+02       3     4.697978E+02     1.663791E+02    -4.565848E+02    -1.106361E+02 
 6.534513E-01     1.800000E+02       4     3.901647E+00    -1.156025E+02    -1.686001E+00     3.518558E+00 
 6.534513E-01     1.800000E+02       5     1.299934E+04     8.954202E+01     1.039054E+02    -1.299893E+04 
 6.534513E-01     1.800000E+02       6     6.859913E+00     1.306800E+02    -4.471524E+00    -5.202296E+00 
 6.923285E-01     0.000000E+00       1     4.434008E+02     3.054173E+01     3.818830E+02    -2.253211E+02 
 6.923285E-01     0.000000E+00       2     1.741965E-01    -2.522759E+00     1.740277E-01     7.667474E-03 
 6.923285E-01     0.000000E+00       3     4.740840E+02     1.628213E+02    -4.529343E+02    -1.400219E+02 
 6.923285E-01     0.000000E+00       4     5.567277E+00     1.385525E+01     5.405291E+00    -1.333194E+00 
 6.923285E-01     0.000000E+00       5     1.259562E+04    -1.074138E+02    -3.769507E+03     1.201834E+04 
 6.923285E-01     0.000000E+00       6     9.023985E+00    -1.485895E+02    -7.701570E+00     4.702991E+00 
 6.923285E-01     3.000000E+01       1     2.423295E+02     6.592534E+01     9.885271E+01    -2.212504E+02 
 6.923285E-01     3.000000E+01       2     1.609039E+02     9.674521E+01    -1.889888E+01    -1.597902E+02 
 6.923285E-01     3.000000E+01       3     4.465725E+02     1.666932E+02    -4.345827E+02    -1.027856E+02 
 6.923285E-01     3.000000E+01       4     7.766596E+03     7.717427E+01     1.724078E+03    -7.572818E+03 
 6.923285E-01     3.000000E+01       5     1.128254E+04    -1.031281E+02    -2.562595E+03     1.098766E+04 
 6.923285E-01     3.000000E+01       6     1.722317E+04     8.624209E+01     1.128822E+03    -1.718614E+04 
 6.923285E-01     6.000000E+01       1     1.905359E+02     1.301816E+02    -1.229361E+02    -1.455700E+02 
 6.923285E-01     6.000000E+01       2     3.301790E+02     1.301391E+02    -2.128486E+02    -2.524156E+02 
 6.923285E-01     6.000000E+01       3     4.231101E+02     1.704078E+02    -4.171946E+02    -7.050447E+01 
 6.923285E-01     6.000000E+01       4     1.196916E+04     8.228026E+01     1.607788E+03    -1.186068E+04 
 6.923285E-01     6.000000E+01       5     6.909294E+03    -9.771007E+01    -9.269535E+02     6.846832E+03 
 6.923285E-01     6.000000E+01       6     1.815613E+01     1.285168E+02    -1.130662E+01    -1.420582E+01 
 6.923285E-01     9.000000E+01       1     7.176402E+01     1.570528E+02    -6.608492E+01    -2.797960E+01 
 6.923285E-01     9.000000E+01       2     2.817440E+02     7.448822E+01     7.534864E+01    -2.714816E+02 
 6.923285E-01     9.000000E+01       3     4.466693E+02     1.666834E+02    -4.346592E+02    -1.028825E+02 
 6.923285E-01     9.000000E+01       4     1.365115E+04     7.698705E+01     3.073847E+03    -1.330058E+04 
 6.923285E-01     9.000000E+01       5     1.082883E+03    -1.009164E+02    -2.050732E+02     1.063287E+03 
 6.923285E-01     9.000000E+01       6     1.721367E+04    -9.380890E+01    -1.143484E+03     1.717565E+04 
 6.923285E-01     1.200000E+02       1     2.211798E+02    -1.495563E+02    -1.906852E+02     1.120700E+02 
 6.923285E-01     1.200000E+02       2     3.833032E+02     3.058618E+01     3.299723E+02    -1.950376E+02 
 6.923285E-01     1.200000E+02       3     4.742267E+02     1.628123E+02    -4.530485E+02    -1.401355E+02 
 6.923285E-01     1.200000E+02       4     1.090217E+04     7.260993E+01     3.258391E+03    -1.040385E+04 
 6.923285E-01     1.200000E+02       5     6.298047E+03     7.256696E+01     1.886838E+03    -6.008764E+03 
 6.923285E-01     1.200000E+02       6     9.038358E+00    -6.945011E+01     3.172671E+00     8.463219E+00 
 6.923285E-01     1.500000E+02       1     2.511417E+02    -9.738996E+01    -3.230228E+01     2.490556E+02 
 6.923285E-01     1.500000E+02       2     1.464096E+02     4.971755E+01     9.466201E+01    -1.116910E+02 
 6.923285E-01     1.500000E+02       3     4.467176E+02     1.666856E+02    -4.347103E+02    -1.028764E+02 
 6.923285E-01     1.500000E+02       4     5.886723E+03     7.666602E+01     1.357637E+03    -5.728030E+03 
 6.923285E-01     1.500000E+02       5     1.236465E+04     7.704082E+01     2.772857E+03    -1.204973E+04 
 6.923285E-01     1.500000E+02       6     1.721989E+04     8.619234E+01     1.143525E+03    -1.718188E+04 
 6.923285E-01     1.800000E+02       1     3.820906E+02    -4.983091E+01     2.464658E+02     2.919723E+02 
 6.923285E-01     1.800000E+02       2     4.833820E-02     2.522061E+00     4.829138E-02    -2.127077E-03 
 6.923285E-01     1.800000E+02       3     4.233280E+02     1.704016E+02    -4.174017E+02    -7.058622E+01 
 6.923285E-01     1.800000E+02       4     3.949694E+00    -1.313733E+02    -2.610597E+00     2.963927E+00 
 6.923285E-01     1.800000E+02       5     1.381658E+04     8.226468E+01     1.859670E+03    -1.369085E+04 
 6.923285E-01     1.800000E+02       6     1.074364E+01     1.244659E+02    -6.079989E+00    -8.857742E+00 
 7.312057E-01     0.000000E+00       1     4.740985E+02     1.317730E+01     4.616152E+02    -1.080779E+02 
 7.312057E-01     0.000000E+00       2     1.626026E-01     2.146597E+01     1.513237E-01    -5.950419E-02 
 7.312057E-01     0.000000E+00       3     4.159951E+02     1.607564E+02    -3.927517E+02    -1.371058E+02 
 7.312057E-01     0.000000E+00       4     5.697591E+00     2.707474E+00     5.691231E+00    -2.691357E-01 
 7.312057E-01     0.000000E+00       5     1.320708E+04    -1.078412E+02    -4.046376E+03     1.257195E+04 
 7.312057E-01     0.000000E+00       6     1.180655E+01    -1.454996E+02    -9.730040E+00     6.687375E+00 
 7.312057E-01     3.000000E+01       1     1.601596E+02     5.692752E+01     8.739901E+01    -1.342107E+02 
 7.312057E-01     3.000000E+01       2     1.012555E+02     1.069839E+02    -2.957696E+01    -9.683944E+01 
 7.312057E-01     3.000000E+01       3     3.934566E+02     1.690100E+02    -3.862408E+02    -7.500772E+01 
 7.312057E-01     3.000000E+01       4     8.235619E+03     6.372460E+01     3.645795E+03    -7.384687E+03 
 7.312057E-01     3.000000E+01       5     1.146078E+04    -1.046123E+02    -2.891296E+03     1.109008E+04 
 7.312057E-01     3.000000E+01       6     2.074548E+04     8.392254E+01     2.196383E+03    -2.062888E+04 
 7.312057E-01     6.000000E+01       1     2.012429E+02     1.536680E+02    -1.803617E+02    -8.926559E+01 
 7.312057E-01     6.000000E+01       2     3.486333E+02     1.536162E+02    -3.123187E+02    -1.549264E+02 
 7.312057E-01     6.000000E+01       3     3.794718E+02     1.772198E+02    -3.790251E+02    -1.840606E+01 
 7.312057E-01     6.000000E+01       4     1.168551E+04     7.386302E+01     3.247808E+03    -1.122510E+04 
 7.312057E-01     6.000000E+01       5     6.745885E+03    -1.061277E+02    -1.873868E+03     6.480400E+03 
 7.312057E-01     6.000000E+01       6     2.249791E+01     1.282134E+02    -1.391703E+01    -1.767689E+01 
 7.312057E-01     9.000000E+01       1     7.161266E+01     1.662929E+02    -6.957313E+01    -1.696918E+01 
 7.312057E-01     9.000000E+01       2     1.751275E+02     6.995408E+01     6.002899E+01    -1.645179E+02 
 7.312057E-01     9.000000E+01       3     3.935836E+02     1.689955E+02    -3.863464E+02    -7.512993E+01 
 7.312057E-01     9.000000E+01       4     1.397930E+04     7.200385E+01     4.318949E+03    -1.329540E+04 
 7.312057E-01     9.000000E+01       5     1.905161E+03    -1.534625E+02    -1.704438E+03     8.511938E+02 
 7.312057E-01     9.000000E+01       6     2.073445E+04    -9.613098E+01    -2.214474E+03     2.061586E+04 
 7.312057E-01     1.200000E+02       1     2.365719E+02    -1.669458E+02    -2.304581E+02     5.343500E+01 
 7.312057E-01     1.200000E+02       2     4.097593E+02     1.316948E+01     3.989828E+02    -9.335637E+01 
 7.312057E-01     1.200000E+02       3     4.162317E+02     1.607466E+02    -3.929515E+02    -1.372513E+02 
 7.312057E-01     1.200000E+02       4     1.143109E+04     7.218111E+01     3.498017E+03    -1.088272E+04 
 7.312057E-01     1.200000E+02       5     6.602838E+03     7.213539E+01     2.025545E+03    -6.284476E+03 
 7.312057E-01     1.200000E+02       6     1.171927E+01    -8.211560E+01     1.607590E+00     1.160849E+01 
 7.312057E-01     1.500000E+02       1     1.521657E+02    -9.653137E+01    -1.730841E+01     1.511781E+02 
 7.312057E-01     1.500000E+02       2     1.126646E+02     3.691464E+01     9.007889E+01    -6.766915E+01 
 7.312057E-01     1.500000E+02       3     3.936422E+02     1.689893E+02    -3.863958E+02    -7.518260E+01 
 7.312057E-01     1.500000E+02       4     5.949717E+03     8.341828E+01     6.819580E+02    -5.910504E+03 
 7.312057E-01     1.500000E+02       5     1.279289E+04     6.892754E+01     4.599663E+03    -1.193739E+04 
 7.312057E-01     1.500000E+02       6     2.074369E+04     8.387585E+01     2.213002E+03    -2.062531E+04 
 7.312057E-01     1.800000E+02       1     4.035840E+02    -2.643160E+01     3.613959E+02     1.796470E+02 
 7.312057E-01     1.800000E+02       2     4.406564E-02    -1.489755E+01     4.258447E-02     1.132890E-02 
 7.312057E-01     1.800000E+02       3     3.797055E+02     1.771906E+02    -3.792491E+02    -1.861079E+01 
 7.312057E-01     1.800000E+02       4     3.437109E+00    -1.478421E+02    -2.909804E+00     1.829414E+00 
 7.312057E-01     1.800000E+02       5     1.348757E+04     7.385226E+01     3.751097E+03    -1.295546E+04 
 7.312057E-01     1.800000E+02       6     1.420526E+01     1.222079E+02    -7.571313E+00    -1.201934E+01 
 7.700829E-01     0.000000E+00       1     5.248326E+02    -2.329376E+00     5.243989E+02     2.133134E+01 
 7.700829E-01     0.000000E+00       2     1.977495E-01     4.646796E+01     1.362020E-01    -1.433663E-01 
 7.700829E-01     0.000000E+00       3     3.551089E+02     1.581299E+02    -3.295521E+02    -1.322791E+02 
 7.700829E-01     0.000000E+00       4     5.187510E+00    -8.523166E+00     5.130219E+00     7.688372E-01 
 7.700829E-01     0.000000E+00       5     1.325216E+04    -1.103628E+02    -4.611277E+03     1.242401E+04 
 7.700829E-01     0.000000E+00       6     1.326441E+01    -1.441549E+02    -1.075217E+01     7.767590E+00 
 7.700829E-01     3.000000E+01       1     8.271595E+01     4.895622E+01     5.431423E+01    -6.238504E+01 
 7.700829E-01     3.000000E+01       2     7.896668E+01     1.432823E+02    -6.329896E+01    -4.721206E+01 
 7.700829E-01     3.000000E+01       3     3.403929E+02     1.720122E+02    -3.370903E+02    -4.730166E+01 
 7.700829E-01     3.000000E+01       4     8.280097E+03     4.946272E+01     5.381588E+03    -6.292735E+03 
 7.700829E-01     3.000000E+01       5     1.079540E+04    -1.057959E+02    -2.938623E+03     1.038774E+04 
 7.700829E-01     3.000000E+01       6     2.368870E+04     8.108625E+01     3.670506E+03    -2.340261E+04 
 7.700829E-01     6.000000E+01       1     2.641569E+02     1.688558E+02    -2.591760E+02    -5.105582E+01 
 7.700829E-01     6.000000E+01       2     4.575136E+02     1.688196E+02    -4.488307E+02    -8.871110E+01 
 7.700829E-01     6.000000E+01       3     3.436696E+02    -1.743196E+02    -3.419820E+02     3.401618E+01 
 7.700829E-01     6.000000E+01       4     1.014305E+04     6.602833E+01     4.120968E+03    -9.268176E+03 
 7.700829E-01     6.000000E+01       5     5.855120E+03    -1.139612E+02    -2.377867E+03     5.350531E+03 
 7.700829E-01     6.000000E+01       6     2.549942E+01     1.234587E+02    -1.405876E+01    -2.127374E+01 
 7.700829E-01     9.000000E+01       1     8.280515E+01     1.731373E+02    -8.221188E+01    -9.894372E+00 
 7.700829E-01     9.000000E+01       2     7.870376E+01     7.936993E+01     1.451826E+01    -7.735310E+01 
 7.700829E-01     9.000000E+01       3     3.405158E+02     1.719911E+02    -3.371946E+02    -4.744331E+01 
 7.700829E-01     9.000000E+01       4     1.321989E+04     6.670463E+01     5.228088E+03    -1.214219E+04 
 7.700829E-01     9.000000E+01       5     3.194758E+03    -1.753552E+02    -3.184266E+03     2.587082E+02 
 7.700829E-01     9.000000E+01       6     2.367508E+04    -9.896259E+01    -3.688328E+03     2.338601E+04 
 7.700829E-01     1.200000E+02       1     2.620654E+02     1.775417E+02    -2.618242E+02    -1.124071E+01 
 7.700829E-01     1.200000E+02       2     4.537636E+02    -2.381097E+00     4.533718E+02     1.885207E+01 
 7.700829E-01     1.200000E+02       3     3.554203E+02     1.581142E+02    -3.298046E+02    -1.324858E+02 
 7.700829E-01     1.200000E+02       4     1.147019E+04     6.966016E+01     3.986897E+03    -1.075499E+04 
 7.700829E-01     1.200000E+02       5     6.624755E+03     6.961508E+01     2.307570E+03    -6.209871E+03 
 7.700829E-01     1.200000E+02       6     1.510468E+01    -9.637936E+01    -1.678296E+00     1.501115E+01 
 7.700829E-01     1.500000E+02       1     7.776760E+01    -6.868845E+01     2.826378E+01     7.244970E+01 
 7.700829E-01     1.500000E+02       2     8.391135E+01     2.103116E+01     7.832163E+01    -3.011374E+01 
 7.700829E-01     1.500000E+02       3     3.405224E+02     1.719721E+02    -3.371854E+02    -4.755570E+01 
 7.700829E-01     1.500000E+02       4     5.850072E+03     9.140925E+01    -1.438741E+02    -5.848303E+03 
 7.700829E-01     1.500000E+02       5     1.227843E+04     6.008016E+01     6.124332E+03    -1.064201E+04 
 7.700829E-01     1.500000E+02       6     2.368820E+04     8.104674E+01     3.686564E+03    -2.339958E+04 
 7.700829E-01     1.800000E+02       1     5.291629E+02    -1.127209E+01     5.189553E+02     1.034347E+02 
 7.700829E-01     1.800000E+02       2     2.212508E-02    -3.970148E+01     1.702266E-02     1.413323E-02 
 7.700829E-01     1.800000E+02       3     3.437849E+02    -1.743732E+02    -3.421284E+02     3.370744E+01 
 7.700829E-01     1.800000E+02       4     2.640441E+00    -1.556388E+02    -2.405345E+00     1.089147E+00 
 7.700829E-01     1.800000E+02       5     1.170573E+04     6.602929E+01     4.755681E+03    -1.069615E+04 
 7.700829E-01     1.800000E+02       6     1.740463E+01     1.213121E+02    -9.045167E+00    -1.486964E+01 
 8.089601E-01     0.000000E+00       1     5.709460E+02    -1.338034E+01     5.554478E+02     1.321249E+02 
 8.089601E-01     0.000000E+00       2     2.460045E-01     5.623507E+01     1.367261E-01    -2.045097E-01 
 8.089601E-01     0.000000E+00       3     2.995284E+02     1.540541E+02    -2.693382E+02    -1.310504E+02 
 8.089601E-01     0.000000E+00       4     4.265865E+00    -1.858206E+01     4.043478E+00     1.359371E+00 
 8.089601E-01     0.000000E+00       5     1.238589E+04    -1.145132E+02    -5.138933E+03     1.126950E+04 
 8.089601E-01     0.000000E+00       6     1.258443E+01    -1.429204E+02    -1.003984E+01     7.587461E+00 
 8.089601E-01     3.000000E+01       1     3.660111E+01     6.284529E+01     1.670455E+01    -3.256684E+01 
 8.089601E-01     3.000000E+01       2     1.051256E+02     1.595035E+02    -9.847050E+01    -3.680974E+01 
 8.089601E-01     3.000000E+01       3     2.882752E+02     1.746374E+02    -2.870134E+02    -2.694170E+01 
 8.089601E-01     3.000000E+01       4     7.943330E+03     3.673895E+01     6.365541E+03    -4.751462E+03 
 8.089601E-01     3.000000E+01       5     9.449996E+03    -1.043361E+02    -2.339911E+03     9.155722E+03 
 8.089601E-01     3.000000E+01       6     2.546181E+04     7.820736E+01     5.203636E+03    -2.492440E+04 
 8.089601E-01     6.000000E+01       1     3.334516E+02     1.717835E+02    -3.300287E+02    -4.765504E+01 
 8.089601E-01     6.000000E+01       2     5.775841E+02     1.717633E+02    -5.716262E+02    -8.274650E+01 
 8.089601E-01     6.000000E+01       3     3.122432E+02    -1.653057E+02    -3.020307E+02     7.920394E+01 
 8.089601E-01     6.000000E+01       4     7.773106E+03     6.275711E+01     3.558245E+03    -6.910866E+03 
 8.089601E-01     6.000000E+01       5     4.486494E+03    -1.172252E+02    -2.052520E+03     3.989460E+03 
 8.089601E-01     6.000000E+01       6     2.516337E+01     1.164922E+02    -1.122476E+01    -2.252110E+01 
 8.089601E-01     9.000000E+01       1     9.514115E+01     1.704476E+02    -9.382195E+01    -1.578863E+01 
 8.089601E-01     9.000000E+01       2     5.826325E+01     1.276568E+02    -3.559479E+01    -4.612611E+01 
 8.089601E-01     9.000000E+01       3     2.883645E+02     1.746122E+02    -2.870905E+02    -2.707646E+01 
 8.089601E-01     9.000000E+01       4     1.154479E+04     6.321293E+01     5.202962E+03    -1.030589E+04 
 8.089601E-01     9.000000E+01       5     4.360886E+03     1.739695E+02    -4.336754E+03    -4.581442E+02 
 8.089601E-01     9.000000E+01       6     2.544586E+04    -1.018277E+02    -5.215628E+03     2.490560E+04 
 8.089601E-01     1.200000E+02       1     2.852797E+02     1.664992E+02    -2.773965E+02    -6.660103E+01 
 8.089601E-01     1.200000E+02       2     4.938977E+02    -1.345587E+01     4.803400E+02     1.149282E+02 
 8.089601E-01     1.200000E+02       3     2.998632E+02     1.540258E+02    -2.695745E+02    -1.313300E+02 
 8.089601E-01     1.200000E+02       4     1.072116E+04     6.551416E+01     4.443582E+03    -9.756941E+03 
 8.089601E-01     1.200000E+02       5     6.191958E+03     6.546957E+01     2.570755E+03    -5.633077E+03 
 8.089601E-01     1.200000E+02       6     1.843301E+01    -1.099059E+02    -6.275996E+00     1.733170E+01 
 8.089601E-01     1.500000E+02       1     9.118909E+01    -3.219183E+01     7.717051E+01     4.858151E+01 
 8.089601E-01     1.500000E+02       2     6.406251E+01     8.334727E+00     6.338589E+01    -9.286241E+00 
 8.089601E-01     1.500000E+02       3     2.882575E+02     1.745867E+02    -2.869719E+02    -2.719421E+01 
 8.089601E-01     1.500000E+02       4     5.670109E+03     1.017311E+02    -1.152838E+03    -5.551676E+03 
 8.089601E-01     1.500000E+02       5     1.096269E+04     5.248029E+01     6.676656E+03    -8.694994E+03 
 8.089601E-01     1.500000E+02       6     2.546332E+04     7.817902E+01     5.216276E+03    -2.492330E+04 
 8.089601E-01     1.800000E+02       1     6.675722E+02    -8.324742E+00     6.605383E+02     9.665344E+01 
 8.089601E-01     1.800000E+02       2     2.350173E-02     7.660818E+01     5.443212E-03    -2.286270E-02 
 8.089601E-01     1.800000E+02       3     3.121872E+02    -1.653600E+02    -3.020513E+02     7.890385E+01 
 8.089601E-01     1.800000E+02       4     2.519141E+00    -1.575871E+02    -2.328845E+00     9.604940E-01 
 8.089601E-01     1.800000E+02       5     8.970513E+03     6.277993E+01     4.103198E+03    -7.977085E+03 
 8.089601E-01     1.800000E+02       6     1.995239E+01     1.209354E+02    -1.025696E+01    -1.711411E+01 
 8.478373E-01     0.000000E+00       1     5.980583E+02    -1.905876E+01     5.652753E+02     1.952886E+02 
 8.478373E-01     0.000000E+00       2     2.505362E-01     6.123224E+01     1.205732E-01    -2.196144E-01 
 8.478373E-01     0.000000E+00       3     2.582054E+02     1.474971E+02    -2.177611E+02    -1.387447E+02 
 8.478373E-01     0.000000E+00       4     3.387387E+00    -2.906703E+01     2.960752E+00     1.645703E+00 
 8.478373E-01     0.000000E+00       5     1.071039E+04    -1.189829E+02    -5.189706E+03     9.369062E+03 
 8.478373E-01     0.000000E+00       6     1.002972E+01    -1.404459E+02    -7.733157E+00     6.386987E+00 
 8.478373E-01     3.000000E+01       1     4.628723E+01     8.878387E+01     9.823914E-01    -4.627681E+01 
 8.478373E-01     3.000000E+01       2     1.214905E+02     1.506129E+02    -1.058577E+02    -5.961624E+01 
 8.478373E-01     3.000000E+01       3     2.335595E+02     1.755611E+02    -2.328589E+02    -1.807658E+01 
 8.478373E-01     3.000000E+01       4     7.528035E+03     2.731976E+01     6.688351E+03    -3.455037E+03 
 8.478373E-01     3.000000E+01       5     8.043527E+03    -9.867573E+01    -1.213302E+03     7.951492E+03 
 8.478373E-01     3.000000E+01       6     2.571864E+04     7.594032E+01     6.247890E+03    -2.494819E+04 
 8.478373E-01     6.000000E+01       1     3.693452E+02     1.702301E+02    -3.639887E+02    -6.267470E+01 
 8.478373E-01     6.000000E+01       2     6.398701E+02     1.702122E+02    -6.305562E+02    -1.087780E+02 
 8.478373E-01     6.000000E+01       3     2.772806E+02    -1.556374E+02    -2.525897E+02     1.143808E+02 
 8.478373E-01     6.000000E+01       4     5.597159E+03     6.810988E+01     2.086776E+03    -5.193607E+03 
 8.478373E-01     6.000000E+01       5     3.230263E+03    -1.118623E+02    -1.202877E+03     2.997946E+03 
 8.478373E-01     6.000000E+01       6     2.124951E+01     1.108578E+02    -7.565897E+00    -1.985696E+01 
 8.478373E-01     9.000000E+01       1     9.664177E+01     1.627823E+02    -9.231094E+01    -2.860630E+01 
 8.478373E-01     9.000000E+01       2     8.706341E+01     1.273686E+02    -5.284225E+01    -6.919345E+01 
 8.478373E-01     9.000000E+01       3     2.336100E+02     1.755398E+02    -2.329025E+02    -1.816695E+01 
 8.478373E-01     9.000000E+01       4     9.669944E+03     6.299357E+01     4.391030E+03    -8.615490E+03 
 8.478373E-01     9.000000E+01       5     5.273161E+03     1.693183E+02    -5.181788E+03    -9.773951E+02 
 8.478373E-01     9.000000E+01       6     2.570256E+04    -1.040744E+02    -6.250394E+03     2.493099E+04 
 8.478373E-01     1.200000E+02       1     2.989615E+02     1.608363E+02    -2.823944E+02    -9.813955E+01 
 8.478373E-01     1.200000E+02       2     5.175834E+02    -1.914155E+01     4.889670E+02     1.697172E+02 
 8.478373E-01     1.200000E+02       3     2.584917E+02     1.474544E+02    -2.178992E+02    -1.390608E+02 
 8.478373E-01     1.200000E+02       4     9.272566E+03     6.105323E+01     4.487892E+03    -8.114142E+03 
 8.478373E-01     1.200000E+02       5     5.355395E+03     6.100573E+01     2.595879E+03    -4.684194E+03 
 8.478373E-01     1.200000E+02       6     2.108547E+01    -1.213283E+02    -1.096322E+01     1.801125E+01 
 8.478373E-01     1.500000E+02       1     1.179653E+02    -3.952317E+01     9.099454E+01     7.507195E+01 
 8.478373E-01     1.500000E+02       2     5.437181E+01     1.012355E+01     5.352530E+01    -9.557011E+00 
 8.478373E-01     1.500000E+02       3     2.333868E+02     1.755278E+02    -2.326762E+02    -1.819832E+01 
 8.478373E-01     1.500000E+02       4     5.641502E+03     1.139347E+02    -2.288732E+03    -5.156380E+03 
 8.478373E-01     1.500000E+02       5     9.463029E+03     4.747656E+01     6.395984E+03    -6.974261E+03 
 8.478373E-01     1.500000E+02       6     2.572333E+04     7.592422E+01     6.256045E+03    -2.495099E+04 
 8.478373E-01     1.800000E+02       1     7.392975E+02    -9.858453E+00     7.283808E+02     1.265786E+02 
 8.478373E-01     1.800000E+02       2     6.213552E-02     5.250350E+01     3.782269E-02    -4.929773E-02 
 8.478373E-01     1.800000E+02       3     2.771767E+02    -1.556653E+02    -2.525506E+02     1.142151E+02 
 8.478373E-01     1.800000E+02       4     2.647935E+00    -1.714996E+02    -2.618847E+00     3.914076E-01 
 8.478373E-01     1.800000E+02       5     6.461908E+03     6.815372E+01     2.404590E+03    -5.997849E+03 
 8.478373E-01     1.800000E+02       6     2.108791E+01     1.212305E+02    -1.093370E+01    -1.803203E+01 
 8.867145E-01     0.000000E+00       1     6.068264E+02    -2.021813E+01     5.694360E+02     2.097163E+02 
 8.867145E-01     0.000000E+00       2     2.223261E-01     7.022684E+01     7.521228E-02    -2.092176E-01 
 8.867145E-01     0.000000E+00       3     2.432805E+02     1.373845E+02    -1.790335E+02    -1.647192E+02 
 8.867145E-01     0.000000E+00       4     2.752445E+00    -4.826108E+01     1.832405E+00     2.053836E+00 
 8.867145E-01     0.000000E+00       5     8.660342E+03    -1.232540E+02    -4.748916E+03     7.242190E+03 
 8.867145E-01     0.000000E+00       6     6.014953E+00    -1.329454E+02    -4.097991E+00     4.402969E+00 
 8.867145E-01     3.000000E+01       1     8.958572E+01     8.145892E+01     1.330514E+01    -8.859219E+01 
 8.867145E-01     3.000000E+01       2     1.251171E+02     1.311813E+02    -8.238255E+01    -9.416693E+01 
 8.867145E-01     3.000000E+01       3     1.681975E+02     1.733920E+02    -1.670802E+02    -1.935542E+01 
 8.867145E-01     3.000000E+01       4     7.280490E+03     2.079563E+01     6.806186E+03    -2.584834E+03 
 8.867145E-01     3.000000E+01       5     7.006258E+03    -9.033664E+01    -4.116461E+01     7.006137E+03 
 8.867145E-01     3.000000E+01       6     2.452400E+04     7.479691E+01     6.431203E+03    -2.366572E+04 
 8.867145E-01     6.000000E+01       1     3.681201E+02     1.686973E+02    -3.609805E+02    -7.214868E+01 
 8.867145E-01     6.000000E+01       2     6.377632E+02     1.686745E+02    -6.253444E+02    -1.252453E+02 
 8.867145E-01     6.000000E+01       3     2.352458E+02    -1.420510E+02    -1.855051E+02     1.446666E+02 
 8.867145E-01     6.000000E+01       4     4.216140E+03     8.140987E+01     6.297441E+02    -4.168844E+03 
 8.867145E-01     6.000000E+01       5     2.432495E+03    -9.855227E+01    -3.617404E+02     2.405447E+03 
 8.867145E-01     6.000000E+01       6     1.483325E+01     1.115188E+02    -5.440920E+00    -1.379933E+01 
 8.867145E-01     9.000000E+01       1     8.660735E+01     1.545322E+02    -7.819144E+01    -3.724154E+01 
 8.867145E-01     9.000000E+01       2     1.266242E+02     1.038615E+02    -3.033613E+01    -1.229366E+02 
 8.867145E-01     9.000000E+01       3     1.682310E+02     1.733879E+02    -1.671120E+02    -1.937123E+01 
 8.867145E-01     9.000000E+01       4     8.124796E+03     6.497272E+01     3.437192E+03    -7.361930E+03 
 8.867145E-01     9.000000E+01       5     6.006011E+03     1.679056E+02    -5.872701E+03    -1.258393E+03 
 8.867145E-01     9.000000E+01       6     2.451120E+04    -1.051926E+02    -6.423509E+03     2.365454E+04 
 8.867145E-01     1.200000E+02       1     3.033903E+02     1.597007E+02    -2.845477E+02    -1.052533E+02 
 8.867145E-01     1.200000E+02       2     5.253306E+02    -2.029533E+01     4.927166E+02     1.822157E+02 
 8.867145E-01     1.200000E+02       3     2.434436E+02     1.373313E+02    -1.790003E+02    -1.649960E+02 
 8.867145E-01     1.200000E+02       4     7.500528E+03     5.680244E+01     4.106746E+03    -6.276349E+03 
 8.867145E-01     1.200000E+02       5     4.331874E+03     5.674734E+01     2.375305E+03    -3.622576E+03 
 8.867145E-01     1.200000E+02       6     2.275758E+01    -1.296018E+02    -1.450677E+01     1.753456E+01 
 8.867145E-01     1.500000E+02       1     1.413333E+02    -6.302818E+01     6.410201E+01     1.259604E+02 
 8.867145E-01     1.500000E+02       2     5.991223E+01     2.867107E+01     5.256630E+01    -2.874472E+01 
 8.867145E-01     1.500000E+02       3     1.679641E+02     1.734190E+02    -1.668574E+02    -1.925000E+01 
 8.867145E-01     1.500000E+02       4     5.837670E+03     1.251649E+02    -3.362099E+03    -4.772282E+03 
 8.867145E-01     1.500000E+02       5     8.250998E+03     4.417662E+01     5.917575E+03    -5.749893E+03 
 8.867145E-01     1.500000E+02       6     2.453267E+04     7.479252E+01     6.435292E+03    -2.367359E+04 
 8.867145E-01     1.800000E+02       1     7.367821E+02    -1.137734E+01     7.223038E+02     1.453447E+02 
 8.867145E-01     1.800000E+02       2     8.578614E-02     1.897441E+01     8.112486E-02    -2.789301E-02 
 8.867145E-01     1.800000E+02       3     2.352914E+02    -1.420593E+02    -1.855620E+02     1.446678E+02 
 8.867145E-01     1.800000E+02       4     2.659694E+00     1.690518E+02    -2.611286E+00    -5.051311E-01 
 8.867145E-01     1.800000E+02       5     4.870147E+03     8.143918E+01     7.249663E+02    -4.815886E+03 
 8.867145E-01     1.800000E+02       6     2.052996E+01     1.265291E+02    -1.222006E+01    -1.649695E+01 
 9.255917E-01     0.000000E+00       1     5.983452E+02    -1.855298E+01     5.672491E+02     1.903823E+02 
 9.255917E-01     0.000000E+00       2     1.895896E-01     8.192612E+01     2.662785E-02    -1.877104E-01 
 9.255917E-01     0.000000E+00       3     2.681346E+02     1.218652E+02    -1.415544E+02    -2.277247E+02 
 9.255917E-01     0.000000E+00       4     2.116492E+00    -7.433466E+01     5.714912E-01     2.037876E+00 
 9.255917E-01     0.000000E+00       5     6.584164E+03    -1.273767E+02    -3.996933E+03     5.232183E+03 
 9.255917E-01     0.000000E+00       6     2.724665E+00    -7.226898E+01     8.297937E-01     2.595235E+00 
 9.255917E-01     3.000000E+01       1     1.574087E+02     7.386480E+01     4.374463E+01    -1.512081E+02 
 9.255917E-01     3.000000E+01       2     1.371281E+02     1.079924E+02    -4.235761E+01    -1.304222E+02 
 9.255917E-01     3.000000E+01       3     8.021616E+01     1.730674E+02    -7.962969E+01    -9.682211E+00 
 9.255917E-01     3.000000E+01       4     7.198994E+03     1.580533E+01     6.926819E+03    -1.960789E+03 
 9.255917E-01     3.000000E+01       5     6.292196E+03    -8.227167E+01     8.461509E+02     6.235043E+03 
 9.255917E-01     3.000000E+01       6     2.222373E+04     7.485794E+01     5.805131E+03    -2.145215E+04 
 9.255917E-01     6.000000E+01       1     3.405868E+02     1.682834E+02    -3.334903E+02    -6.916351E+01 
 9.255917E-01     6.000000E+01       2     5.899210E+02     1.682674E+02    -5.775959E+02    -1.199572E+02 
 9.255917E-01     6.000000E+01       3     2.192285E+02    -1.172495E+02    -1.003774E+02     1.948987E+02 
 9.255917E-01     6.000000E+01       4     3.454527E+03     9.744523E+01    -4.476320E+02    -3.425402E+03 
 9.255917E-01     6.000000E+01       5     1.992314E+03    -8.246703E+01     2.611856E+02     1.975120E+03 
 9.255917E-01     6.000000E+01       6     8.757849E+00     1.384623E+02    -6.555420E+00    -5.807442E+00 
 9.255917E-01     9.000000E+01       1     6.975957E+01     1.476906E+02    -5.895899E+01    -3.728585E+01 
 9.255917E-01     9.000000E+01       2     1.957864E+02     8.525715E+01     1.618837E+01    -1.951160E+02 
 9.255917E-01     9.000000E+01       3     8.029184E+01     1.731026E+02    -7.971075E+01    -9.642411E+00 
 9.255917E-01     9.000000E+01       4     6.941811E+03     6.682873E+01     2.731471E+03    -6.381834E+03 
 9.255917E-01     9.000000E+01       5     6.576550E+03     1.675800E+02    -6.422642E+03    -1.414456E+03 
 9.255917E-01     9.000000E+01       6     2.221826E+04    -1.051043E+02    -5.789549E+03     2.145069E+04 
 9.255917E-01     1.200000E+02       1     2.991875E+02     1.614191E+02    -2.835924E+02    -9.533389E+01 
 9.255917E-01     1.200000E+02       2     5.181135E+02    -1.860978E+01     4.910234E+02     1.653409E+02 
 9.255917E-01     1.200000E+02       3     2.680837E+02     1.218227E+02    -1.413586E+02    -2.277863E+02 
 9.255917E-01     1.200000E+02       4     5.707178E+03     5.271707E+01     3.457132E+03    -4.540939E+03 
 9.255917E-01     1.200000E+02       5     3.295909E+03     5.265639E+01     1.999278E+03    -2.620287E+03 
 9.255917E-01     1.200000E+02       6     2.319694E+01    -1.325212E+02    -1.567794E+01     1.709679E+01 
 9.255917E-01     1.500000E+02       1     1.889551E+02    -8.580075E+01     1.383626E+01     1.884478E+02 
 9.255917E-01     1.500000E+02       2     8.757875E+01     4.757822E+01     5.907915E+01    -6.465054E+01 
 9.255917E-01     1.500000E+02       3     8.011853E+01     1.732705E+02    -7.956654E+01    -9.388494E+00 
 9.255917E-01     1.500000E+02       4     6.087308E+03     1.334979E+02    -4.190065E+03    -4.415730E+03 
 9.255917E-01     1.500000E+02       5     7.378786E+03     4.081289E+01     5.584620E+03    -4.822707E+03 
 9.255917E-01     1.500000E+02       6     2.223654E+04     7.486521E+01     5.805754E+03    -2.146525E+04 
 9.255917E-01     1.800000E+02       1     6.815332E+02    -1.176670E+01     6.672115E+02     1.389831E+02 
 9.255917E-01     1.800000E+02       2     1.049411E-01    -1.205641E+01     1.026264E-01     2.191955E-02 
 9.255917E-01     1.800000E+02       3     2.193876E+02    -1.173215E+02    -1.006951E+02     1.949138E+02 
 9.255917E-01     1.800000E+02       4     2.350780E+00     1.522400E+02    -2.080221E+00    -1.094919E+00 
 9.255917E-01     1.800000E+02       5     3.989872E+03     9.744304E+01    -5.168500E+02    -3.956254E+03 
 9.255917E-01     1.800000E+02       6     2.040754E+01     1.405699E+02    -1.576279E+01    -1.296156E+01 
 9.644689E-01     0.000000E+00       1     5.686661E+02    -1.564046E+01     5.476098E+02     1.533124E+02 
 9.644689E-01     0.000000E+00       2     1.634740E-01     9.062271E+01    -1.776663E-03    -1.634643E-01 
 9.644689E-01     0.000000E+00       3     3.101820E+02     9.821435E+01    -4.431780E+01    -3.069996E+02 
 9.644689E-01     0.000000E+00       4     1.721771E+00    -8.293669E+01     2.117194E-01     1.708704E+00 
 9.644689E-01     0.000000E+00       5     4.726094E+03    -1.311559E+02    -3.110289E+03     3.558379E+03 
 9.644689E-01     0.000000E+00       6     5.088071E+00    -2.709883E+01     4.529513E+00     2.317752E+00 
 9.644689E-01     3.000000E+01       1     2.473357E+02     7.072013E+01     8.166600E+01    -2.334644E+02 
 9.644689E-01     3.000000E+01       2     1.697114E+02     9.013028E+01    -3.858818E-01    -1.697110E+02 
 9.644689E-01     3.000000E+01       3     6.046908E+01    -1.017277E+02    -1.229099E+01     5.920677E+01 
 9.644689E-01     3.000000E+01       4     7.108554E+03     1.148153E+01     6.966305E+03    -1.414972E+03 
 9.644689E-01     3.000000E+01       5     5.658669E+03    -7.628184E+01     1.341931E+03     5.497250E+03 
 9.644689E-01     3.000000E+01       6     1.917428E+04     7.575145E+01     4.719341E+03    -1.858442E+04 
 9.644689E-01     6.000000E+01       1     2.946986E+02     1.685699E+02    -2.888539E+02    -5.840094E+01 
 9.644689E-01     6.000000E+01       2     5.104493E+02     1.685940E+02    -5.003683E+02    -1.009461E+02 
 9.644689E-01     6.000000E+01       3     2.942077E+02    -1.013522E+02    -5.791173E+01     2.884517E+02 
 9.644689E-01     6.000000E+01       4     2.957143E+03     1.135351E+02    -1.180820E+03    -2.711154E+03 
 9.644689E-01     6.000000E+01       5     1.706481E+03    -6.632313E+01     6.852854E+02     1.562838E+03 
 9.644689E-01     6.000000E+01       6     1.081762E+01     1.798055E+02    -1.081756E+01    -3.672322E-02 
 9.644689E-01     9.000000E+01       1     5.162748E+01     1.439311E+02    -4.173100E+01    -3.039605E+01 
 9.644689E-01     9.000000E+01       2     2.942728E+02     7.621869E+01     7.010069E+01    -2.858013E+02 
 9.644689E-01     9.000000E+01       3     6.045153E+01    -1.018133E+02    -1.237581E+01     5.917116E+01 
 9.644689E-01     9.000000E+01       4     5.941663E+03     6.697855E+01     2.323640E+03    -5.468460E+03 
 9.644689E-01     9.000000E+01       5     6.875309E+03     1.672426E+02    -6.705584E+03    -1.518228E+03 
 9.644689E-01     9.000000E+01       6     1.917626E+04    -1.041935E+02    -4.701973E+03     1.859087E+04 
 9.644689E-01     1.200000E+02       1     2.846384E+02     1.643998E+02    -2.741528E+02    -7.654568E+01 
 9.644689E-01     1.200000E+02       2     4.926231E+02    -1.566755E+01     4.743196E+02     1.330354E+02 
 9.644689E-01     1.200000E+02       3     3.099490E+02     9.820975E+01    -4.425991E+01    -3.067726E+02 
 9.644689E-01     1.200000E+02       4     4.103873E+03     4.897628E+01     2.693665E+03    -3.096117E+03 
 9.644689E-01     1.200000E+02       5     2.370181E+03     4.892401E+01     1.557350E+03    -1.786734E+03 
 9.644689E-01     1.200000E+02       6     2.548671E+01    -1.310910E+02    -1.675131E+01     1.920849E+01 
 9.644689E-01     1.500000E+02       1     2.666495E+02    -9.899439E+01    -4.168737E+01     2.633707E+02 
 9.644689E-01     1.500000E+02       2     1.360003E+02     5.851006E+01     7.103959E+01    -1.159718E+02 
 9.644689E-01     1.500000E+02       3     6.063907E+01    -1.017934E+02    -1.239358E+01     5.935904E+01 
 9.644689E-01     1.500000E+02       4     6.156730E+03     1.389012E+02    -4.639570E+03    -4.047186E+03 
 9.644689E-01     1.500000E+02       5     6.686491E+03     3.649166E+01     5.375560E+03    -3.976494E+03 
 9.644689E-01     1.500000E+02       6     1.919196E+04     7.576892E+01     4.718022E+03    -1.860300E+04 
 9.644689E-01     1.800000E+02       1     5.898407E+02    -1.142427E+01     5.781544E+02     1.168313E+02 
 9.644689E-01     1.800000E+02       2     1.466937E-01    -4.131998E+01     1.101719E-01     9.685649E-02 
 9.644689E-01     1.800000E+02       3     2.940171E+02    -1.014467E+02    -5.834933E+01     2.881691E+02 
 9.644689E-01     1.800000E+02       4     2.003597E+00     1.586038E+02    -1.865510E+00    -7.309409E-01 
 9.644689E-01     1.800000E+02       5     3.413017E+03     1.135327E+02    -1.362722E+03    -3.129165E+03 
 9.644689E-01     1.800000E+02       6     2.466519E+01     1.529975E+02    -2.197635E+01    -1.119872E+01 
 1.003346E+00     0.000000E+00       1     5.126935E+02    -1.312469E+01     4.993011E+02     1.164179E+02 
 1.003346E+00     0.000000E+00       2     1.240056E-01     8.094177E+01     1.952323E-02    -1.224591E-01 
 1.003346E+00     0.000000E+00       3     3.009616E+02     7.648624E+01     7.032837E+01    -2.926291E+02 
 1.003346E+00     0.000000E+00       4     2.393716E+00    -8.482350E+01     2.159709E-01     2.383954E+00 
 1.003346E+00     0.000000E+00       5     3.271006E+03    -1.342722E+02    -2.283384E+03     2.342144E+03 
 1.003346E+00     0.000000E+00       6     3.811637E+00    -1.625154E+01     3.659333E+00     1.066705E+00 
 1.003346E+00     3.000000E+01       1     3.574440E+02     7.000485E+01     1.222246E+02    -3.358978E+02 
 1.003346E+00     3.000000E+01       2     2.220570E+02     8.065815E+01     3.604534E+01    -2.191120E+02 
 1.003346E+00     3.000000E+01       3     1.193403E+02    -1.102126E+02    -4.123270E+01     1.119910E+02 
 1.003346E+00     3.000000E+01       4     6.859345E+03     8.098220E+00     6.790943E+03    -9.662792E+02 
 1.003346E+00     3.000000E+01       5     4.930045E+03    -7.234666E+01     1.495071E+03     4.697883E+03 
 1.003346E+00     3.000000E+01       6     1.561294E+04     7.681967E+01     3.560010E+03    -1.520165E+04 
 1.003346E+00     6.000000E+01       1     2.307676E+02     1.686368E+02    -2.262440E+02    -4.546756E+01 
 1.003346E+00     6.000000E+01       2     4.000537E+02     1.686985E+02    -3.922965E+02    -7.839919E+01 
 1.003346E+00     6.000000E+01       3     3.320391E+02    -1.056866E+02    -8.977500E+01     3.196723E+02 
 1.003346E+00     6.000000E+01       4     2.565143E+03     1.294237E+02    -1.628995E+03    -1.981498E+03 
 1.003346E+00     6.000000E+01       5     1.480763E+03    -5.042017E+01     9.434724E+02     1.141280E+03 
 1.003346E+00     6.000000E+01       6     1.386961E+01    -1.704688E+02    -1.367815E+01     2.296589E+00 
 1.003346E+00     9.000000E+01       1     3.756413E+01     1.439327E+02    -3.036406E+01    -2.211532E+01 
 1.003346E+00     9.000000E+01       2     4.178285E+02     7.282692E+01     1.233677E+02    -3.992006E+02 
 1.003346E+00     9.000000E+01       3     1.192799E+02    -1.101858E+02    -4.115941E+01     1.119535E+02 
 1.003346E+00     9.000000E+01       4     5.013196E+03     6.519766E+01     2.102981E+03    -4.550780E+03 
 1.003346E+00     9.000000E+01       5     6.801668E+03     1.671959E+02    -6.632534E+03    -1.507375E+03 
 1.003346E+00     9.000000E+01       6     1.561582E+04    -1.031063E+02    -3.541007E+03     1.520905E+04 
 1.003346E+00     1.200000E+02       1     2.569666E+02     1.669183E+02    -2.502979E+02    -5.816168E+01 
 1.003346E+00     1.200000E+02       2     4.443426E+02    -1.312630E+01     4.327327E+02     1.009094E+02 
 1.003346E+00     1.200000E+02       3     3.008326E+02     7.651168E+01     7.016833E+01    -2.925348E+02 
 1.003346E+00     1.200000E+02       4     2.846400E+03     4.586551E+01     1.982076E+03    -2.042882E+03 
 1.003346E+00     1.200000E+02       5     1.645007E+03     4.582085E+01     1.146412E+03    -1.179741E+03 
 1.003346E+00     1.200000E+02       6     3.010718E+01    -1.351097E+02    -2.132973E+01     2.124818E+01 
 1.003346E+00     1.500000E+02       1     3.695765E+02    -1.046712E+02    -9.360297E+01     3.575266E+02 
 1.003346E+00     1.500000E+02       2     2.001473E+02     6.396264E+01     8.785606E+01    -1.798339E+02 
 1.003346E+00     1.500000E+02       3     1.193106E+02    -1.101649E+02    -4.112911E+01     1.119974E+02 
 1.003346E+00     1.500000E+02       4     5.897858E+03     1.426458E+02    -4.688208E+03    -3.578467E+03 
 1.003346E+00     1.500000E+02       5     6.051910E+03     3.172290E+01     5.147761E+03    -3.182165E+03 
 1.003346E+00     1.500000E+02       6     1.563660E+04     7.683744E+01     3.560684E+03    -1.522580E+04 
 1.003346E+00     1.800000E+02       1     4.623052E+02    -1.132271E+01     4.533073E+02     9.076656E+01 
 1.003346E+00     1.800000E+02       2     2.185990E-01    -6.359935E+01     9.719900E-02     1.958006E-01 
 1.003346E+00     1.800000E+02       3     3.316924E+02    -1.057364E+02    -8.995869E+01     3.192605E+02 
 1.003346E+00     1.800000E+02       4     2.471563E+00     1.616860E+02    -2.346375E+00    -7.766241E-01 
 1.003346E+00     1.800000E+02       5     2.959154E+03     1.294682E+02    -1.880985E+03    -2.284400E+03 
 1.003346E+00     1.800000E+02       6     2.894744E+01     1.549683E+02    -2.622851E+01    -1.224825E+01 
 1.042223E+00     0.000000E+00       1     4.184251E+02    -1.403699E+01     4.059307E+02     1.014883E+02 
 1.042223E+00     0.000000E+00       2     9.654491E-02     2.743141E+01     8.568968E-02    -4.447693E-02 
 1.042223E+00     0.000000E+00       3     2.678548E+02     6.571597E+01     1.101580E+02    -2.441545E+02 
 1.042223E+00     0.000000E+00       4     3.177815E+00    -9.202884E+01    -1.125027E-01     3.175822E+00 
 1.042223E+00     0.000000E+00       5     2.263142E+03    -1.368217E+02    -1.650345E+03     1.548604E+03 
 1.042223E+00     0.000000E+00       6     4.575644E+00     7.080756E+01     1.504207E+00    -4.321329E+00 
 1.042223E+00     3.000000E+01       1     4.853899E+02     6.923395E+01     1.720964E+02    -4.538570E+02 
 1.042223E+00     3.000000E+01       2     2.917080E+02     7.544607E+01     7.330366E+01    -2.823476E+02 
 1.042223E+00     3.000000E+01       3     1.234639E+02    -1.286751E+02    -7.715299E+01     9.638857E+01 
 1.042223E+00     3.000000E+01       4     6.442147E+03     5.835459E+00     6.408763E+03    -6.549859E+02 
 1.042223E+00     3.000000E+01       5     4.070105E+03    -6.917291E+01     1.447122E+03     3.804155E+03 
 1.042223E+00     3.000000E+01       6     1.169260E+04     7.752207E+01     2.526345E+03    -1.141641E+04 
 1.042223E+00     6.000000E+01       1     1.425803E+02     1.687383E+02    -1.398350E+02    -2.784458E+01 
 1.042223E+00     6.000000E+01       2     2.476452E+02     1.688302E+02    -2.429541E+02    -4.797330E+01 
 1.042223E+00     6.000000E+01       3     2.990700E+02    -1.075904E+02    -9.038184E+01     2.850860E+02 
 1.042223E+00     6.000000E+01       4     2.196172E+03     1.472612E+02    -1.847299E+03    -1.187711E+03 
 1.042223E+00     6.000000E+01       5     1.268191E+03    -3.253268E+01     1.069193E+03     6.820086E+02 
 1.042223E+00     6.000000E+01       6     1.485047E+01    -1.618749E+02    -1.411358E+01     4.619873E+00 
 1.042223E+00     9.000000E+01       1     2.912101E+01     1.420197E+02    -2.295381E+01    -1.792081E+01 
 1.042223E+00     9.000000E+01       2     5.644052E+02     7.085925E+01     1.850627E+02    -5.332026E+02 
 1.042223E+00     9.000000E+01       3     1.234333E+02    -1.285909E+02    -7.699223E+01     9.647791E+01 
 1.042223E+00     9.000000E+01       4     4.114766E+03     6.166374E+01     1.953055E+03    -3.621723E+03 
 1.042223E+00     9.000000E+01       5     6.418519E+03     1.680260E+02    -6.278864E+03    -1.331634E+03 
 1.042223E+00     9.000000E+01       6     1.169498E+04    -1.023536E+02    -2.502069E+03     1.142419E+04 
 1.042223E+00     1.200000E+02       1     2.097836E+02     1.660082E+02    -2.035594E+02    -5.072205E+01 
 1.042223E+00     1.200000E+02       2     3.628135E+02    -1.398515E+01     3.520591E+02     8.768125E+01 
 1.042223E+00     1.200000E+02       3     2.679225E+02     6.574491E+01     1.100625E+02    -2.442718E+02 
 1.042223E+00     1.200000E+02       4     1.972401E+03     4.333144E+01     1.434717E+03    -1.353497E+03 
 1.042223E+00     1.200000E+02       5     1.141330E+03     4.328007E+01     8.309014E+02    -7.824562E+02 
 1.042223E+00     1.200000E+02       6     3.397047E+01    -1.456066E+02    -2.803171E+01     1.918897E+01 
 1.042223E+00     1.500000E+02       1     4.952796E+02    -1.077884E+02    -1.513092E+02     4.716009E+02 
 1.042223E+00     1.500000E+02       2     2.744390E+02     6.586002E+01     1.122366E+02    -2.504390E+02 
 1.042223E+00     1.500000E+02       3     1.233531E+02    -1.285350E+02    -7.684806E+01     9.649020E+01 
 1.042223E+00     1.500000E+02       4     5.352650E+03     1.463960E+02    -4.458129E+03    -2.962424E+03 
 1.042223E+00     1.500000E+02       5     5.427847E+03     2.696041E+01     4.837948E+03    -2.460848E+03 
 1.042223E+00     1.500000E+02       6     1.172294E+04     7.749959E+01     2.537392E+03    -1.144504E+04 
 1.042223E+00     1.800000E+02       1     2.858168E+02    -1.114944E+01     2.804224E+02     5.526802E+01 
 1.042223E+00     1.800000E+02       2     3.447549E-01    -7.887558E+01     6.651707E-02     3.382772E-01 
 1.042223E+00     1.800000E+02       3     2.988282E+02    -1.076086E+02    -9.039963E+01     2.848266E+02 
 1.042223E+00     1.800000E+02       4     2.579027E+00     1.665690E+02    -2.508491E+00    -5.990419E-01 
 1.042223E+00     1.800000E+02       5     2.534388E+03     1.473827E+02    -2.134689E+03    -1.366098E+03 
 1.042223E+00     1.800000E+02       6     2.965643E+01     1.532094E+02    -2.647311E+01    -1.336706E+01 
 1.081101E+00     0.000000E+00       1     2.631684E+02    -2.462470E+01     2.392349E+02     1.096551E+02 
 1.081101E+00     0.000000E+00       2     2.076308E-01    -1.916988E+01     1.961175E-01     6.817975E-02 
 1.081101E+00     0.000000E+00       3     2.367402E+02     6.149517E+01     1.129802E+02    -2.080418E+02 
 1.081101E+00     0.000000E+00       4     3.943917E+00    -9.798548E+01    -5.478973E-01     3.905674E+00 
 1.081101E+00     0.000000E+00       5     1.697272E+03    -1.389508E+02    -1.279991E+03     1.114609E+03 
 1.081101E+00     0.000000E+00       6     1.124115E+01     7.955514E+01     2.037898E+00    -1.105488E+01 
 1.081101E+00     3.000000E+01       1     6.102662E+02     6.577011E+01     2.504525E+02    -5.565055E+02 
 1.081101E+00     3.000000E+01       2     3.649568E+02     6.937825E+01     1.285367E+02    -3.415725E+02 
 1.081101E+00     3.000000E+01       3     1.128074E+02    -1.448312E+02    -9.221536E+01     6.497560E+01 
 1.081101E+00     3.000000E+01       4     5.818619E+03     4.020913E+00     5.804297E+03    -4.080050E+02 
 1.081101E+00     3.000000E+01       5     3.183255E+03    -6.345888E+01     1.422406E+03     2.847784E+03 
 1.081101E+00     3.000000E+01       6     7.728710E+03     7.836982E+01     1.558060E+03    -7.570033E+03 
 1.081101E+00     6.000000E+01       1     3.458114E+01    -1.575813E+02    -3.196756E+01     1.318827E+01 
 1.081101E+00     6.000000E+01       2     6.072440E+01    -1.580069E+02    -5.630544E+01     2.274094E+01 
 1.081101E+00     6.000000E+01       3     2.530078E+02    -1.042798E+02    -6.240612E+01     2.451905E+02 
 1.081101E+00     6.000000E+01       4     2.068205E+03     1.695670E+02    -2.034013E+03    -3.745211E+02 
 1.081101E+00     6.000000E+01       5     1.196018E+03    -1.020573E+01     1.177094E+03     2.119142E+02 
 1.081101E+00     6.000000E+01       6     1.665974E+01    -1.497683E+02    -1.439396E+01     8.388145E+00 
 1.081101E+00     9.000000E+01       1     2.279414E+01     1.283974E+02    -1.415771E+01    -1.786427E+01 
 1.081101E+00     9.000000E+01       2     7.099735E+02     6.673967E+01     2.803752E+02    -6.522669E+02 
 1.081101E+00     9.000000E+01       3     1.128050E+02    -1.446968E+02    -9.206082E+01     6.519036E+01 
 1.081101E+00     9.000000E+01       4     3.151210E+03     5.793893E+01     1.672734E+03    -2.670597E+03 
 1.081101E+00     9.000000E+01       5     5.841517E+03     1.694559E+02    -5.742879E+03    -1.068956E+03 
 1.081101E+00     9.000000E+01       6     7.734921E+03    -1.013941E+02    -1.528085E+03     7.582477E+03 
 1.081101E+00     1.200000E+02       1     1.318944E+02     1.555384E+02    -1.200554E+02    -5.461534E+01 
 1.081101E+00     1.200000E+02       2     2.284326E+02    -2.445331E+01     2.079419E+02     9.456005E+01 
 1.081101E+00     1.200000E+02       3     2.370090E+02     6.151642E+01     1.130312E+02    -2.083200E+02 
 1.081101E+00     1.200000E+02       4     1.479133E+03     4.124851E+01     1.112097E+03    -9.752312E+02 
 1.081101E+00     1.200000E+02       5     8.578430E+02     4.114501E+01     6.459959E+02    -5.644324E+02 
 1.081101E+00     1.200000E+02       6     3.836250E+01    -1.648883E+02    -3.703590E+01     1.000119E+01 
 1.081101E+00     1.500000E+02       1     6.217207E+02    -1.125987E+02    -2.389109E+02     5.739845E+02 
 1.081101E+00     1.500000E+02       2     3.454263E+02     6.385383E+01     1.522165E+02    -3.100798E+02 
 1.081101E+00     1.500000E+02       3     1.126278E+02    -1.446104E+02    -9.181797E+01     6.522648E+01 
 1.081101E+00     1.500000E+02       4     4.711734E+03     1.513351E+02    -4.134265E+03    -2.260151E+03 
 1.081101E+00     1.500000E+02       5     4.667619E+03     2.223520E+01     4.320527E+03    -1.766272E+03 
 1.081101E+00     1.500000E+02       6     7.759406E+03     7.816075E+01     1.591971E+03    -7.594340E+03 
 1.081101E+00     1.800000E+02       1     7.036499E+01     2.291011E+01     6.481437E+01    -2.739214E+01 
 1.081101E+00     1.800000E+02       2     5.650092E-01    -9.763618E+01    -7.507969E-02     5.599986E-01 
 1.081101E+00     1.800000E+02       3     2.529452E+02    -1.042841E+02    -6.240915E+01     2.451252E+02 
 1.081101E+00     1.800000E+02       4     3.276486E+00     1.789537E+02    -3.275940E+00    -5.983200E-02 
 1.081101E+00     1.800000E+02       5     2.391633E+03     1.697044E+02    -2.353125E+03    -4.274485E+02 
 1.081101E+00     1.800000E+02       6     2.339442E+01     1.517827E+02    -2.061425E+01    -1.106126E+01 
 1.119978E+00     0.000000E+00       1     8.587014E+01    -8.494858E+01     7.560847E+00     8.553662E+01 
 1.119978E+00     0.000000E+00       2     3.448462E-01    -4.704745E+01     2.349756E-01     2.523993E-01 
 1.119978E+00     0.000000E+00       3     2.058000E+02     6.005139E+01     1.027401E+02    -1.783203E+02 
 1.119978E+00     0.000000E+00       4     4.318815E+00    -1.095942E+02    -1.448345E+00     4.068717E+00 
 1.119978E+00     0.000000E+00       5     1.532920E+03    -1.475065E+02    -1.292946E+03     8.234902E+02 
 1.119978E+00     0.000000E+00       6     1.289550E+01     5.786108E+01     6.860069E+00    -1.091940E+01 
 1.119978E+00     3.000000E+01       1     6.621974E+02     5.946573E+01     3.364318E+02    -5.703675E+02 
 1.119978E+00     3.000000E+01       2     3.950844E+02     6.096487E+01     1.917526E+02    -3.454311E+02 
 1.119978E+00     3.000000E+01       3     1.046072E+02    -1.594945E+02    -9.797914E+01     3.664371E+01 
 1.119978E+00     3.000000E+01       4     4.880158E+03     3.372288E+00     4.871708E+03    -2.870682E+02 
 1.119978E+00     3.000000E+01       5     2.656308E+03    -5.192618E+01     1.638082E+03     2.091091E+03 
 1.119978E+00     3.000000E+01       6     4.432529E+03     8.187287E+01     6.266270E+02    -4.388012E+03 
 1.119978E+00     6.000000E+01       1     1.100408E+02    -5.906709E+01     5.656469E+01     9.438964E+01 
 1.119978E+00     6.000000E+01       2     1.898596E+02    -5.910400E+01     9.748940E+01     1.629187E+02 
 1.119978E+00     6.000000E+01       3     2.121095E+02    -9.763230E+01    -2.817136E+01     2.102304E+02 
 1.119978E+00     6.000000E+01       4     2.256521E+03    -1.767840E+02    -2.252967E+03     1.265897E+02 
 1.119978E+00     6.000000E+01       5     1.305773E+03     3.368134E+00     1.303517E+03    -7.671569E+01 
 1.119978E+00     6.000000E+01       6     2.202027E+01    -1.506050E+02    -1.918530E+01     1.080817E+01 
 1.119978E+00     9.000000E+01       1     1.415120E+01     9.945618E+01    -2.324946E+00    -1.395891E+01 
 1.119978E+00     9.000000E+01       2     7.710447E+02     5.990566E+01     3.866214E+02    -6.671086E+02 
 1.119978E+00     9.000000E+01       3     1.046515E+02    -1.593317E+02    -9.791606E+01     3.693757E+01 
 1.119978E+00     9.000000E+01       4     2.204582E+03     6.243182E+01     1.020289E+03    -1.954276E+03 
 1.119978E+00     9.000000E+01       5     5.103416E+03     1.710210E+02    -5.040877E+03    -7.965028E+02 
 1.119978E+00     9.000000E+01       6     4.453869E+03    -9.777472E+01    -6.025125E+02     4.412928E+03 
 1.119978E+00     1.200000E+02       1     4.259670E+01     9.565267E+01    -4.195682E+00    -4.238956E+01 
 1.119978E+00     1.200000E+02       2     7.417327E+01    -8.437775E+01     7.266709E+00     7.381645E+01 
 1.119978E+00     1.200000E+02       3     2.062944E+02     6.004819E+01     1.029969E+02    -1.787429E+02 
 1.119978E+00     1.200000E+02       4     1.332445E+03     3.279278E+01     1.120099E+03    -7.216551E+02 
 1.119978E+00     1.200000E+02       5     7.736242E+02     3.256844E+01     6.519711E+02    -4.164470E+02 
 1.119978E+00     1.200000E+02       6     4.111340E+01     1.598279E+02    -3.859155E+01    -1.417760E+01 
 1.119978E+00     1.500000E+02       1     6.736218E+02    -1.199435E+02    -3.362355E+02     5.837055E+02 
 1.119978E+00     1.500000E+02       2     3.755218E+02     5.870674E+01     1.950530E+02    -3.208909E+02 
 1.119978E+00     1.500000E+02       3     1.044149E+02    -1.592177E+02    -9.762120E+01     3.704825E+01 
 1.119978E+00     1.500000E+02       4     4.197242E+03     1.566230E+02    -3.852706E+03    -1.665380E+03 
 1.119978E+00     1.500000E+02       5     3.633188E+03     2.074148E+01     3.397713E+03    -1.286701E+03 
 1.119978E+00     1.500000E+02       6     4.437227E+03     8.109297E+01     6.870226E+02    -4.383718E+03 
 1.119978E+00     1.800000E+02       1     2.203477E+02     1.204931E+02    -1.118122E+02    -1.898714E+02 
 1.119978E+00     1.800000E+02       2     8.313958E-01    -1.258759E+02    -4.872241E-01     6.736703E-01 
 1.119978E+00     1.800000E+02       3     2.122150E+02    -9.765895E+01    -2.828320E+01     2.103218E+02 
 1.119978E+00     1.800000E+02       4     4.383188E+00     1.763743E+02    -4.374415E+00    -2.771824E-01 
 1.119978E+00     1.800000E+02       5     2.610300E+03    -1.767607E+02    -2.606130E+03     1.474969E+02 
 1.119978E+00     1.800000E+02       6     1.598537E+01    -1.752880E+02    -1.593135E+01     1.313153E+00 
 1.158855E+00     0.000000E+00       1     1.788071E+02    -1.761718E+02    -1.784082E+02     1.193805E+01 
 1.158855E+00     0.000000E+00       2     2.743184E-01    -6.067412E+01     1.343547E-01     2.391640E-01 
 1.158855E+00     0.000000E+00       3     1.728988E+02     5.985114E+01     8.683814E+01    -1.495096E+02 
 1.158855E+00     0.000000E+00       4     3.520550E+00    -1.201356E+02    -1.767483E+00     3.044712E+00 
 1.158855E+00     0.000000E+00       5     1.491826E+03    -1.677133E+02    -1.457656E+03     3.174657E+02 
 1.158855E+00     0.000000E+00       6     6.724221E+00     2.137801E+01     6.261566E+00    -2.451109E+00 
 1.158855E+00     3.000000E+01       1     5.967071E+02     5.603601E+01     3.333634E+02    -4.949022E+02 
 1.158855E+00     3.000000E+01       2     3.460936E+02     5.623064E+01     1.923765E+02    -2.877013E+02 
 1.158855E+00     3.000000E+01       3     1.010628E+02    -1.714472E+02    -9.993894E+01     1.503007E+01 
 1.158855E+00     3.000000E+01       4     3.822525E+03     7.310279E+00     3.791454E+03    -4.863878E+02 
 1.158855E+00     3.000000E+01       5     2.600008E+03    -4.481438E+01     1.844430E+03     1.832518E+03 
 1.158855E+00     3.000000E+01       6     2.529919E+03     8.906950E+01     4.108463E+01    -2.529585E+03 
 1.158855E+00     6.000000E+01       1     1.841354E+02    -6.361661E+01     8.182526E+01     1.649559E+02 
 1.158855E+00     6.000000E+01       2     3.189484E+02    -6.355283E+01     1.420509E+02     2.855690E+02 
 1.158855E+00     6.000000E+01       3     1.795491E+02    -8.909747E+01     2.828170E+00     1.795269E+02 
 1.158855E+00     6.000000E+01       4     2.154589E+03    -1.743608E+02    -2.144162E+03     2.117169E+02 
 1.158855E+00     6.000000E+01       5     1.245350E+03     5.717555E+00     1.239154E+03    -1.240675E+02 
 1.158855E+00     6.000000E+01       6     2.324310E+01    -1.718766E+02    -2.300988E+01     3.284386E+00 
 1.158855E+00     9.000000E+01       1     1.654154E+00     1.129555E+02    -6.451462E-01    -1.523158E+00 
 1.158855E+00     9.000000E+01       2     6.906337E+02     5.612882E+01     3.849091E+02    -5.734282E+02 
 1.158855E+00     9.000000E+01       3     1.011607E+02    -1.712985E+02    -9.999630E+01     1.530425E+01 
 1.158855E+00     9.000000E+01       4     1.853358E+03     8.067191E+01     3.004062E+02    -1.828850E+03 
 1.158855E+00     9.000000E+01       5     4.233969E+03     1.733103E+02    -4.205143E+03    -4.932243E+02 
 1.158855E+00     9.000000E+01       6     2.555183E+03    -9.088870E+01    -3.963114E+01     2.554875E+03 
 1.158855E+00     1.200000E+02       1     8.913346E+01     3.690272E+00     8.894865E+01    -5.736886E+00 
 1.158855E+00     1.200000E+02       2     1.546162E+02    -1.762454E+02    -1.542843E+02     1.012468E+01 
 1.158855E+00     1.200000E+02       3     1.735498E+02     5.978467E+01     8.733915E+01    -1.499713E+02 
 1.158855E+00     1.200000E+02       4     1.292257E+03     1.263333E+01     1.260971E+03    -2.826309E+02 
 1.158855E+00     1.200000E+02       5     7.496811E+02     1.237122E+01     7.322736E+02    -1.606152E+02 
 1.158855E+00     1.200000E+02       6     4.212048E+01     1.145331E+02    -1.748923E+01    -3.831790E+01 
 1.158855E+00     1.500000E+02       1     5.985991E+02    -1.239461E+02    -3.342651E+02     4.965760E+02 
 1.158855E+00     1.500000E+02       2     3.438454E+02     5.594510E+01     1.925490E+02    -2.848764E+02 
 1.158855E+00     1.500000E+02       3     1.009282E+02    -1.711772E+02    -9.973393E+01     1.548027E+01 
 1.158855E+00     1.500000E+02       4     3.738473E+03     1.590081E+02    -3.490356E+03    -1.339253E+03 
 1.158855E+00     1.500000E+02       5     2.709568E+03     2.955622E+01     2.356978E+03    -1.336569E+03 
 1.158855E+00     1.500000E+02       6     2.486723E+03     8.762471E+01     1.030616E+02    -2.484586E+03 
 1.158855E+00     1.800000E+02       1     3.686065E+02     1.162071E+02    -1.627829E+02    -3.307151E+02 
 1.158855E+00     1.800000E+02       2     8.912087E-01    -1.553132E+02    -8.097563E-01     3.722199E-01 
 1.158855E+00     1.800000E+02       3     1.796570E+02    -8.918100E+01     2.567976E+00     1.796387E+02 
 1.158855E+00     1.800000E+02       4     4.477256E+00     1.751317E+02    -4.461104E+00    -3.799663E-01 
 1.158855E+00     1.800000E+02       5     2.488266E+03    -1.743603E+02    -2.476222E+03     2.445271E+02 
 1.158855E+00     1.800000E+02       6     2.503097E+01    -1.509683E+02    -2.188585E+01     1.214738E+01 
 1.197732E+00     0.000000E+00       1     2.702108E+02     1.743415E+02    -2.688941E+02    -2.664262E+01 
 1.197732E+00     0.000000E+00       2     2.395148E-01    -1.580804E+01     2.304563E-01     6.524750E-02 
 1.197732E+00     0.000000E+00       3     1.392268E+02     6.044229E+01     6.868059E+01    -1.211077E+02 
 1.197732E+00     0.000000E+00       4     2.792214E+00    -1.191051E+02    -1.358169E+00     2.439639E+00 
 1.197732E+00     0.000000E+00       5     1.443108E+03     1.704537E+02    -1.423124E+03    -2.393309E+02 
 1.197732E+00     0.000000E+00       6     5.239994E+00    -7.191117E+01     1.626972E+00     4.981014E+00 
 1.197732E+00     3.000000E+01       1     4.888736E+02     5.968850E+01     2.467349E+02    -4.220418E+02 
 1.197732E+00     3.000000E+01       2     2.707576E+02     6.314139E+01     1.223256E+02    -2.415494E+02 
 1.197732E+00     3.000000E+01       3     9.922361E+01    -1.793989E+02    -9.921815E+01     1.040942E+00 
 1.197732E+00     3.000000E+01       4     3.018908E+03     1.716677E+01     2.884415E+03    -8.910430E+02 
 1.197732E+00     3.000000E+01       5     2.489108E+03    -4.595564E+01     1.730465E+03     1.789175E+03 
 1.197732E+00     3.000000E+01       6     2.147042E+03     8.953978E+01     1.724560E+01    -2.146973E+03 
 1.197732E+00     6.000000E+01       1     1.951814E+02    -6.449385E+01     8.404667E+01     1.761589E+02 
 1.197732E+00     6.000000E+01       2     3.388161E+02    -6.449407E+01     1.458957E+02     3.057954E+02 
 1.197732E+00     6.000000E+01       3     1.546898E+02    -8.000456E+01     2.684949E+01     1.523419E+02 
 1.197732E+00     6.000000E+01       4     1.665252E+03    -1.722134E+02    -1.649897E+03     2.256160E+02 
 1.197732E+00     6.000000E+01       5     9.600146E+02     7.817490E+00     9.510925E+02    -1.305793E+02 
 1.197732E+00     6.000000E+01       6     1.839916E+01     1.566982E+02    -1.689841E+01    -7.278251E+00 
 1.197732E+00     9.000000E+01       1     1.825223E+01    -1.748030E+02    -1.817720E+01     1.653284E+00 
 1.197732E+00     9.000000E+01       2     5.595775E+02     6.053757E+01     2.752297E+02    -4.872121E+02 
 1.197732E+00     9.000000E+01       3     9.937043E+01    -1.792867E+02    -9.936273E+01     1.237135E+00 
 1.197732E+00     9.000000E+01       4     1.994812E+03     9.163184E+01    -5.680636E+01    -1.994003E+03 
 1.197732E+00     9.000000E+01       5     3.362324E+03     1.779941E+02    -3.360264E+03    -1.176903E+02 
 1.197732E+00     9.000000E+01       6     2.156190E+03    -9.086006E+01    -3.236501E+01     2.155947E+03 
 1.197732E+00     1.200000E+02       1     1.353243E+02    -5.710260E+00     1.346528E+02     1.346448E+01 
 1.197732E+00     1.200000E+02       2     2.342968E+02     1.742718E+02    -2.331269E+02    -2.338493E+01 
 1.197732E+00     1.200000E+02       3     1.398856E+02     6.028235E+01     6.934495E+01    -1.214877E+02 
 1.197732E+00     1.200000E+02       4     1.247100E+03    -9.304161E+00     1.230693E+03     2.016255E+02 
 1.197732E+00     1.200000E+02       5     7.227993E+02    -9.488052E+00     7.129114E+02     1.191476E+02 
 1.197732E+00     1.200000E+02       6     4.373997E+01     7.661854E+01     1.012288E+01    -4.255247E+01 
 1.197732E+00     1.500000E+02       1     4.800491E+02    -1.186604E+02    -2.302398E+02     4.212325E+02 
 1.197732E+00     1.500000E+02       2     2.885516E+02     5.802918E+01     1.527844E+02    -2.447835E+02 
 1.197732E+00     1.500000E+02       3     9.918977E+01    -1.791761E+02    -9.917951E+01     1.426344E+00 
 1.197732E+00     1.500000E+02       4     3.137309E+03     1.595259E+02    -2.939125E+03    -1.097383E+03 
 1.197732E+00     1.500000E+02       5     2.332772E+03     4.569031E+01     1.629526E+03    -1.669272E+03 
 1.197732E+00     1.500000E+02       6     2.081382E+03     8.827377E+01     6.269910E+01    -2.080438E+03 
 1.197732E+00     1.800000E+02       1     3.914791E+02     1.154201E+02    -1.680429E+02    -3.535781E+02 
 1.197732E+00     1.800000E+02       2     7.812792E-01    -1.747818E+02    -7.780413E-01     7.105619E-02 
 1.197732E+00     1.800000E+02       3     1.546638E+02    -8.013429E+01     2.650003E+01     1.523767E+02 
 1.197732E+00     1.800000E+02       4     4.978372E+00    -1.785207E+02    -4.976713E+00     1.285169E-01 
 1.197732E+00     1.800000E+02       5     1.920990E+03    -1.721297E+02    -1.902896E+03     2.630447E+02 
 1.197732E+00     1.800000E+02       6     2.915721E+01    -1.540116E+02    -2.620891E+01     1.277638E+01 
 1.236609E+00     0.000000E+00       1     2.973300E+02     1.778509E+02    -2.971209E+02    -1.114980E+01 
 1.236609E+00     0.000000E+00       2     4.178460E-01    -1.076185E+01     4.104968E-01     7.802323E-02 
 1.236609E+00     0.000000E+00       3     1.090523E+02     6.195976E+01     5.126457E+01    -9.625149E+01 
 1.236609E+00     0.000000E+00       4     2.797838E+00    -1.277301E+02    -1.712116E+00     2.212816E+00 
 1.236609E+00     0.000000E+00       5     1.428653E+03     1.552348E+02    -1.297263E+03    -5.984628E+02 
 1.236609E+00     0.000000E+00       6     1.353252E+01    -8.994377E+01     1.328069E-02     1.353252E+01 
 1.236609E+00     3.000000E+01       1     3.913416E+02     6.716296E+01     1.518841E+02    -3.606653E+02 
 1.236609E+00     3.000000E+01       2     2.386055E+02     7.860811E+01     4.712900E+01    -2.339047E+02 
 1.236609E+00     3.000000E+01       3     9.544247E+01     1.775791E+02    -9.535729E+01    -4.031481E+00 
 1.236609E+00     3.000000E+01       4     2.631270E+03     2.937626E+01     2.292933E+03    -1.290750E+03 
 1.236609E+00     3.000000E+01       5     2.176507E+03    -4.898380E+01     1.428381E+03     1.642227E+03 
 1.236609E+00     3.000000E+01       6     3.230968E+03     8.290054E+01     3.993224E+02    -3.206196E+03 
 1.236609E+00     6.000000E+01       1     1.813724E+02    -5.600043E+01     1.014210E+02     1.503653E+02 
 1.236609E+00     6.000000E+01       2     3.148711E+02    -5.613583E+01     1.754543E+02     2.614566E+02 
 1.236609E+00     6.000000E+01       3     1.355926E+02    -7.221617E+01     4.141358E+01     1.291134E+02 
 1.236609E+00     6.000000E+01       4     1.052622E+03    -1.630854E+02    -1.007085E+03     3.062570E+02 
 1.236609E+00     6.000000E+01       5     6.019960E+02     1.702848E+01     5.756041E+02    -1.762927E+02 
 1.236609E+00     6.000000E+01       6     1.441978E+01     1.075152E+02    -4.339760E+00    -1.375124E+01 
 1.236609E+00     9.000000E+01       1     4.218261E+01     1.473364E+02    -3.551160E+01    -2.276617E+01 
 1.236609E+00     9.000000E+01       2     4.572418E+02     7.013194E+01     1.553961E+02    -4.300258E+02 
 1.236609E+00     9.000000E+01       3     9.563102E+01     1.776409E+02    -9.554997E+01    -3.936428E+00 
 1.236609E+00     9.000000E+01       4     2.070752E+03     9.259267E+01    -9.367086E+01    -2.068633E+03 
 1.236609E+00     9.000000E+01       5     2.715028E+03    -1.735025E+02    -2.697589E+03     3.072312E+02 
 1.236609E+00     9.000000E+01       6     3.223870E+03    -9.747062E+01    -4.191607E+02     3.196505E+03 
 1.236609E+00     1.200000E+02       1     1.492116E+02    -2.262025E+00     1.490954E+02     5.889312E+00 
 1.236609E+00     1.200000E+02       2     2.581268E+02     1.777720E+02    -2.579317E+02    -1.003493E+01 
 1.236609E+00     1.200000E+02       3     1.095990E+02     6.169286E+01     5.197160E+01    -9.649292E+01 
 1.236609E+00     1.200000E+02       4     1.234642E+03    -2.464443E+01     1.122183E+03     5.148282E+02 
 1.236609E+00     1.200000E+02       5     7.160779E+02    -2.468690E+01     6.506310E+02     2.990766E+02 
 1.236609E+00     1.200000E+02       6     4.122509E+01     5.327965E+01     2.464889E+01    -3.304452E+01 
 1.236609E+00     1.500000E+02       1     4.019558E+02    -1.071102E+02    -1.182593E+02     3.841656E+02 
 1.236609E+00     1.500000E+02       2     2.232531E+02     6.105200E+01     1.080580E+02    -1.953597E+02 
 1.236609E+00     1.500000E+02       3     9.556312E+01     1.777157E+02    -9.548718E+01    -3.808997E+00 
 1.236609E+00     1.500000E+02       4     2.503863E+03     1.620947E+02    -2.382591E+03    -7.697983E+02 
 1.236609E+00     1.500000E+02       5     2.321268E+03     5.683201E+01     1.269956E+03    -1.943064E+03 
 1.236609E+00     1.500000E+02       6     3.172105E+03     8.220593E+01     4.301790E+02    -3.142801E+03 
 1.236609E+00     1.800000E+02       1     3.645473E+02     1.238369E+02    -2.029910E+02    -3.028026E+02 
 1.236609E+00     1.800000E+02       2     6.978361E-01     1.671660E+02    -6.804026E-01    -1.550079E-01 
 1.236609E+00     1.800000E+02       3     1.353943E+02    -7.233489E+01     4.108581E+01     1.290100E+02 
 1.236609E+00     1.800000E+02       4     5.224178E+00     1.719998E+02    -5.173334E+00    -7.270823E-01 
 1.236609E+00     1.800000E+02       5     1.214815E+03    -1.628233E+02    -1.160632E+03     3.587582E+02 
 1.236609E+00     1.800000E+02       6     2.386947E+01    -1.560703E+02    -2.181774E+01     9.681829E+00 
 1.275487E+00     0.000000E+00       1     2.822153E+02    -1.736513E+02    -2.804846E+02     3.120717E+01 
 1.275487E+00     0.000000E+00       2     4.613233E-01    -4.815287E+01     3.077698E-01     3.436524E-01 
 1.275487E+00     0.000000E+00       3     9.090404E+01     5.987193E+01     4.562787E+01    -7.862341E+01 
 1.275487E+00     0.000000E+00       4     4.224142E+00    -1.526463E+02    -3.751826E+00     1.940921E+00 
 1.275487E+00     0.000000E+00       5     1.442372E+03     1.471225E+02    -1.211352E+03    -7.829837E+02 
 1.275487E+00     0.000000E+00       6     2.453326E+01    -1.059385E+02    -6.736974E+00     2.359012E+01 
 1.275487E+00     3.000000E+01       1     2.930244E+02     7.534365E+01     7.414134E+01    -2.834897E+02 
 1.275487E+00     3.000000E+01       2     2.327235E+02     8.580730E+01     1.701469E+01    -2.321007E+02 
 1.275487E+00     3.000000E+01       3     9.485972E+01    -1.782573E+02    -9.481585E+01     2.884822E+00 
 1.275487E+00     3.000000E+01       4     2.498150E+03     3.549916E+01     2.033804E+03    -1.450653E+03 
 1.275487E+00     3.000000E+01       5     1.773077E+03    -4.962845E+01     1.148496E+03     1.350837E+03 
 1.275487E+00     3.000000E+01       6     5.751995E+03     7.926364E+01     1.071540E+03    -5.651305E+03 
 1.275487E+00     6.000000E+01       1     1.753896E+02    -4.322870E+01     1.277934E+02     1.201265E+02 
 1.275487E+00     6.000000E+01       2     3.037403E+02    -4.336361E+01     2.208225E+02     2.085559E+02 
 1.275487E+00     6.000000E+01       3     1.131704E+02    -6.906455E+01     4.043758E+01     1.056993E+02 
 1.275487E+00     6.000000E+01       4     6.328887E+02    -1.338233E+02    -4.382351E+02     4.566159E+02 
 1.275487E+00     6.000000E+01       5     3.611320E+02     4.748773E+01     2.440343E+02    -2.662022E+02 
 1.275487E+00     6.000000E+01       6     1.707190E+01     3.815937E+01     1.342355E+01    -1.054789E+01 
 1.275487E+00     9.000000E+01       1     6.348874E+01     1.102080E+02    -2.193090E+01    -5.958066E+01 
 1.275487E+00     9.000000E+01       2     3.693991E+02     7.866789E+01     7.258534E+01    -3.621975E+02 
 1.275487E+00     9.000000E+01       3     9.501571E+01    -1.782704E+02    -9.497242E+01     2.867779E+00 
 1.275487E+00     9.000000E+01       4     1.901290E+03     8.950414E+01     1.645418E+01    -1.901218E+03 
 1.275487E+00     9.000000E+01       5     2.413673E+03    -1.657950E+02    -2.339872E+03     5.922978E+02 
 1.275487E+00     9.000000E+01       6     5.726696E+03    -1.008199E+02    -1.075033E+03     5.624887E+03 
 1.275487E+00     1.200000E+02       1     1.413331E+02     6.207139E+00     1.405045E+02    -1.528139E+01 
 1.275487E+00     1.200000E+02       2     2.450146E+02    -1.737112E+02    -2.435402E+02     2.683870E+01 
 1.275487E+00     1.200000E+02       3     9.131423E+01     5.957928E+01     4.623657E+01    -7.874305E+01 
 1.275487E+00     1.200000E+02       4     1.250590E+03    -3.284743E+01     1.050643E+03     6.783250E+02 
 1.275487E+00     1.200000E+02       5     7.295196E+02    -3.286905E+01     6.127331E+02     3.959255E+02 
 1.275487E+00     1.200000E+02       6     3.119921E+01     5.957972E+01     1.579738E+01    -2.690415E+01 
 1.275487E+00     1.500000E+02       1     3.472913E+02    -9.884298E+01    -5.338807E+01     3.431632E+02 
 1.275487E+00     1.500000E+02       2     1.410066E+02     6.680687E+01     5.553286E+01    -1.296108E+02 
 1.275487E+00     1.500000E+02       3     9.503966E+01    -1.782953E+02    -9.499759E+01     2.827325E+00 
 1.275487E+00     1.500000E+02       4     2.057807E+03     1.676967E+02    -2.010547E+03    -4.384904E+02 
 1.275487E+00     1.500000E+02       5     2.267647E+03     5.854781E+01     1.183229E+03    -1.934475E+03 
 1.275487E+00     1.500000E+02       6     5.713885E+03     7.888195E+01     1.101815E+03    -5.606647E+03 
 1.275487E+00     1.800000E+02       1     3.519757E+02     1.365099E+02    -2.553562E+02    -2.422397E+02 
 1.275487E+00     1.800000E+02       2     5.214503E-01     1.311068E+02    -3.428349E-01    -3.929053E-01 
 1.275487E+00     1.800000E+02       3     1.129229E+02    -6.909272E+01     4.029729E+01     1.054879E+02 
 1.275487E+00     1.800000E+02       4     3.030220E+00     1.523457E+02    -2.684059E+00    -1.406435E+00 
 1.275487E+00     1.800000E+02       5     7.351622E+02    -1.336108E+02    -5.070826E+02     5.322882E+02 
 1.275487E+00     1.800000E+02       6     1.509951E+01    -1.109180E+02    -5.391002E+00     1.410434E+01 
 1.314364E+00     0.000000E+00       1     2.507218E+02    -1.645436E+02    -2.416541E+02     6.681849E+01 
 1.314364E+00     0.000000E+00       2     3.430042E-01    -1.342475E+02    -2.393342E-01     2.457052E-01 
 1.314364E+00     0.000000E+00       3     6.588956E+01     4.521146E+01     4.641869E+01    -4.676259E+01 
 1.314364E+00     0.000000E+00       4     7.026854E+00     1.620683E+02    -6.685519E+00    -2.163448E+00 
 1.314364E+00     0.000000E+00       5     1.368192E+03     1.437938E+02    -1.103990E+03    -8.081816E+02 
 1.314364E+00     0.000000E+00       6     1.706282E+01    -9.987488E+01    -2.926225E+00     1.681003E+01 
 1.314364E+00     3.000000E+01       1     1.923156E+02     8.639006E+01     1.210890E+01    -1.919340E+02 
 1.314364E+00     3.000000E+01       2     1.990613E+02     8.134568E+01     2.995329E+01    -1.967948E+02 
 1.314364E+00     3.000000E+01       3     1.000241E+02    -1.799406E+02    -1.000241E+02     1.036805E-01 
 1.314364E+00     3.000000E+01       4     2.311681E+03     3.380110E+01     1.920946E+03    -1.286015E+03 
 1.314364E+00     3.000000E+01       5     1.406694E+03    -4.688264E+01     9.614681E+02     1.026824E+03 
 1.314364E+00     3.000000E+01       6     9.199347E+03     7.594186E+01     2.234580E+03    -8.923824E+03 
 1.314364E+00     6.000000E+01       1     1.676502E+02    -3.393873E+01     1.390885E+02     9.360013E+01 
 1.314364E+00     6.000000E+01       2     2.907983E+02    -3.399434E+01     2.410988E+02     1.625885E+02 
 1.314364E+00     6.000000E+01       3     8.314143E+01    -5.957742E+01     4.210063E+01     7.169403E+01 
 1.314364E+00     6.000000E+01       4     5.680124E+02    -9.977925E+01    -9.647841E+01     5.597589E+02 
 1.314364E+00     6.000000E+01       5     3.293324E+02     8.134266E+01     4.957268E+01    -3.255801E+02 
 1.314364E+00     6.000000E+01       6     1.256128E+01    -1.364863E+01     1.220657E+01     2.964048E+00 
 1.314364E+00     9.000000E+01       1     7.682769E+01     7.472705E+01     2.023776E+01    -7.411428E+01 
 1.314364E+00     9.000000E+01       2     2.664308E+02     8.456137E+01     2.525219E+01    -2.652314E+02 
 1.314364E+00     9.000000E+01       3     1.000824E+02    -1.799462E+02    -1.000824E+02     9.392972E-02 
 1.314364E+00     9.000000E+01       4     1.549403E+03     8.535960E+01     1.253493E+02    -1.544324E+03 
 1.314364E+00     9.000000E+01       5     2.232873E+03    -1.642236E+02    -2.148761E+03     6.070829E+02 
 1.314364E+00     9.000000E+01       6     9.195464E+03    -1.039615E+02    -2.218584E+03     8.923813E+03 
 1.314364E+00     1.200000E+02       1     1.256673E+02     1.544100E+01     1.211313E+02    -3.345840E+01 
 1.314364E+00     1.200000E+02       2     2.180154E+02    -1.645671E+02    -2.101544E+02     5.801590E+01 
 1.314364E+00     1.200000E+02       3     6.632138E+01     4.490330E+01     4.697538E+01    -4.681708E+01 
 1.314364E+00     1.200000E+02       4     1.187478E+03    -3.630304E+01     9.569847E+02     7.030534E+02 
 1.314364E+00     1.200000E+02       5     6.944052E+02    -3.680900E+01     5.559667E+02     4.160524E+02 
 1.314364E+00     1.200000E+02       6     5.070259E+01     7.509890E+01     1.303824E+01    -4.899752E+01 
 1.314364E+00     1.500000E+02       1     2.681088E+02    -9.704015E+01    -3.286073E+01     2.660874E+02 
 1.314364E+00     1.500000E+02       2     6.804884E+01     9.353851E+01    -4.199933E+00    -6.791911E+01 
 1.314364E+00     1.500000E+02       3     1.000732E+02     1.799178E+02    -1.000731E+02    -1.435124E-01 
 1.314364E+00     1.500000E+02       4     1.803920E+03     1.723972E+02    -1.788062E+03    -2.386658E+02 
 1.314364E+00     1.500000E+02       5     2.013638E+03     5.421417E+01     1.177489E+03    -1.633480E+03 
 1.314364E+00     1.500000E+02       6     9.184785E+03     7.568127E+01     2.271542E+03    -8.899459E+03 
 1.314364E+00     1.800000E+02       1     3.364573E+02     1.458792E+02    -2.785384E+02    -1.887323E+02 
 1.314364E+00     1.800000E+02       2     2.019416E-01     8.093850E+01     3.180470E-02    -1.994214E-01 
 1.314364E+00     1.800000E+02       3     8.302534E+01    -5.947766E+01     4.216644E+01     7.152062E+01 
 1.314364E+00     1.800000E+02       4     1.518973E+00    -1.080570E+02    -4.708255E-01     1.444161E+00 
 1.314364E+00     1.800000E+02       5     6.569018E+02    -9.987152E+01    -1.126189E+02     6.471762E+02 
 1.314364E+00     1.800000E+02       6     3.314283E+01    -9.956807E+01    -5.508978E+00     3.268178E+01 
 1.353241E+00     0.000000E+00       1     2.083221E+02    -1.675390E+02    -2.034147E+02     4.495065E+01 
 1.353241E+00     0.000000E+00       2     4.468521E-01    -1.717371E+02    -4.422134E-01     6.421935E-02 
 1.353241E+00     0.000000E+00       3     4.430534E+01     3.175247E+01     3.767414E+01    -2.331571E+01 
 1.353241E+00     0.000000E+00       4     8.214434E+00     1.326787E+02    -5.568448E+00    -6.038983E+00 
 1.353241E+00     0.000000E+00       5     1.068836E+03     1.482516E+02    -9.089026E+02    -5.624120E+02 
 1.353241E+00     0.000000E+00       6     2.407765E+01    -6.589435E+01     9.833803E+00     2.197793E+01 
 1.353241E+00     3.000000E+01       1     1.117117E+02     1.069957E+02    -3.265323E+01    -1.068329E+02 
 1.353241E+00     3.000000E+01       2     1.309663E+02     6.310750E+01     5.923840E+01    -1.168032E+02 
 1.353241E+00     3.000000E+01       3     9.196864E+01     1.786195E+02    -9.194195E+01    -2.215763E+00 
 1.353241E+00     3.000000E+01       4     2.028247E+03     2.648838E+01     1.815331E+03    -9.046311E+02 
 1.353241E+00     3.000000E+01       5     1.128565E+03    -4.252082E+01     8.317882E+02     7.627496E+02 
 1.353241E+00     3.000000E+01       6     1.226307E+04     7.215203E+01     3.758537E+03    -1.167289E+04 
 1.353241E+00     6.000000E+01       1     1.357509E+02    -2.666257E+01     1.213158E+02     6.091621E+01 
 1.353241E+00     6.000000E+01       2     2.357969E+02    -2.685736E+01     2.103624E+02     1.065262E+02 
 1.353241E+00     6.000000E+01       3     6.750717E+01    -4.774187E+01     4.539667E+01     4.996359E+01 
 1.353241E+00     6.000000E+01       4     5.039395E+02    -8.889870E+01     9.685803E+00     5.038464E+02 
 1.353241E+00     6.000000E+01       5     2.906575E+02     9.221959E+01    -1.125702E+01    -2.904395E+02 
 1.353241E+00     6.000000E+01       6     4.224240E+00    -6.009328E+00     4.201028E+00     4.422373E-01 
 1.353241E+00     9.000000E+01       1     8.283130E+01     3.497370E+01     6.787323E+01    -4.747893E+01 
 1.353241E+00     9.000000E+01       2     1.510163E+02     8.963538E+01     9.610425E-01    -1.510132E+02 
 1.353241E+00     9.000000E+01       3     9.196295E+01     1.786464E+02    -9.193729E+01    -2.172342E+00 
 1.353241E+00     9.000000E+01       4     1.140767E+03     8.048539E+01     1.885678E+02    -1.125074E+03 
 1.353241E+00     9.000000E+01       5     2.034294E+03    -1.684033E+02    -1.992768E+03     4.089363E+02 
 1.353241E+00     9.000000E+01       6     1.228591E+04    -1.077879E+02    -3.753275E+03     1.169856E+04 
 1.353241E+00     1.200000E+02       1     1.041906E+02     1.236234E+01     1.017747E+02    -2.230650E+01 
 1.353241E+00     1.200000E+02       2     1.812440E+02    -1.674329E+02    -1.769018E+02     3.943546E+01 
 1.353241E+00     1.200000E+02       3     4.465452E+01     3.126955E+01     3.816778E+01    -2.317859E+01 
 1.353241E+00     1.200000E+02       4     9.307193E+02    -3.181513E+01     7.908820E+02     4.906568E+02 
 1.353241E+00     1.200000E+02       5     5.426223E+02    -3.272076E+01     4.565163E+02     2.933119E+02 
 1.353241E+00     1.200000E+02       6     6.958890E+01     6.147641E+01     3.323013E+01    -6.114225E+01 
 1.353241E+00     1.500000E+02       1     1.578901E+02    -1.027758E+02    -3.491518E+01     1.539812E+02 
 1.353241E+00     1.500000E+02       2     6.645066E+01     1.497327E+02    -5.739235E+01    -3.349340E+01 
 1.353241E+00     1.500000E+02       3     9.182260E+01     1.784236E+02    -9.178785E+01    -2.526106E+00 
 1.353241E+00     1.500000E+02       4     1.635867E+03     1.731058E+02    -1.624039E+03    -1.963648E+02 
 1.353241E+00     1.500000E+02       5     1.643514E+03     4.553945E+01     1.151147E+03    -1.173030E+03 
 1.353241E+00     1.500000E+02       6     1.228046E+04     7.196456E+01     3.802095E+03    -1.167706E+04 
 1.353241E+00     1.800000E+02       1     2.725468E+02     1.531888E+02    -2.432474E+02    -1.229327E+02 
 1.353241E+00     1.800000E+02       2     2.938422E-01     5.197880E+01     1.809929E-01    -2.314838E-01 
 1.353241E+00     1.800000E+02       3     6.762949E+01    -4.753908E+01     4.565580E+01     4.989285E+01 
 1.353241E+00     1.800000E+02       4     2.688590E+00    -9.041274E+01    -1.936762E-02     2.688520E+00 
 1.353241E+00     1.800000E+02       5     5.779642E+02    -8.883730E+01     1.172777E+01     5.778452E+02 
 1.353241E+00     1.800000E+02       6     3.910227E+01    -1.187057E+02    -1.878126E+01     3.429653E+01 
 1.392118E+00     0.000000E+00       1     1.645808E+02     1.535257E+02    -1.473219E+02    -7.336964E+01 
 1.392118E+00     0.000000E+00       2     8.706842E-01    -1.768704E+02    -8.693857E-01     4.753471E-02 
 1.392118E+00     0.000000E+00       3     3.328740E+01     1.648867E+01     3.191849E+01    -9.447825E+00 
 1.392118E+00     0.000000E+00       4     8.645946E+00     1.196805E+02    -4.281152E+00    -7.511598E+00 
 1.392118E+00     0.000000E+00       5     7.459737E+02    -1.773993E+02    -7.452054E+02     3.384829E+01 
 1.392118E+00     0.000000E+00       6     2.642736E+01    -6.756592E+01     1.008522E+01     2.442731E+01 
 1.392118E+00     3.000000E+01       1     7.558318E+01     1.339768E+02    -5.248248E+01    -5.439123E+01 
 1.392118E+00     3.000000E+01       2     5.729918E+01     5.072045E+00     5.707481E+01    -5.065724E+00 
 1.392118E+00     3.000000E+01       3     8.104439E+01     1.794706E+02    -8.104093E+01    -7.488212E-01 
 1.392118E+00     3.000000E+01       4     1.650633E+03     1.568573E+01     1.589162E+03    -4.462662E+02 
 1.392118E+00     3.000000E+01       5     9.499129E+02    -4.124225E+01     7.142671E+02     6.262245E+02 
 1.392118E+00     3.000000E+01       6     1.373229E+04     7.000204E+01     4.696261E+03    -1.290430E+04 
 1.392118E+00     6.000000E+01       1     7.736101E+01    -2.166558E+00     7.730571E+01     2.924600E+00 
 1.392118E+00     6.000000E+01       2     1.336333E+02    -2.643399E+00     1.334911E+02     6.163122E+00 
 1.392118E+00     6.000000E+01       3     5.503153E+01    -3.831045E+01     4.318122E+01     3.411526E+01 
 1.392118E+00     6.000000E+01       4     2.124632E+02    -1.036203E+02    -5.003235E+01     2.064882E+02 
 1.392118E+00     6.000000E+01       5     1.188266E+02     7.871890E+01     2.324517E+01    -1.165308E+02 
 1.392118E+00     6.000000E+01       6     1.154668E+01     5.422596E+01     6.750074E+00    -9.368153E+00 
 1.392118E+00     9.000000E+01       1     7.972184E+01    -1.671305E+01     7.635415E+01     2.292631E+01 
 1.392118E+00     9.000000E+01       2     5.236345E+01     1.098277E+02    -1.776134E+01    -4.925917E+01 
 1.392118E+00     9.000000E+01       3     8.100429E+01     1.795501E+02    -8.100180E+01    -6.360693E-01 
 1.392118E+00     9.000000E+01       4     7.959376E+02     7.703588E+01     1.785613E+02    -7.756498E+02 
 1.392118E+00     9.000000E+01       5     1.742373E+03    -1.773859E+02    -1.740559E+03     7.946860E+01 
 1.392118E+00     9.000000E+01       6     1.376280E+04    -1.100063E+02    -4.708580E+03     1.293228E+04 
 1.392118E+00     1.200000E+02       1     8.161746E+01    -2.697513E+01     7.273777E+01     3.702198E+01 
 1.392118E+00     1.200000E+02       2     1.430245E+02     1.540308E+02    -1.285832E+02    -6.262882E+01 
 1.392118E+00     1.200000E+02       3     3.350798E+01     1.574531E+01     3.225068E+01    -9.092782E+00 
 1.392118E+00     1.200000E+02       4     6.506445E+02     2.154085E+00     6.501847E+02    -2.445579E+01 
 1.392118E+00     1.200000E+02       5     3.759869E+02     7.944315E-01     3.759508E+02    -5.213059E+00 
 1.392118E+00     1.200000E+02       6     7.732488E+01     3.304724E+01     6.481535E+01    -4.216760E+01 
 1.392118E+00     1.500000E+02       1     3.900215E+01    -1.259622E+02    -2.290407E+01     3.156851E+01 
 1.392118E+00     1.500000E+02       2     8.519440E+01     1.497273E+02    -7.357697E+01    -4.294783E+01 
 1.392118E+00     1.500000E+02       3     8.066298E+01     1.793257E+02    -8.065739E+01    -9.493268E-01 
 1.392118E+00     1.500000E+02       4     1.445173E+03     1.677548E+02    -1.412293E+03    -3.065160E+02 
 1.392118E+00     1.500000E+02       5     1.240482E+03     3.493607E+01     1.016937E+03    -7.103770E+02 
 1.392118E+00     1.500000E+02       6     1.377903E+04     6.979817E+01     4.758286E+03    -1.293137E+04 
 1.392118E+00     1.800000E+02       1     1.559414E+02     1.778502E+02    -1.558316E+02    -5.849700E+00 
 1.392118E+00     1.800000E+02       2     1.004189E+00     1.974006E+01     9.451775E-01    -3.391684E-01 
 1.392118E+00     1.800000E+02       3     5.538601E+01    -3.816770E+01     4.354478E+01     3.422663E+01 
 1.392118E+00     1.800000E+02       4     4.449539E+00    -4.881005E+01     2.930277E+00     3.348414E+00 
 1.392118E+00     1.800000E+02       5     2.356953E+02    -1.024708E+02    -5.089646E+01     2.301344E+02 
 1.392118E+00     1.800000E+02       6     2.960534E+01    -1.482341E+02    -2.517063E+01     1.558575E+01 
 1.430995E+00     0.000000E+00       1     2.412814E+02     9.890768E+01    -3.736068E+01    -2.383713E+02 
 1.430995E+00     0.000000E+00       2     1.064539E+00     1.446788E+02    -8.685833E-01    -6.154731E-01 
 1.430995E+00     0.000000E+00       3     2.871758E+01     2.590234E+00     2.868823E+01    -1.297825E+00 
 1.430995E+00     0.000000E+00       4     8.724180E+00     9.991443E+01    -1.502104E+00    -8.593894E+00 
 1.430995E+00     0.000000E+00       5     1.071896E+03    -1.375214E+02    -7.905549E+02     7.238672E+02 
 1.430995E+00     0.000000E+00       6     1.476584E+01    -5.833952E+01     7.750363E+00     1.256829E+01 
 1.430995E+00     3.000000E+01       1     5.496999E+01     1.318702E+02    -3.668949E+01    -4.093387E+01 
 1.430995E+00     3.000000E+01       2     5.425828E+01    -1.037121E+02    -1.286157E+01     5.271187E+01 
 1.430995E+00     3.000000E+01       3     6.917828E+01    -1.790986E+02    -6.916972E+01     1.088314E+00 
 1.430995E+00     3.000000E+01       4     1.214489E+03     1.156805E+01     1.189820E+03    -2.435435E+02 
 1.430995E+00     3.000000E+01       5     8.371822E+02    -4.864135E+01     5.531852E+02     6.283791E+02 
 1.430995E+00     3.000000E+01       6     1.350776E+04     7.011928E+01     4.593491E+03    -1.270273E+04 
 1.430995E+00     6.000000E+01       1     9.744017E+01     6.425867E+01     4.231914E+01    -8.777059E+01 
 1.430995E+00     6.000000E+01       2     1.682459E+02     6.442454E+01     7.263166E+01    -1.517608E+02 
 1.430995E+00     6.000000E+01       3     4.432946E+01    -3.002782E+01     3.837967E+01     2.218337E+01 
 1.430995E+00     6.000000E+01       4     3.133212E+02     9.707625E+01    -3.859809E+01    -3.109347E+02 
 1.430995E+00     6.000000E+01       5     1.843724E+02    -8.460646E+01     1.733028E+01     1.835561E+02 
 1.430995E+00     6.000000E+01       6     1.749999E+01     8.865654E+00     1.729090E+01    -2.697065E+00 
 1.430995E+00     9.000000E+01       1     6.738195E+01    -8.299138E+01     8.221851E+00     6.687846E+01 
 1.430995E+00     9.000000E+01       2     4.046365E+01     1.676057E+02    -3.952059E+01    -8.685035E+00 
 1.430995E+00     9.000000E+01       3     6.912732E+01    -1.789837E+02    -6.911644E+01     1.226156E+00 
 1.430995E+00     9.000000E+01       4     6.839395E+02     8.003188E+01     1.183900E+02    -6.736149E+02 
 1.430995E+00     9.000000E+01       5     1.319451E+03     1.756901E+02    -1.315719E+03    -9.915782E+01 
 1.430995E+00     9.000000E+01       6     1.352315E+04    -1.098633E+02    -4.594848E+03     1.271861E+04 
 1.430995E+00     1.200000E+02       1     1.200597E+02    -8.190779E+01     1.690041E+01     1.188643E+02 
 1.430995E+00     1.200000E+02       2     2.088028E+02     9.924656E+01    -3.355111E+01    -2.060896E+02 
 1.430995E+00     1.200000E+02       3     2.880202E+01     1.624348E+00     2.879045E+01    -8.164343E-01 
 1.430995E+00     1.200000E+02       4     9.297647E+02     4.218622E+01     6.889242E+02    -6.243765E+02 
 1.430995E+00     1.200000E+02       5     5.298515E+02     4.124592E+01     3.983883E+02    -3.493270E+02 
 1.430995E+00     1.200000E+02       6     6.771947E+01    -1.207467E+01     6.622123E+01     1.416598E+01 
 1.430995E+00     1.500000E+02       1     3.799392E+01     4.131955E+01     2.853491E+01    -2.508579E+01 
 1.430995E+00     1.500000E+02       2     6.467921E+01     1.131357E+02    -2.541309E+01    -5.947751E+01 
 1.430995E+00     1.500000E+02       3     6.871402E+01    -1.790591E+02    -6.870476E+01     1.128412E+00 
 1.430995E+00     1.500000E+02       4     1.150355E+03     1.590654E+02    -1.074419E+03    -4.110243E+02 
 1.430995E+00     1.500000E+02       5     9.286302E+02     3.513625E+01     7.594205E+02    -5.344478E+02 
 1.430995E+00     1.500000E+02       6     1.355218E+04     6.990813E+01     4.655530E+03    -1.272743E+04 
 1.430995E+00     1.800000E+02       1     1.963119E+02    -1.163592E+02    -8.716207E+01     1.759009E+02 
 1.430995E+00     1.800000E+02       2     2.033524E+00    -2.342562E+01     1.865915E+00     8.084440E-01 
 1.430995E+00     1.800000E+02       3     4.471996E+01    -3.009778E+01     3.869041E+01     2.242604E+01 
 1.430995E+00     1.800000E+02       4     9.986704E+00    -5.459659E+01     5.785594E+00     8.140095E+00 
 1.430995E+00     1.800000E+02       5     3.652243E+02     9.474153E+01    -3.018975E+01    -3.639744E+02 
 1.430995E+00     1.800000E+02       6     1.366426E+01     1.581886E+02    -1.268607E+01    -5.076985E+00 
 1.469873E+00     0.000000E+00       1     3.569549E+02     7.588604E+01     8.704392E+01    -3.461794E+02 
 1.469873E+00     0.000000E+00       2     2.113987E-01     4.198647E+01     1.571333E-01    -1.414163E-01 
 1.469873E+00     0.000000E+00       3     2.720565E+01    -6.899917E+00     2.700862E+01     3.268362E+00 
 1.469873E+00     0.000000E+00       4     4.532449E+00     6.202511E+01     2.126102E+00    -4.002847E+00 
 1.469873E+00     0.000000E+00       5     1.406605E+03    -1.290225E+02    -8.856339E+02     1.092790E+03 
 1.469873E+00     0.000000E+00       6     5.152576E+00     8.903572E+00     5.090488E+00    -7.974743E-01 
 1.469873E+00     3.000000E+01       1     6.074967E+01     9.019023E+01    -2.017002E-01    -6.074934E+01 
 1.469873E+00     3.000000E+01       2     5.287426E+01     1.665588E+02    -5.142598E+01    -1.229048E+01 
 1.469873E+00     3.000000E+01       3     5.687229E+01    -1.777692E+02    -5.682919E+01     2.213748E+00 
 1.469873E+00     3.000000E+01       4     1.095848E+03     2.293058E+01     1.009252E+03    -4.269595E+02 
 1.469873E+00     3.000000E+01       5     8.147944E+02    -6.361882E+01     3.620465E+02     7.299399E+02 
 1.469873E+00     3.000000E+01       6     1.182123E+04     7.085544E+01     3.876806E+03    -1.116745E+04 
 1.469873E+00     6.000000E+01       1     1.729624E+02     7.365322E+01     4.868030E+01    -1.659705E+02 
 1.469873E+00     6.000000E+01       2     2.997518E+02     7.373585E+01     8.395032E+01    -2.877560E+02 
 1.469873E+00     6.000000E+01       3     3.597239E+01    -2.360085E+01     3.296355E+01     1.440200E+01 
 1.469873E+00     6.000000E+01       4     7.187144E+02     7.606396E+01     1.730941E+02    -6.975591E+02 
 1.469873E+00     6.000000E+01       5     4.201852E+02    -1.042195E+02    -1.032135E+02     4.073114E+02 
 1.469873E+00     6.000000E+01       6     1.488141E+01    -8.007091E+01     2.565989E+00     1.465851E+01 
 1.469873E+00     9.000000E+01       1     4.874513E+01    -1.547346E+02    -4.408220E+01     2.080498E+01 
 1.469873E+00     9.000000E+01       2     6.483345E+01     1.148239E+02    -2.721910E+01    -5.884298E+01 
 1.469873E+00     9.000000E+01       3     5.676891E+01    -1.776313E+02    -5.672040E+01     2.346239E+00 
 1.469873E+00     9.000000E+01       4     8.721151E+02     7.716752E+01     1.936979E+02    -8.503328E+02 
 1.469873E+00     9.000000E+01       5     1.064463E+03    -1.795443E+02    -1.064429E+03     8.465201E+00 
 1.469873E+00     9.000000E+01       6     1.184915E+04    -1.090325E+02    -3.864066E+03     1.120140E+04 
 1.469873E+00     1.200000E+02       1     1.785535E+02    -1.046797E+02    -4.524811E+01     1.727251E+02 
 1.469873E+00     1.200000E+02       2     3.091798E+02     7.604039E+01     7.458586E+01    -3.000485E+02 
 1.469873E+00     1.200000E+02       3     2.720147E+01    -7.872455E+00     2.694510E+01     3.725740E+00 
 1.469873E+00     1.200000E+02       4     1.221480E+03     5.081949E+01     7.716891E+02    -9.468418E+02 
 1.469873E+00     1.200000E+02       5     6.965065E+02     5.044704E+01     4.435292E+02    -5.370318E+02 
 1.469873E+00     1.200000E+02       6     5.772719E+01    -6.456868E+01     2.478972E+01     5.213346E+01 
 1.469873E+00     1.500000E+02       1     5.891483E+01    -4.318827E+01     4.295532E+01     4.032118E+01 
 1.469873E+00     1.500000E+02       2     5.019029E+01     6.054206E+01     2.468281E+01    -4.370154E+01 
 1.469873E+00     1.500000E+02       3     5.647374E+01    -1.775525E+02    -5.642222E+01     2.411602E+00 
 1.469873E+00     1.500000E+02       4     9.151904E+02     1.535965E+02    -8.197221E+02    -4.069757E+02 
 1.469873E+00     1.500000E+02       5     1.018962E+03     4.628235E+01     7.042095E+02    -7.364589E+02 
 1.469873E+00     1.500000E+02       6     1.186750E+04     7.071655E+01     3.919142E+03    -1.120169E+04 
 1.469873E+00     1.800000E+02       1     3.470581E+02    -1.066900E+02    -9.967281E+01     3.324374E+02 
 1.469873E+00     1.800000E+02       2     2.289471E+00    -6.308574E+01     1.036344E+00     2.041487E+00 
 1.469873E+00     1.800000E+02       3     3.627600E+01    -2.378687E+01     3.319444E+01     1.463140E+01 
 1.469873E+00     1.800000E+02       4     1.214656E+01    -7.817226E+01     2.489678E+00     1.188866E+01 
 1.469873E+00     1.800000E+02       5     8.336668E+02     7.509978E+01     2.143662E+02    -8.056348E+02 
 1.469873E+00     1.800000E+02       6     1.420702E+01     5.756576E+01     7.619671E+00    -1.199084E+01 
 1.508750E+00     0.000000E+00       1     3.937618E+02     6.998710E+01     1.347578E+02    -3.699847E+02 
 1.508750E+00     0.000000E+00       2     8.610715E-01    -9.117519E+01    -1.766010E-02     8.608903E-01 
 1.508750E+00     0.000000E+00       3     2.690631E+01    -1.634536E+01     2.581883E+01     7.572146E+00 
 1.508750E+00     0.000000E+00       4     8.767319E-01    -8.253354E+01     1.139276E-01     8.692982E-01 
 1.508750E+00     0.000000E+00       5     1.342401E+03    -1.226058E+02    -7.233606E+02     1.130836E+03 
 1.508750E+00     0.000000E+00       6     1.725833E+01     1.093348E+02    -5.714016E+00    -1.628496E+01 
 1.508750E+00     3.000000E+01       1     1.138048E+02     6.883976E+01     4.108099E+01    -1.061315E+02 
 1.508750E+00     3.000000E+01       2     8.217715E+01     9.325180E+01    -4.661430E+00    -8.204483E+01 
 1.508750E+00     3.000000E+01       3     4.410057E+01    -1.759071E+02    -4.398810E+01     3.147654E+00 
 1.508750E+00     3.000000E+01       4     1.209167E+03     2.664902E+01     1.080718E+03    -5.423403E+02 
 1.508750E+00     3.000000E+01       5     8.853564E+02    -7.801728E+01     1.838148E+02     8.660647E+02 
 1.508750E+00     3.000000E+01       6     8.709728E+03     7.140341E+01     2.777557E+03    -8.254970E+03 
 1.508750E+00     6.000000E+01       1     1.991130E+02     7.269874E+01     5.921537E+01    -1.901040E+02 
 1.508750E+00     6.000000E+01       2     3.454818E+02     7.274538E+01     1.024763E+02    -3.299338E+02 
 1.508750E+00     6.000000E+01       3     3.032974E+01    -2.352541E+01     2.780883E+01     1.210629E+01 
 1.508750E+00     6.000000E+01       4     8.298174E+02     6.941184E+01     2.918038E+02    -7.768187E+02 
 1.508750E+00     6.000000E+01       5     4.834237E+02    -1.103826E+02    -1.683705E+02     4.531555E+02 
 1.508750E+00     6.000000E+01       6     2.579038E+01    -1.664186E+02    -2.506921E+01     6.056281E+00 
 1.508750E+00     9.000000E+01       1     3.020150E+01     1.453391E+02    -2.484171E+01    -1.717615E+01 
 1.508750E+00     9.000000E+01       2     1.375165E+02     7.631107E+01     3.254333E+01    -1.336103E+02 
 1.508750E+00     9.000000E+01       3     4.395534E+01    -1.756859E+02    -4.383079E+01     3.306511E+00 
 1.508750E+00     9.000000E+01       4     1.092533E+03     6.936200E+01     3.850767E+02    -1.022421E+03 
 1.508750E+00     9.000000E+01       5     1.037336E+03    -1.778191E+02    -1.036584E+03     3.947526E+01 
 1.508750E+00     9.000000E+01       6     8.746305E+03    -1.085541E+02    -2.783077E+03     8.291703E+03 
 1.508750E+00     1.200000E+02       1     1.973918E+02    -1.106269E+02    -6.953743E+01     1.847378E+02 
 1.508750E+00     1.200000E+02       2     3.416773E+02     7.012141E+01     1.161799E+02    -3.213185E+02 
 1.508750E+00     1.200000E+02       3     2.694691E+01    -1.722888E+01     2.573778E+01     7.981392E+00 
 1.508750E+00     1.200000E+02       4     1.166922E+03     5.727265E+01     6.308867E+02    -9.816761E+02 
 1.508750E+00     1.200000E+02       5     6.666667E+02     5.701662E+01     3.629305E+02    -5.592190E+02 
 1.508750E+00     1.200000E+02       6     5.004123E+01    -9.862796E+01    -7.507078E+00     4.947492E+01 
 1.508750E+00     1.500000E+02       1     1.249003E+02    -9.856123E+01    -1.859345E+01     1.235086E+02 
 1.508750E+00     1.500000E+02       2     6.093502E+01     5.327554E+01     3.643715E+01    -4.884067E+01 
 1.508750E+00     1.500000E+02       3     4.375843E+01    -1.755350E+02    -4.362563E+01     3.406573E+00 
 1.508750E+00     1.500000E+02       4     8.438038E+02     1.462534E+02    -7.016252E+02    -4.687504E+02 
 1.508750E+00     1.500000E+02       5     1.240966E+03     4.630529E+01     8.572786E+02    -8.972567E+02 
 1.508750E+00     1.500000E+02       6     8.752042E+03     7.126857E+01     2.810566E+03    -8.288484E+03 
 1.508750E+00     1.800000E+02       1     4.003551E+02    -1.075709E+02    -1.208616E+02     3.816761E+02 
 1.508750E+00     1.800000E+02       2     1.971545E+00    -8.528671E+01     1.620012E-01     1.964878E+00 
 1.508750E+00     1.800000E+02       3     3.057211E+01    -2.363388E+01     2.800790E+01     1.225608E+01 
 1.508750E+00     1.800000E+02       4     1.064487E+01    -9.754471E+01    -1.397670E+00     1.055272E+01 
 1.508750E+00     1.800000E+02       5     9.604585E+02     6.856629E+01     3.509751E+02    -8.940341E+02 
 1.508750E+00     1.800000E+02       6     1.412698E+01     3.071357E+01     1.214541E+01    -7.215309E+00 
 1.547627E+00     0.000000E+00       1     3.723589E+02     7.255448E+01     1.116327E+02    -3.552313E+02 
 1.547627E+00     0.000000E+00       2     1.002284E+00    -1.153437E+02    -4.290249E-01     9.058201E-01 
 1.547627E+00     0.000000E+00       3     2.208378E+01    -3.957213E+01     1.702269E+01     1.406845E+01 
 1.547627E+00     0.000000E+00       4     1.555901E+00    -1.721882E+02    -1.541462E+00     2.114766E-01 
 1.547627E+00     0.000000E+00       5     1.111641E+03    -1.116841E+02    -4.107391E+02     1.032976E+03 
 1.547627E+00     0.000000E+00       6     3.905859E+01     1.110918E+02    -1.405575E+01    -3.644186E+01 
 1.547627E+00     3.000000E+01       1     1.752389E+02     6.827097E+01     6.487653E+01    -1.627874E+02 
 1.547627E+00     3.000000E+01       2     1.192239E+02     7.257899E+01     3.569451E+01    -1.137551E+02 
 1.547627E+00     3.000000E+01       3     3.419205E+01    -1.669041E+02    -3.330280E+01     7.747262E+00 
 1.547627E+00     3.000000E+01       4     1.206141E+03     2.719575E+01     1.072803E+03    -5.512450E+02 
 1.547627E+00     3.000000E+01       5     9.955695E+02    -8.433490E+01     9.827629E+01     9.907070E+02 
 1.547627E+00     3.000000E+01       6     5.065963E+03     7.648517E+01     1.183901E+03    -4.925684E+03 
 1.547627E+00     6.000000E+01       1     1.903291E+02     7.461108E+01     5.050755E+01    -1.835051E+02 
 1.547627E+00     6.000000E+01       2     3.305891E+02     7.471343E+01     8.715879E+01    -3.188926E+02 
 1.547627E+00     6.000000E+01       3     2.323494E+01    -4.663773E+01     1.595332E+01     1.689243E+01 
 1.547627E+00     6.000000E+01       4     7.717198E+02     7.145097E+01     2.454964E+02    -7.316303E+02 
 1.547627E+00     6.000000E+01       5     4.499900E+02    -1.080465E+02    -1.394015E+02     4.278530E+02 
 1.547627E+00     6.000000E+01       6     3.317832E+01     1.382066E+02    -2.473619E+01    -2.211157E+01 
 1.547627E+00     9.000000E+01       1     1.705981E+01     9.728046E+01    -2.161927E+00    -1.692227E+01 
 1.547627E+00     9.000000E+01       2     2.122729E+02     6.956619E+01     7.410979E+01    -1.989159E+02 
 1.547627E+00     9.000000E+01       3     3.410983E+01    -1.664800E+02    -3.316460E+01     7.974331E+00 
 1.547627E+00     9.000000E+01       4     1.219336E+03     6.799858E+01     4.567994E+02    -1.130538E+03 
 1.547627E+00     9.000000E+01       5     9.842791E+02     1.792148E+02    -9.841867E+02    -1.348918E+01 
 1.547627E+00     9.000000E+01       6     5.076907E+03    -1.036794E+02    -1.200632E+03     4.932897E+03 
 1.547627E+00     1.200000E+02       1     1.861746E+02    -1.080407E+02    -5.765701E+01     1.770216E+02 
 1.547627E+00     1.200000E+02       2     3.239207E+02     7.269626E+01     9.634605E+01    -3.092605E+02 
 1.547627E+00     1.200000E+02       3     2.227318E+01    -4.051782E+01     1.693216E+01     1.447054E+01 
 1.547627E+00     1.200000E+02       4     9.660584E+02     6.824488E+01     3.580602E+02    -8.972523E+02 
 1.547627E+00     1.200000E+02       5     5.483211E+02     6.819211E+01     2.036989E+02    -5.090803E+02 
 1.547627E+00     1.200000E+02       6     3.830751E+01    -9.033799E+01    -2.259791E-01     3.830684E+01 
 1.547627E+00     1.500000E+02       1     1.915287E+02    -1.101647E+02    -6.602387E+01     1.797890E+02 
 1.547627E+00     1.500000E+02       2     9.084401E+01     6.600696E+01     3.693950E+01    -8.299462E+01 
 1.547627E+00     1.500000E+02       3     3.392786E+01    -1.663456E+02    -3.296896E+01     8.009195E+00 
 1.547627E+00     1.500000E+02       4     8.470212E+02     1.372984E+02    -6.224724E+02    -5.744327E+02 
 1.547627E+00     1.500000E+02       5     1.312652E+03     4.707247E+01     8.940113E+02    -9.611443E+02 
 1.547627E+00     1.500000E+02       6     5.088667E+03     7.626740E+01     1.208003E+03    -4.943204E+03 
 1.547627E+00     1.800000E+02       1     3.830571E+02    -1.055717E+02    -1.028292E+02     3.689972E+02 
 1.547627E+00     1.800000E+02       2     1.626024E+00    -1.031583E+02    -3.701522E-01     1.583333E+00 
 1.547627E+00     1.800000E+02       3     2.343029E+01    -4.623911E+01     1.620557E+01     1.692212E+01 
 1.547627E+00     1.800000E+02       4     6.163642E+00    -1.295452E+02    -3.924306E+00     4.752926E+00 
 1.547627E+00     1.800000E+02       5     8.845713E+02     7.062707E+01     2.934260E+02    -8.344865E+02 
 1.547627E+00     1.800000E+02       6     2.996720E+01     5.813418E+01     1.582064E+01    -2.545074E+01 
 1.586504E+00     0.000000E+00       1     3.173011E+02     7.557347E+01     7.905189E+01    -3.072959E+02 
 1.586504E+00     0.000000E+00       2     5.137096E-01    -1.268364E+02    -3.079857E-01     4.111476E-01 
 1.586504E+00     0.000000E+00       3     8.997667E+00    -3.700633E+01     7.185258E+00     5.415726E+00 
 1.586504E+00     0.000000E+00       4     2.268853E+00    -2.779041E+01     2.007161E+00     1.057827E+00 
 1.586504E+00     0.000000E+00       5     8.481787E+02    -1.022767E+02    -1.803506E+02     8.287827E+02 
 1.586504E+00     0.000000E+00       6     4.002786E+01     1.123271E+02    -1.520633E+01    -3.702698E+01 
 1.586504E+00     3.000000E+01       1     2.298157E+02     7.372212E+01     6.441646E+01    -2.206033E+02 
 1.586504E+00     3.000000E+01       2     1.426429E+02     7.271288E+01     4.238781E+01    -1.361994E+02 
 1.586504E+00     3.000000E+01       3     3.159525E+01    -1.668815E+02    -3.077070E+01     7.171042E+00 
 1.586504E+00     3.000000E+01       4     1.093816E+03     2.981919E+01     9.489932E+02    -5.439158E+02 
 1.586504E+00     3.000000E+01       5     1.096286E+03    -8.405940E+01     1.134627E+02     1.090398E+03 
 1.586504E+00     3.000000E+01       6     2.412466E+03     8.962809E+01     1.565938E+01    -2.412415E+03 
 1.586504E+00     6.000000E+01       1     1.622199E+02     7.777343E+01     3.435462E+01    -1.585404E+02 
 1.586504E+00     6.000000E+01       2     2.830536E+02     7.778707E+01     5.987868E+01    -2.766476E+02 
 1.586504E+00     6.000000E+01       3     7.689670E+00    -7.841197E+01     1.544649E+00     7.532933E+00 
 1.586504E+00     6.000000E+01       4     6.269226E+02     7.738707E+01     1.368970E+02    -6.117934E+02 
 1.586504E+00     6.000000E+01       5     3.630480E+02    -1.016986E+02    -7.361283E+01     3.555067E+02 
 1.586504E+00     6.000000E+01       6     1.195225E+01     1.100353E+02    -4.094834E+00    -1.122892E+01 
 1.586504E+00     9.000000E+01       1     8.569155E+00     6.444052E+01     3.697144E+00    -7.730559E+00 
 1.586504E+00     9.000000E+01       2     2.721286E+02     7.335881E+01     7.793142E+01    -2.607310E+02 
 1.586504E+00     9.000000E+01       3     3.164089E+01    -1.665494E+02    -3.077300E+01     7.359898E+00 
 1.586504E+00     9.000000E+01       4     1.270516E+03     7.240937E+01     3.839678E+02    -1.211107E+03 
 1.586504E+00     9.000000E+01       5     8.844712E+02     1.755334E+02    -8.817850E+02    -6.888048E+01 
 1.586504E+00     9.000000E+01       6     2.400995E+03    -9.038237E+01    -1.602328E+01     2.400941E+03 
 1.586504E+00     1.200000E+02       1     1.582995E+02    -1.050303E+02    -4.105187E+01     1.528838E+02 
 1.586504E+00     1.200000E+02       2     2.770339E+02     7.559130E+01     6.893628E+01    -2.683199E+02 
 1.586504E+00     1.200000E+02       3     9.062168E+00    -3.901978E+01     7.040658E+00     5.705438E+00 
 1.586504E+00     1.200000E+02       4     7.364419E+02     7.759962E+01     1.581449E+02    -7.192613E+02 
 1.586504E+00     1.200000E+02       5     4.196062E+02     7.853816E+01     8.338217E+01    -4.112381E+02 
 1.586504E+00     1.200000E+02       6     6.615736E+01    -8.206651E+01     9.131264E+00     6.552417E+01 
 1.586504E+00     1.500000E+02       1     2.399920E+02    -1.075620E+02    -7.241464E+01     2.288062E+02 
 1.586504E+00     1.500000E+02       2     1.274811E+02     7.461444E+01     3.382243E+01    -1.229125E+02 
 1.586504E+00     1.500000E+02       3     3.136200E+01    -1.661417E+02    -3.044908E+01     7.511882E+00 
 1.586504E+00     1.500000E+02       4     8.762103E+02     1.304207E+02    -5.681304E+02    -6.670625E+02 
 1.586504E+00     1.500000E+02       5     1.267901E+03     5.228205E+01     7.756701E+02    -1.002950E+03 
 1.586504E+00     1.500000E+02       6     2.395026E+03     8.909222E+01     3.794477E+01    -2.394725E+03 
 1.586504E+00     1.800000E+02       1     3.279418E+02    -1.024189E+02    -7.052618E+01     3.202684E+02 
 1.586504E+00     1.800000E+02       2     1.190282E+00    -1.205966E+02    -6.058424E-01     1.024562E+00 
 1.586504E+00     1.800000E+02       3     7.882671E+00    -7.678842E+01     1.801565E+00     7.674038E+00 
 1.586504E+00     1.800000E+02       4     9.026339E-01    -1.402841E+02    -6.943260E-01     5.767663E-01 
 1.586504E+00     1.800000E+02       5     7.144175E+02     7.749223E+01     1.547228E+02    -6.974620E+02 
 1.586504E+00     1.800000E+02       6     4.384474E+01     1.830901E+01     4.162515E+01    -1.377346E+01 
 1.625381E+00     0.000000E+00       1     2.394824E+02     7.202941E+01     7.388722E+01    -2.277993E+02 
 1.625381E+00     0.000000E+00       2     2.494179E-01     2.309415E+01     2.294299E-01    -9.783246E-02 
 1.625381E+00     0.000000E+00       3     6.813366E+00    -1.454326E+01     6.595054E+00     1.710911E+00 
 1.625381E+00     0.000000E+00       4     4.064745E+00    -4.633107E+01     2.806667E+00     2.940200E+00 
 1.625381E+00     0.000000E+00       5     5.484516E+02    -1.064378E+02    -1.551979E+02     5.260349E+02 
 1.625381E+00     0.000000E+00       6     2.982328E+01     1.100783E+02    -1.023843E+01    -2.801076E+01 
 1.625381E+00     3.000000E+01       1     2.634546E+02     7.957399E+01     4.767624E+01    -2.591048E+02 
 1.625381E+00     3.000000E+01       2     1.601434E+02     7.721267E+01     3.544500E+01    -1.561716E+02 
 1.625381E+00     3.000000E+01       3     2.485975E+01    -1.708978E+02    -2.454671E+01     3.932719E+00 
 1.625381E+00     3.000000E+01       4     9.254690E+02     3.495322E+01     7.585329E+02    -5.302081E+02 
 1.625381E+00     3.000000E+01       5     1.132047E+03    -8.140780E+01     1.691287E+02     1.119342E+03 
 1.625381E+00     3.000000E+01       6     8.167253E+02     1.075499E+02    -2.462728E+02    -7.787105E+02 
 1.625381E+00     6.000000E+01       1     1.132602E+02     8.004372E+01     1.958231E+01    -1.115545E+02 
 1.625381E+00     6.000000E+01       2     1.982238E+02     7.986860E+01     3.486880E+01    -1.951329E+02 
 1.625381E+00     6.000000E+01       3     2.053971E+00    -8.746914E+01     9.069816E-02     2.051967E+00 
 1.625381E+00     6.000000E+01       4     4.020358E+02     8.769232E+01     1.618825E+01    -4.017098E+02 
 1.625381E+00     6.000000E+01       5     2.324944E+02    -8.993770E+01     2.527874E-01     2.324943E+02 
 1.625381E+00     6.000000E+01       6     1.855743E+01    -1.534917E+02    -1.660647E+01     8.282698E+00 
 1.625381E+00     9.000000E+01       1     8.389798E+00     4.549074E+01     5.881454E+00    -5.983077E+00 
 1.625381E+00     9.000000E+01       2     3.103032E+02     7.867267E+01     6.094786E+01    -3.042588E+02 
 1.625381E+00     9.000000E+01       3     2.499443E+01    -1.705743E+02    -2.465697E+01     4.093319E+00 
 1.625381E+00     9.000000E+01       4     1.251954E+03     7.877099E+01     2.437943E+02    -1.227987E+03 
 1.625381E+00     9.000000E+01       5     7.463573E+02     1.727741E+02    -7.404297E+02    -9.387832E+01 
 1.625381E+00     9.000000E+01       6     8.107967E+02    -7.226986E+01     2.469153E+02     7.722850E+02 
 1.625381E+00     1.200000E+02       1     1.185486E+02    -1.084659E+02    -3.754912E+01     1.124448E+02 
 1.625381E+00     1.200000E+02       2     2.093982E+02     7.182993E+01     6.529845E+01    -1.989565E+02 
 1.625381E+00     1.200000E+02       3     6.685774E+00    -1.623120E+01     6.419290E+00     1.868767E+00 
 1.625381E+00     1.200000E+02       4     4.716044E+02     7.356055E+01     1.334650E+02    -4.523249E+02 
 1.625381E+00     1.200000E+02       5     2.707693E+02     7.517779E+01     6.926833E+01    -2.617593E+02 
 1.625381E+00     1.200000E+02       6     7.284979E+01    -1.091970E+02    -2.395431E+01     6.879886E+01 
 1.625381E+00     1.500000E+02       1     2.714942E+02    -1.024024E+02    -5.831040E+01     2.651585E+02 
 1.625381E+00     1.500000E+02       2     1.487182E+02     8.076839E+01     2.385825E+01    -1.467920E+02 
 1.625381E+00     1.500000E+02       3     2.474717E+01    -1.698651E+02    -2.436102E+01     4.354686E+00 
 1.625381E+00     1.500000E+02       4     8.668132E+02     1.264908E+02    -5.154887E+02    -6.968762E+02 
 1.625381E+00     1.500000E+02       5     1.163313E+03     6.005438E+01     5.807001E+02    -1.008010E+03 
 1.625381E+00     1.500000E+02       6     7.570999E+02     1.087268E+02    -2.430710E+02    -7.170193E+02 
 1.625381E+00     1.800000E+02       1     2.299157E+02    -1.000622E+02    -4.017024E+01     2.263793E+02 
 1.625381E+00     1.800000E+02       2     9.070667E-01    -1.625394E+02    -8.652723E-01     2.721650E-01 
 1.625381E+00     1.800000E+02       3     2.193010E+00    -8.555386E+01     1.700064E-01     2.186410E+00 
 1.625381E+00     1.800000E+02       4     1.968311E+00     1.244172E+02    -1.112519E+00    -1.623746E+00 
 1.625381E+00     1.800000E+02       5     4.625467E+02     8.903881E+01     7.759269E+00    -4.624817E+02 
 1.625381E+00     1.800000E+02       6     3.743821E+01    -2.349396E+01     3.433466E+01     1.492483E+01 
 1.664259E+00     0.000000E+00       1     1.852577E+02     4.614022E+01     1.283643E+02    -1.335778E+02 
 1.664259E+00     0.000000E+00       2     8.755955E-01     1.225367E+00     8.753953E-01    -1.872467E-02 
 1.664259E+00     0.000000E+00       3     4.682873E+00    -1.544937E+01     4.513663E+00     1.247455E+00 
 1.664259E+00     0.000000E+00       4     4.644362E+00    -4.615019E+01     3.217477E+00     3.349320E+00 
 1.664259E+00     0.000000E+00       5     3.732291E+02    -1.535676E+02    -3.342118E+02     1.661397E+02 
 1.664259E+00     0.000000E+00       6     1.597687E+01    -1.528537E+02    -1.421693E+01     7.289669E+00 
 1.664259E+00     3.000000E+01       1     2.649061E+02     8.300057E+01     3.228133E+01    -2.629319E+02 
 1.664259E+00     3.000000E+01       2     1.492271E+02     7.897035E+01     2.854966E+01    -1.464706E+02 
 1.664259E+00     3.000000E+01       3     1.904009E+01    -1.725588E+02    -1.887974E+01     2.465865E+00 
 1.664259E+00     3.000000E+01       4     7.315152E+02     3.957502E+01     5.638454E+02    -4.660395E+02 
 1.664259E+00     3.000000E+01       5     1.027720E+03    -7.870866E+01     2.012255E+02     1.007827E+03 
 1.664259E+00     3.000000E+01       6     2.849641E+02     1.615150E+02    -2.702618E+02    -9.034991E+01 
 1.664259E+00     6.000000E+01       1     3.759849E+01     1.018606E+02    -7.727671E+00    -3.679578E+01 
 1.664259E+00     6.000000E+01       2     6.699972E+01     1.004195E+02    -1.211714E+01    -6.589490E+01 
 1.664259E+00     6.000000E+01       3     1.318099E+00    -1.178534E+02    -6.158302E-01     1.165392E+00 
 1.664259E+00     6.000000E+01       4     1.893667E+02     1.492217E+02    -1.626952E+02    -9.690223E+01 
 1.664259E+00     6.000000E+01       5     1.206076E+02    -2.721686E+01     1.072542E+02     5.516106E+01 
 1.664259E+00     6.000000E+01       6     3.833064E+01     1.753552E+02    -3.820476E+01    -3.103936E+00 
 1.664259E+00     9.000000E+01       1     8.566435E+00    -2.929777E+01     7.470688E+00     4.191972E+00 
 1.664259E+00     9.000000E+01       2     3.053191E+02     8.152999E+01     4.497097E+01    -3.019890E+02 
 1.664259E+00     9.000000E+01       3     1.926214E+01    -1.722180E+02    -1.908474E+01     2.608184E+00 
 1.664259E+00     9.000000E+01       4     1.105854E+03     8.375385E+01     1.203170E+02    -1.099289E+03 
 1.664259E+00     9.000000E+01       5     5.911422E+02     1.709688E+02    -5.838137E+02    -9.279342E+01 
 1.664259E+00     9.000000E+01       6     2.612700E+02    -2.209318E+01     2.420858E+02     9.826727E+01 
 1.664259E+00     1.200000E+02       1     9.095855E+01    -1.342202E+02    -6.343610E+01     6.518681E+01 
 1.664259E+00     1.200000E+02       2     1.614797E+02     4.570813E+01     1.127634E+02    -1.155858E+02 
 1.664259E+00     1.200000E+02       3     4.479446E+00    -1.653870E+01     4.294120E+00     1.275132E+00 
 1.664259E+00     1.200000E+02       4     3.160411E+02     2.556909E+01     2.850897E+02    -1.364031E+02 
 1.664259E+00     1.200000E+02       5     1.780413E+02     2.761774E+01     1.577553E+02    -8.253468E+01 
 1.664259E+00     1.200000E+02       6     5.114864E+01    -1.494125E+02    -4.403146E+01     2.602718E+01 
 1.664259E+00     1.500000E+02       1     2.622907E+02    -9.947556E+01    -4.318009E+01     2.587120E+02 
 1.664259E+00     1.500000E+02       2     1.552778E+02     8.443809E+01     1.504972E+01    -1.545468E+02 
 1.664259E+00     1.500000E+02       3     1.907998E+01    -1.713741E+02    -1.886417E+01     2.861654E+00 
 1.664259E+00     1.500000E+02       4     7.709882E+02     1.251685E+02    -4.440762E+02    -6.302532E+02 
 1.664259E+00     1.500000E+02       5     9.839494E+02     6.655780E+01     3.914385E+02    -9.027360E+02 
 1.664259E+00     1.500000E+02       6     2.826122E+02     1.745930E+02    -2.813547E+02    -2.663068E+01 
 1.664259E+00     1.800000E+02       1     8.005647E+01    -7.905900E+01     1.519457E+01     7.860130E+01 
 1.664259E+00     1.800000E+02       2     1.097641E+00     1.119288E+02    -4.099191E-01    -1.018225E+00 
 1.664259E+00     1.800000E+02       3     1.381589E+00    -1.239459E+02    -7.714939E-01     1.146118E+00 
 1.664259E+00     1.800000E+02       4     7.018676E+00     9.526604E+01    -6.441769E-01    -6.989052E+00 
 1.664259E+00     1.800000E+02       5     2.346709E+02     1.488324E+02    -2.007977E+02    -1.214525E+02 
 1.664259E+00     1.800000E+02       6     3.486018E+01    -7.767479E+01     7.441262E+00     3.405671E+01 
 1.703136E+00     0.000000E+00       1     1.913290E+02     5.097274E-01     1.913214E+02    -1.702121E+00 
 1.703136E+00     0.000000E+00       2     5.225577E-01    -6.919619E+01     1.855964E-01     4.884880E-01 
 1.703136E+00     0.000000E+00       3     2.443703E+00    -3.556670E+01     1.987803E+00     1.421381E+00 
 1.703136E+00     0.000000E+00       4     3.416856E+00    -7.924132E+01     6.378343E-01     3.356795E+00 
 1.703136E+00     0.000000E+00       5     5.340646E+02     1.592872E+02    -4.995454E+02    -1.888898E+02 
 1.703136E+00     0.000000E+00       6     3.112910E+01    -1.727883E+02    -3.088284E+01     3.907803E+00 
 1.703136E+00     3.000000E+01       1     1.961277E+02     8.392638E+01     2.075154E+01    -1.950268E+02 
 1.703136E+00     3.000000E+01       2     1.105850E+02     8.867161E+01     2.563664E+00    -1.105553E+02 
 1.703136E+00     3.000000E+01       3     1.461388E+01    -1.726947E+02    -1.449526E+01     1.858249E+00 
 1.703136E+00     3.000000E+01       4     5.055117E+02     4.500461E+01     3.574220E+02    -3.574795E+02 
 1.703136E+00     3.000000E+01       5     7.441005E+02    -7.100920E+01     2.421425E+02     7.035997E+02 
 1.703136E+00     3.000000E+01       6     1.304689E+03     1.239134E+02    -7.279375E+02    -1.082738E+03 
 1.703136E+00     6.000000E+01       1     7.697523E+01    -1.685238E+02    -7.543629E+01     1.531507E+01 
 1.703136E+00     6.000000E+01       2     1.311014E+02    -1.686494E+02    -1.285372E+02     2.580246E+01 
 1.703136E+00     6.000000E+01       3     1.946404E+00    -1.342966E+02    -1.359316E+00     1.393108E+00 
 1.703136E+00     6.000000E+01       4     4.583105E+02    -1.724555E+02    -4.543430E+02     6.017431E+01 
 1.703136E+00     6.000000E+01       5     2.777090E+02     6.839160E+00     2.757330E+02    -3.307032E+01 
 1.703136E+00     6.000000E+01       6     2.292256E+01     1.030832E+02    -5.188900E+00    -2.232755E+01 
 1.703136E+00     9.000000E+01       1     9.340195E+00    -1.733719E+02    -9.277767E+00     1.078088E+00 
 1.703136E+00     9.000000E+01       2     2.250183E+02     8.461161E+01     2.113070E+01    -2.240239E+02 
 1.703136E+00     9.000000E+01       3     1.490723E+01    -1.723381E+02    -1.477414E+01     1.987539E+00 
 1.703136E+00     9.000000E+01       4     7.853557E+02     9.148367E+01    -2.033446E+01    -7.850924E+02 
 1.703136E+00     9.000000E+01       5     4.237070E+02     1.755725E+02    -4.224426E+02    -3.270892E+01 
 1.703136E+00     9.000000E+01       6     1.252488E+03    -5.832780E+01     6.576302E+02     1.065950E+03 
 1.703136E+00     1.200000E+02       1     9.486960E+01     1.799254E+02    -9.486952E+01    -1.234706E-01 
 1.703136E+00     1.200000E+02       2     1.658218E+02     1.027330E-02     1.658218E+02    -2.973234E-02 
 1.703136E+00     1.200000E+02       3     2.134195E+00    -3.679793E+01     1.708963E+00     1.278372E+00 
 1.703136E+00     1.200000E+02       4     4.584703E+02    -2.210431E+01     4.247728E+02     1.725196E+02 
 1.703136E+00     1.200000E+02       5     2.617925E+02    -2.141523E+01     2.437180E+02     9.558676E+01 
 1.703136E+00     1.200000E+02       6     3.643763E+01     1.512477E+02    -3.194513E+01    -1.752739E+01 
 1.703136E+00     1.500000E+02       1     1.959837E+02    -9.412347E+01    -1.409241E+01     1.954764E+02 
 1.703136E+00     1.500000E+02       2     1.137481E+02     8.080677E+01     1.817292E+01    -1.122870E+02 
 1.703136E+00     1.500000E+02       3     1.474147E+01    -1.716860E+02    -1.458654E+01     2.131595E+00 
 1.703136E+00     1.500000E+02       4     5.642066E+02     1.320080E+02    -3.775866E+02    -4.192343E+02 
 1.703136E+00     1.500000E+02       5     6.954707E+02     7.395537E+01     1.922184E+02    -6.683798E+02 
 1.703136E+00     1.500000E+02       6     1.255645E+03     1.249712E+02    -7.196912E+02    -1.028927E+03 
 1.703136E+00     1.800000E+02       1     1.510337E+02     1.020802E+01     1.486430E+02    -2.676658E+01 
 1.703136E+00     1.800000E+02       2     1.526008E+00     3.587393E+01     1.236537E+00    -8.942462E-01 
 1.703136E+00     1.800000E+02       3     1.829903E+00    -1.460749E+02    -1.518394E+00     1.021285E+00 
 1.703136E+00     1.800000E+02       4     8.673781E+00     6.035636E+01     4.290086E+00    -7.538543E+00 
 1.703136E+00     1.800000E+02       5     5.322065E+02    -1.742527E+02    -5.295312E+02     5.329602E+01 
 1.703136E+00     1.800000E+02       6     4.941352E+01    -1.429212E+02    -3.942248E+01     2.979201E+01 
 1.742013E+00     0.000000E+00       1     2.035743E+02    -1.385388E+01     1.976522E+02     4.874517E+01 
 1.742013E+00     0.000000E+00       2     5.437188E-01     1.519208E+02    -4.797217E-01    -2.559241E-01 
 1.742013E+00     0.000000E+00       3     2.216202E+00    -1.068188E+02    -6.412471E-01     2.121403E+00 
 1.742013E+00     0.000000E+00       4     1.725222E+00     1.351948E+02    -1.224056E+00    -1.215763E+00 
 1.742013E+00     0.000000E+00       5     6.086459E+02     1.580350E+02    -5.644660E+02    -2.276575E+02 
 1.742013E+00     0.000000E+00       6     7.324671E+00     4.974888E+01     4.732755E+00    -5.590334E+00 
 1.742013E+00     3.000000E+01       1     1.144553E+02     1.010813E+02    -2.199858E+01    -1.123213E+02 
 1.742013E+00     3.000000E+01       2     8.566367E+01     1.019011E+02    -1.766576E+01    -8.382234E+01 
 1.742013E+00     3.000000E+01       3     1.151011E+01    -1.684781E+02    -1.127817E+01     2.299065E+00 
 1.742013E+00     3.000000E+01       4     3.475283E+02     5.232239E+01     2.124155E+02    -2.750556E+02 
 1.742013E+00     3.000000E+01       5     5.237394E+02    -5.192928E+01     3.229554E+02     4.123139E+02 
 1.742013E+00     3.000000E+01       6     3.622573E+03     9.939646E+01    -5.914394E+02    -3.573967E+03 
 1.742013E+00     6.000000E+01       1     1.001348E+02    -1.740052E+02    -9.958715E+01     1.045798E+01 
 1.742013E+00     6.000000E+01       2     1.730492E+02    -1.740940E+02    -1.721307E+02     1.780633E+01 
 1.742013E+00     6.000000E+01       3     1.997860E+00    -1.475128E+02    -1.685217E+00     1.073075E+00 
 1.742013E+00     6.000000E+01       4     4.899950E+02    -1.772397E+02    -4.894265E+02     2.359702E+01 
 1.742013E+00     6.000000E+01       5     2.907158E+02     3.017721E+00     2.903127E+02    -1.530468E+01 
 1.742013E+00     6.000000E+01       6     2.273101E+01    -6.883483E+01     8.207207E+00     2.119766E+01 
 1.742013E+00     9.000000E+01       1     1.770570E+01     1.048833E+02    -4.547716E+00    -1.711169E+01 
 1.742013E+00     9.000000E+01       2     1.413934E+02     1.011551E+02    -2.735488E+01    -1.387221E+02 
 1.742013E+00     9.000000E+01       3     1.175585E+01    -1.681638E+02    -1.150590E+01     2.411300E+00 
 1.742013E+00     9.000000E+01       4     5.238123E+02     1.083918E+02    -1.652693E+02    -4.970567E+02 
 1.742013E+00     9.000000E+01       5     3.437911E+02    -1.727904E+02    -3.410730E+02     4.314563E+01 
 1.742013E+00     9.000000E+01       6     3.573512E+03    -8.133678E+01     5.382646E+02     3.532741E+03 
 1.742013E+00     1.200000E+02       1     1.016017E+02     1.653115E+02    -9.828122E+01    -2.576245E+01 
 1.742013E+00     1.200000E+02       2     1.756318E+02    -1.425161E+01     1.702266E+02     4.323713E+01 
 1.742013E+00     1.200000E+02       3     2.069736E+00    -1.151651E+02    -8.801108E-01     1.873289E+00 
 1.742013E+00     1.200000E+02       4     5.212321E+02    -2.292774E+01     4.800531E+02     2.030563E+02 
 1.742013E+00     1.200000E+02       5     3.008774E+02    -2.353664E+01     2.758458E+02     1.201510E+02 
 1.742013E+00     1.200000E+02       6     3.661230E+01     1.091966E+02    -1.203854E+01    -3.457650E+01 
 1.742013E+00     1.500000E+02       1     1.327453E+02    -7.947081E+01     2.425740E+01     1.305101E+02 
 1.742013E+00     1.500000E+02       2     5.399912E+01     1.008158E+02    -1.013303E+01    -5.303986E+01 
 1.742013E+00     1.500000E+02       3     1.154812E+01    -1.677013E+02    -1.128309E+01     2.459852E+00 
 1.742013E+00     1.500000E+02       4     4.353218E+02     1.514068E+02    -3.822298E+02    -2.083399E+02 
 1.742013E+00     1.500000E+02       5     4.529145E+02     8.632676E+01     2.901653E+01    -4.519841E+02 
 1.742013E+00     1.500000E+02       6     3.599067E+03     9.891526E+01    -5.577599E+02    -3.555585E+03 
 1.742013E+00     1.800000E+02       1     1.995594E+02     5.424557E+00     1.986657E+02    -1.886535E+01 
 1.742013E+00     1.800000E+02       2     1.326114E+00    -3.330048E+00     1.323875E+00     7.703076E-02 
 1.742013E+00     1.800000E+02       3     1.700066E+00    -1.575851E+02    -1.571621E+00     6.482530E-01 
 1.742013E+00     1.800000E+02       4     4.423191E+00     3.703880E+01     3.530714E+00    -2.664334E+00 
 1.742013E+00     1.800000E+02       5     5.633185E+02    -1.786712E+02    -5.631670E+02     1.306350E+01 
 1.742013E+00     1.800000E+02       6     4.585946E+01    -1.799556E+02    -4.585944E+01     3.553305E-02 
 1.780890E+00     0.000000E+00       1     2.101016E+02    -8.214680E+00     2.079459E+02     3.001985E+01 
 1.780890E+00     0.000000E+00       2     8.681976E-01     9.867250E+01    -1.309123E-01    -8.582710E-01 
 1.780890E+00     0.000000E+00       3     4.793324E+00    -1.696929E+02    -4.715973E+00     8.576421E-01 
 1.780890E+00     0.000000E+00       4     3.702524E+00     4.778767E+01     2.487652E+00    -2.742311E+00 
 1.780890E+00     0.000000E+00       5     6.470149E+02     1.709766E+02    -6.390076E+02    -1.014769E+02 
 1.780890E+00     0.000000E+00       6     3.926128E+01    -2.283578E+01     3.618402E+01     1.523696E+01 
 1.780890E+00     3.000000E+01       1     6.911262E+01     1.240022E+02    -3.864945E+01    -5.729549E+01 
 1.780890E+00     3.000000E+01       2     6.181865E+01     9.825104E+01    -8.871634E+00    -6.117875E+01 
 1.780890E+00     3.000000E+01       3     1.158550E+01    -1.641062E+02    -1.114260E+01     3.172750E+00 
 1.780890E+00     3.000000E+01       4     2.769341E+02     5.077060E+01     1.751405E+02    -2.145187E+02 
 1.780890E+00     3.000000E+01       5     3.627501E+02    -3.560013E+01     2.949519E+02     2.111658E+02 
 1.780890E+00     3.000000E+01       6     5.256954E+03     9.268403E+01    -2.461724E+02    -5.251187E+03 
 1.780890E+00     6.000000E+01       1     8.145591E+01    -1.688391E+02    -7.991537E+01     1.576704E+01 
 1.780890E+00     6.000000E+01       2     1.407054E+02    -1.690554E+02    -1.381462E+02     2.671422E+01 
 1.780890E+00     6.000000E+01       3     1.205758E+00    -4.663493E+01     8.279269E-01     8.765780E-01 
 1.780890E+00     6.000000E+01       4     3.562301E+02    -1.700350E+02    -3.508560E+02     6.164421E+01 
 1.780890E+00     6.000000E+01       5     2.131570E+02     1.074556E+01     2.094192E+02    -3.974266E+01 
 1.780890E+00     6.000000E+01       6     2.561323E+01    -1.317617E+02    -1.705927E+01     1.910546E+01 
 1.780890E+00     9.000000E+01       1     2.672663E+01     6.358127E+01     1.189142E+01    -2.393547E+01 
 1.780890E+00     9.000000E+01       2     8.877606E+01     1.156467E+02    -3.842414E+01    -8.002983E+01 
 1.780890E+00     9.000000E+01       3     1.171851E+01    -1.634777E+02    -1.123464E+01     3.332616E+00 
 1.780890E+00     9.000000E+01       4     3.400165E+02     1.190447E+02    -1.650751E+02    -2.972565E+02 
 1.780890E+00     9.000000E+01       5     3.141616E+02    -1.641532E+02    -3.022219E+02     8.578715E+01 
 1.780890E+00     9.000000E+01       6     5.247033E+03    -8.755747E+01     2.236146E+02     5.242265E+03 
 1.780890E+00     1.200000E+02       1     1.047492E+02     1.710626E+02    -1.034774E+02    -1.627334E+01 
 1.780890E+00     1.200000E+02       2     1.816656E+02    -8.187620E+00     1.798139E+02     2.587192E+01 
 1.780890E+00     1.200000E+02       3     4.932350E+00    -1.730716E+02    -4.896332E+00     5.949875E-01 
 1.780890E+00     1.200000E+02       4     5.556160E+02    -8.986905E+00     5.487953E+02     8.679207E+01 
 1.780890E+00     1.200000E+02       5     3.122646E+02    -9.242603E+00     3.082105E+02     5.015442E+01 
 1.780890E+00     1.200000E+02       6     2.390932E+01     1.193812E+02    -1.173033E+01    -2.083399E+01 
 1.780890E+00     1.500000E+02       1     8.590207E+01    -7.258844E+01     2.570477E+01     8.196604E+01 
 1.780890E+00     1.500000E+02       2     3.495663E+01     1.497476E+02    -3.019604E+01    -1.761151E+01 
 1.780890E+00     1.500000E+02       3     1.152129E+01    -1.633926E+02    -1.104069E+01     3.292929E+00 
 1.780890E+00     1.500000E+02       4     3.524881E+02     1.683407E+02    -3.452151E+02    -7.123485E+01 
 1.780890E+00     1.500000E+02       5     2.960919E+02     9.016623E+01    -8.590177E-01    -2.960907E+02 
 1.780890E+00     1.500000E+02       6     5.268276E+03     9.176997E+01    -1.627209E+02    -5.265762E+03 
 1.780890E+00     1.800000E+02       1     1.625506E+02     1.068537E+01     1.597320E+02    -3.013942E+01 
 1.780890E+00     1.800000E+02       2     1.329683E+00    -5.656858E+01     7.325736E-01     1.109681E+00 
 1.780890E+00     1.800000E+02       3     1.217124E+00    -2.990296E+01     1.055089E+00     6.067757E-01 
 1.780890E+00     1.800000E+02       4     4.371256E+00    -1.667127E+02    -4.254236E+00     1.004667E+00 
 1.780890E+00     1.800000E+02       5     3.983027E+02    -1.708948E+02    -3.932839E+02     6.303016E+01 
 1.780890E+00     1.800000E+02       6     5.348015E+01     1.621606E+02    -5.090876E+01    -1.638366E+01 
 1.819768E+00     0.000000E+00       1     1.848588E+02    -2.872134E+00     1.846266E+02     9.262759E+00 
 1.819768E+00     0.000000E+00       2     2.279119E-01    -3.276561E+01     1.916492E-01     1.233467E-01 
 1.819768E+00     0.000000E+00       3     3.107313E+00     1.407296E+02    -2.405580E+00    -1.966871E+00 
 1.819768E+00     0.000000E+00       4     1.551859E+00    -1.504335E+02    -1.349781E+00     7.657386E-01 
 1.819768E+00     0.000000E+00       5     5.646863E+02     1.791174E+02    -5.646193E+02    -8.698385E+00 
 1.819768E+00     0.000000E+00       6     3.325879E+01    -3.745369E+01     2.640233E+01     2.022534E+01 
 1.819768E+00     3.000000E+01       1     3.381307E+01     1.335453E+02    -2.329475E+01    -2.450874E+01 
 1.819768E+00     3.000000E+01       2     4.016669E+01     4.956285E+01     2.605265E+01    -3.057159E+01 
 1.819768E+00     3.000000E+01       3     9.755533E+00    -1.770793E+02    -9.742861E+00     4.970808E-01 
 1.819768E+00     3.000000E+01       4     2.725722E+02     3.005315E+01     2.359279E+02    -1.365050E+02 
 1.819768E+00     3.000000E+01       5     2.078385E+02    -2.625138E+01     1.864025E+02     9.192911E+01 
 1.819768E+00     3.000000E+01       6     5.931483E+03     9.734364E+01    -7.581621E+02    -5.882829E+03 
 1.819768E+00     6.000000E+01       1     6.366123E+01    -1.554523E+02    -5.790726E+01     2.644808E+01 
 1.819768E+00     6.000000E+01       2     1.099755E+02    -1.556088E+02    -1.001598E+02     4.541605E+01 
 1.819768E+00     6.000000E+01       3     3.786182E+00    -8.453966E+01     3.602809E-01     3.769001E+00 
 1.819768E+00     6.000000E+01       4     2.526960E+02    -1.500618E+02    -2.189774E+02     1.261117E+02 
 1.819768E+00     6.000000E+01       5     1.497521E+02     3.134119E+01     1.279011E+02    -7.789106E+01 
 1.819768E+00     6.000000E+01       6     7.497859E+00    -4.202460E+01     5.569840E+00     5.019439E+00 
 1.819768E+00     9.000000E+01       1     3.658205E+01     2.212845E+01     3.388748E+01    -1.377988E+01 
 1.819768E+00     9.000000E+01       2     3.724780E+01     1.024450E+02    -8.026960E+00    -3.637261E+01 
 1.819768E+00     9.000000E+01       3     9.732787E+00    -1.757825E+02    -9.706432E+00     7.157684E-01 
 1.819768E+00     9.000000E+01       4     1.633894E+02     1.054908E+02    -4.363870E+01    -1.574540E+02 
 1.819768E+00     9.000000E+01       5     3.088276E+02    -1.663851E+02    -3.001495E+02     7.269619E+01 
 1.819768E+00     9.000000E+01       6     5.943656E+03    -8.317101E+01     7.067390E+02     5.901489E+03 
 1.819768E+00     1.200000E+02       1     9.210604E+01     1.767115E+02    -9.195437E+01    -5.283613E+00 
 1.819768E+00     1.200000E+02       2     1.602480E+02    -3.117099E+00     1.600109E+02     8.713776E+00 
 1.819768E+00     1.200000E+02       3     3.286317E+00     1.395650E+02    -2.501353E+00    -2.131458E+00 
 1.819768E+00     1.200000E+02       4     4.873972E+02    -6.755163E-01     4.873633E+02     5.746272E+00 
 1.819768E+00     1.200000E+02       5     2.829163E+02     2.059677E-01     2.829144E+02    -1.017029E+00 
 1.819768E+00     1.200000E+02       6     4.423212E+01     1.316890E+02    -2.941820E+01    -3.303105E+01 
 1.819768E+00     1.500000E+02       1     4.054472E+01    -1.058103E+02    -1.104656E+01     3.901087E+01 
 1.819768E+00     1.500000E+02       2     3.410645E+01     1.727175E+02    -3.383132E+01    -4.323392E+00 
 1.819768E+00     1.500000E+02       3     9.492513E+00    -1.767209E+02    -9.476972E+00     5.429647E-01 
 1.819768E+00     1.500000E+02       4     2.814458E+02     1.786526E+02    -2.813680E+02    -6.617793E+00 
 1.819768E+00     1.500000E+02       5     2.053607E+02     5.970129E+01     1.036062E+02    -1.773099E+02 
 1.819768E+00     1.500000E+02       6     5.937711E+03     9.622790E+01    -6.441433E+02    -5.902668E+03 
 1.819768E+00     1.800000E+02       1     1.278019E+02     2.455832E+01     1.162408E+02    -5.311695E+01 
 1.819768E+00     1.800000E+02       2     9.384267E-01    -1.172047E+02    -4.290209E-01     8.346171E-01 
 1.819768E+00     1.800000E+02       3     3.738162E+00    -7.989212E+01     6.560557E-01     3.680142E+00 
 1.819768E+00     1.800000E+02       4     8.089048E+00     1.589663E+02    -7.550072E+00    -2.903294E+00 
 1.819768E+00     1.800000E+02       5     2.887056E+02    -1.483137E+02    -2.456701E+02     1.516480E+02 
 1.819768E+00     1.800000E+02       6     4.061491E+01     1.232450E+02    -2.226594E+01    -3.396762E+01 
 1.858645E+00     0.000000E+00       1     1.247466E+02    -2.690951E+00     1.246091E+02     5.856691E+00 
 1.858645E+00     0.000000E+00       2     8.632817E-01    -9.124532E+01    -1.876193E-02     8.630778E-01 
 1.858645E+00     0.000000E+00       3     1.514668E+00     1.224867E+02    -8.135336E-01    -1.277647E+00 
 1.858645E+00     0.000000E+00       4     2.810724E+00    -1.710723E+02    -2.776672E+00     4.361906E-01 
 1.858645E+00     0.000000E+00       5     3.574643E+02    -1.760770E+02    -3.566267E+02     2.445630E+01 
 1.858645E+00     0.000000E+00       6     6.956943E+00    -3.365607E+01     5.790816E+00     3.855583E+00 
 1.858645E+00     3.000000E+01       1     9.178668E+00     1.087830E+02    -2.955390E+00    -8.689857E+00 
 1.858645E+00     3.000000E+01       2     4.187019E+01    -1.863715E+01     3.967457E+01     1.338061E+01 
 1.858645E+00     3.000000E+01       3     7.363271E+00    -1.788750E+02    -7.361852E+00     1.445643E-01 
 1.858645E+00     3.000000E+01       4     2.484209E+02     3.320473E+00     2.480039E+02    -1.438873E+01 
 1.858645E+00     3.000000E+01       5     8.902701E+01    -3.181140E+01     7.565407E+01     4.692836E+01 
 1.858645E+00     3.000000E+01       6     5.965673E+03     1.045611E+02    -1.499846E+03    -5.774055E+03 
 1.858645E+00     6.000000E+01       1     4.151438E+01    -1.671746E+02    -4.047863E+01     9.215406E+00 
 1.858645E+00     6.000000E+01       2     7.183184E+01    -1.669706E+02    -6.998249E+01     1.619457E+01 
 1.858645E+00     6.000000E+01       3     3.515501E+00    -9.683288E+01    -4.182521E-01     3.490531E+00 
 1.858645E+00     6.000000E+01       4     1.474269E+02    -1.564427E+02    -1.351404E+02     5.892159E+01 
 1.858645E+00     6.000000E+01       5     8.521049E+01     2.730683E+01     7.571485E+01    -3.909077E+01 
 1.858645E+00     6.000000E+01       6     3.546510E+01    -3.652019E+01     2.850143E+01     2.110549E+01 
 1.858645E+00     9.000000E+01       1     3.962238E+01    -2.414584E+01     3.615570E+01     1.620795E+01 
 1.858645E+00     9.000000E+01       2     1.610400E+01     4.153931E+00     1.606170E+01    -1.166514E+00 
 1.858645E+00     9.000000E+01       3     7.267208E+00    -1.770748E+02    -7.257739E+00     3.708678E-01 
 1.858645E+00     9.000000E+01       4     7.854761E+01     4.468942E+01     5.584179E+01    -5.523966E+01 
 1.858645E+00     9.000000E+01       5     2.575021E+02     1.775301E+02    -2.572628E+02    -1.109681E+01 
 1.858645E+00     9.000000E+01       6     5.942582E+03    -7.596358E+01     1.441306E+03     5.765147E+03 
 1.858645E+00     1.200000E+02       1     6.213814E+01     1.774960E+02    -6.207881E+01    -2.714769E+00 
 1.858645E+00     1.200000E+02       2     1.070886E+02    -2.741568E+00     1.069661E+02     5.122170E+00 
 1.858645E+00     1.200000E+02       3     1.616676E+00     1.218557E+02    -8.532517E-01    -1.373172E+00 
 1.858645E+00     1.200000E+02       4     3.072443E+02     5.290289E+00     3.059356E+02    -2.832849E+01 
 1.858645E+00     1.200000E+02       5     1.825160E+02     4.945791E+00     1.818364E+02    -1.573529E+01 
 1.858645E+00     1.200000E+02       6     3.303937E+01     1.084264E+02    -1.044328E+01    -3.134546E+01 
 1.858645E+00     1.500000E+02       1     3.400918E+01     1.687360E+02    -3.335408E+01    -6.643003E+00 
 1.858645E+00     1.500000E+02       2     2.696217E+01     1.524088E+02    -2.389589E+01    -1.248780E+01 
 1.858645E+00     1.500000E+02       3     6.970662E+00    -1.784911E+02    -6.968245E+00     1.835515E-01 
 1.858645E+00     1.500000E+02       4     1.953067E+02     1.720732E+02    -1.934406E+02    -2.693428E+01 
 1.858645E+00     1.500000E+02       5     1.791126E+02     1.508094E+01     1.729439E+02    -4.660212E+01 
 1.858645E+00     1.500000E+02       6     5.949819E+03     1.035996E+02    -1.399013E+03    -5.783002E+03 
 1.858645E+00     1.800000E+02       1     8.362631E+01     1.340507E+01     8.134794E+01    -1.938742E+01 
 1.858645E+00     1.800000E+02       2     1.126796E+00    -1.502010E+02    -9.778044E-01     5.599712E-01 
 1.858645E+00     1.800000E+02       3     3.626238E+00    -9.283472E+01    -1.793356E-01     3.621801E+00 
 1.858645E+00     1.800000E+02       4     8.267646E+00     1.664536E+02    -8.037643E+00    -1.936559E+00 
 1.858645E+00     1.800000E+02       5     1.710497E+02    -1.532560E+02    -1.527519E+02     7.697317E+01 
 1.858645E+00     1.800000E+02       6     2.548662E+01     6.989742E+01     8.759801E+00    -2.393395E+01 
 1.897522E+00     0.000000E+00       1     6.668763E+01    -6.309135E+01     3.018078E+01     5.946731E+01 
 1.897522E+00     0.000000E+00       2     1.286389E+00    -1.269507E+02    -7.732841E-01     1.028021E+00 
 1.897522E+00     0.000000E+00       3     9.289365E-01     8.632103E+01     5.960624E-02    -9.270222E-01 
 1.897522E+00     0.000000E+00       4     3.505237E+00    -1.598188E+02    -3.290038E+00     1.209270E+00 
 1.897522E+00     0.000000E+00       5     1.281425E+02     1.277620E+02    -7.847226E+01    -1.013045E+02 
 1.897522E+00     0.000000E+00       6     2.596997E+01     7.905198E+01     4.932174E+00    -2.549732E+01 
 1.897522E+00     3.000000E+01       1     3.588830E+01     1.213364E+02    -1.866411E+01    -3.065324E+01 
 1.897522E+00     3.000000E+01       2     1.913684E+01    -9.446269E+01    -1.489037E+00     1.907883E+01 
 1.897522E+00     3.000000E+01       3     5.565454E+00    -1.771156E+02    -5.558403E+00     2.800606E-01 
 1.897522E+00     3.000000E+01       4     1.113717E+02    -3.024442E+00     1.112166E+02     5.876191E+00 
 1.897522E+00     3.000000E+01       5     1.355790E+02    -5.445381E+01     7.882010E+01     1.103135E+02 
 1.897522E+00     3.000000E+01       6     5.039082E+03     1.074850E+02    -1.514022E+03    -4.806254E+03 
 1.897522E+00     6.000000E+01       1     3.614853E+01     6.780205E+01     1.365719E+01    -3.346935E+01 
 1.897522E+00     6.000000E+01       2     6.121626E+01     6.852843E+01     2.240756E+01    -5.696781E+01 
 1.897522E+00     6.000000E+01       3     2.980919E+00    -9.818390E+01    -4.243365E-01     2.950563E+00 
 1.897522E+00     6.000000E+01       4     1.611444E+02     5.343378E+01     9.600199E+01    -1.294262E+02 
 1.897522E+00     6.000000E+01       5     9.445077E+01    -1.325431E+02    -6.386239E+01     6.958839E+01 
 1.897522E+00     6.000000E+01       6     4.772427E+01    -8.323600E+01     5.620969E+00     4.739209E+01 
 1.897522E+00     9.000000E+01       1     3.354064E+01    -7.601195E+01     8.107429E+00     3.254603E+01 
 1.897522E+00     9.000000E+01       2     2.513982E+01     1.327301E+02    -1.705851E+01    -1.846667E+01 
 1.897522E+00     9.000000E+01       3     5.478340E+00    -1.754855E+02    -5.461343E+00     4.312084E-01 
 1.897522E+00     9.000000E+01       4     9.443511E+01     9.786966E+01    -1.293005E+01    -9.354573E+01 
 1.897522E+00     9.000000E+01       5     1.511706E+02     1.571046E+02    -1.392608E+02    -5.881293E+01 
 1.897522E+00     9.000000E+01       6     5.002762E+03    -7.245578E+01     1.508042E+03     4.770056E+03 
 1.897522E+00     1.200000E+02       1     3.246551E+01     1.181435E+02    -1.531336E+01    -2.862710E+01 
 1.897522E+00     1.200000E+02       2     5.564486E+01    -6.328366E+01     2.501647E+01     4.970439E+01 
 1.897522E+00     1.200000E+02       3     9.855581E-01     8.293621E+01     1.211983E-01    -9.780775E-01 
 1.897522E+00     1.200000E+02       4     1.003141E+02    -4.909786E+01     6.568259E+01     7.582034E+01 
 1.897522E+00     1.200000E+02       5     6.428373E+01    -4.757969E+01     4.336350E+01     4.745529E+01 
 1.897522E+00     1.200000E+02       6     1.297835E+01     4.959751E+01     8.411955E+00    -9.883143E+00 
 1.897522E+00     1.500000E+02       1     8.752728E+00     1.684921E+00     8.748943E+00    -2.573581E-01 
 1.897522E+00     1.500000E+02       2     3.898695E+01     1.154930E+02    -1.678001E+01    -3.519110E+01 
 1.897522E+00     1.500000E+02       3     5.141849E+00    -1.765683E+02    -5.132629E+00     3.077814E-01 
 1.897522E+00     1.500000E+02       4     1.536826E+02     1.442302E+02    -1.246938E+02    -8.983207E+01 
 1.897522E+00     1.500000E+02       5     8.066465E+01     4.209592E+01     5.985507E+01    -5.407547E+01 
 1.897522E+00     1.500000E+02       6     5.033549E+03     1.070027E+02    -1.471894E+03    -4.813538E+03 
 1.897522E+00     1.800000E+02       1     6.928706E+01    -1.122270E+02    -2.620970E+01     6.413851E+01 
 1.897522E+00     1.800000E+02       2     1.625206E+00    -1.713042E+02    -1.606524E+00     2.457122E-01 
 1.897522E+00     1.800000E+02       3     3.242157E+00    -9.562520E+01    -3.177983E-01     3.226544E+00 
 1.897522E+00     1.800000E+02       4     8.684768E+00    -1.777851E+02    -8.678280E+00     3.356386E-01 
 1.897522E+00     1.800000E+02       5     1.747429E+02     5.057111E+01     1.109827E+02    -1.349738E+02 
 1.897522E+00     1.800000E+02       6     3.840219E+01     1.278507E+01     3.745009E+01    -8.498189E+00 
 1.936399E+00     0.000000E+00       1     1.128632E+02    -1.376076E+02    -8.335454E+01     7.609282E+01 
 1.936399E+00     0.000000E+00       2     1.152984E-01     1.082480E+02    -3.610346E-02    -1.095001E-01 
 1.936399E+00     0.000000E+00       3     1.301178E+00     5.124882E+01     8.144588E-01    -1.014752E+00 
 1.936399E+00     0.000000E+00       4     2.013031E+00    -1.373494E+02    -1.480582E+00     1.363881E+00 
 1.936399E+00     0.000000E+00       5     2.616117E+02     3.753599E+01     2.074504E+02    -1.593894E+02 
 1.936399E+00     0.000000E+00       6     1.153491E+01     1.217487E+01     1.127547E+01    -2.432667E+00 
 1.936399E+00     3.000000E+01       1     1.029244E+02     1.079519E+02    -3.172317E+01    -9.791355E+01 
 1.936399E+00     3.000000E+01       2     5.201347E+01     1.267536E+02    -3.112354E+01    -4.167405E+01 
 1.936399E+00     3.000000E+01       3     3.982686E+00    -1.733321E+02    -3.955746E+00     4.624449E-01 
 1.936399E+00     3.000000E+01       4     1.410457E+02     8.695590E+01     7.490174E+00    -1.408467E+02 
 1.936399E+00     3.000000E+01       5     2.992164E+02    -7.091388E+01     9.784043E+01     2.827679E+02 
 1.936399E+00     3.000000E+01       6     2.928044E+03     1.058095E+02    -7.977134E+02    -2.817285E+03 
 1.936399E+00     6.000000E+01       1     8.336758E+01     1.722035E+01     7.963049E+01    -2.468075E+01 
 1.936399E+00     6.000000E+01       2     1.431642E+02     1.752288E+01     1.365209E+02    -4.310484E+01 
 1.936399E+00     6.000000E+01       3     2.573808E+00    -9.821470E+01    -3.677532E-01     2.547399E+00 
 1.936399E+00     6.000000E+01       4     3.781830E+02     1.551484E+01     3.644025E+02    -1.011594E+02 
 1.936399E+00     6.000000E+01       5     2.232730E+02    -1.667308E+02    -2.173122E+02     5.124694E+01 
 1.936399E+00     6.000000E+01       6     8.932786E+00     1.471739E+02    -7.506398E+00    -4.842381E+00 
 1.936399E+00     9.000000E+01       1     1.766209E+01    -1.312350E+02    -1.164195E+01     1.328211E+01 
 1.936399E+00     9.000000E+01       2     1.141941E+02     1.111392E+02    -4.118235E+01    -1.065096E+02 
 1.936399E+00     9.000000E+01       3     3.964570E+00    -1.727759E+02    -3.933099E+00     4.985488E-01 
 1.936399E+00     9.000000E+01       4     3.154492E+02     1.042574E+02    -7.768812E+01    -3.057331E+02 
 1.936399E+00     9.000000E+01       5     6.109066E+01     1.647125E+02    -5.892896E+01    -1.610734E+01 
 1.936399E+00     9.000000E+01       6     2.929252E+03    -7.415137E+01     7.999693E+02     2.817901E+03 
 1.936399E+00     1.200000E+02       1     5.572934E+01     4.219726E+01     4.128634E+01    -3.743257E+01 
 1.936399E+00     1.200000E+02       2     9.620538E+01    -1.382234E+02    -7.174501E+01     6.409468E+01 
 1.936399E+00     1.200000E+02       3     1.424690E+00     4.832150E+01     9.473477E-01    -1.064083E+00 
 1.936399E+00     1.200000E+02       4     2.205890E+02    -1.444925E+02    -1.795681E+02     1.281203E+02 
 1.936399E+00     1.200000E+02       5     1.298520E+02    -1.424114E+02    -1.028961E+02     7.920815E+01 
 1.936399E+00     1.200000E+02       6     1.986152E+01    -6.911345E+01     7.081004E+00     1.855639E+01 
 1.936399E+00     1.500000E+02       1     9.419183E+01    -6.482320E+01     4.007042E+01     8.524355E+01 
 1.936399E+00     1.500000E+02       2     6.451755E+01     1.016100E+02    -1.298411E+01    -6.319752E+01 
 1.936399E+00     1.500000E+02       3     3.622107E+00    -1.721605E+02    -3.588255E+00     4.940515E-01 
 1.936399E+00     1.500000E+02       4     1.841681E+02     1.175935E+02    -8.530584E+01    -1.632201E+02 
 1.936399E+00     1.500000E+02       5     2.596541E+02     9.757533E+01    -3.423010E+01    -2.573879E+02 
 1.936399E+00     1.500000E+02       6     2.956996E+03     1.052543E+02    -7.779968E+02    -2.852813E+03 
 1.936399E+00     1.800000E+02       1     1.650279E+02    -1.630330E+02    -1.578448E+02     4.815848E+01 
 1.936399E+00     1.800000E+02       2     1.581505E+00     1.377824E+02    -1.171260E+00    -1.062689E+00 
 1.936399E+00     1.800000E+02       3     2.820925E+00    -9.904325E+01    -4.433932E-01     2.785861E+00 
 1.936399E+00     1.800000E+02       4     7.547309E+00    -1.751028E+02    -7.519757E+00     6.442954E-01 
 1.936399E+00     1.800000E+02       5     4.247122E+02     1.401120E+01     4.120763E+02    -1.028277E+02 
 1.936399E+00     1.800000E+02       6     6.320311E+01    -3.309434E+01     5.294984E+01     3.451011E+01 
 1.975276E+00     0.000000E+00       1     1.116027E+02    -1.453722E+02    -9.183345E+01     6.341751E+01 
 1.975276E+00     0.000000E+00       2     9.008705E-01    -7.139867E+01     2.873609E-01     8.538099E-01 
 1.975276E+00     0.000000E+00       3     2.162542E+00     2.682590E+01     1.929813E+00    -9.759139E-01 
 1.975276E+00     0.000000E+00       4     5.086308E+00    -1.267450E+02    -3.042908E+00     4.075689E+00 
 1.975276E+00     0.000000E+00       5     2.728221E+02     3.672589E+01     2.186684E+02    -1.631442E+02 
 1.975276E+00     0.000000E+00       6     2.228216E+01    -1.610516E+02    -2.107472E+01     7.235376E+00 
 1.975276E+00     3.000000E+01       1     1.394569E+02     1.068278E+02    -4.037215E+01    -1.334853E+02 
 1.975276E+00     3.000000E+01       2     7.991524E+01     1.092896E+02    -2.639946E+01    -7.542887E+01 
 1.975276E+00     3.000000E+01       3     2.391798E+00    -1.616656E+02    -2.270382E+00     7.523705E-01 
 1.975276E+00     3.000000E+01       4     2.127131E+02     9.158861E+01    -5.897023E+00    -2.126313E+02 
 1.975276E+00     3.000000E+01       5     3.857566E+02    -7.076901E+01     1.270595E+02     3.642307E+02 
 1.975276E+00     3.000000E+01       6     6.443910E+02     1.069205E+02    -1.875468E+02    -6.164949E+02 
 1.975276E+00     6.000000E+01       1     8.192756E+01     6.292635E+00     8.143395E+01    -8.979797E+00 
 1.975276E+00     6.000000E+01       2     1.415998E+02     6.382651E+00     1.407222E+02    -1.574137E+01 
 1.975276E+00     6.000000E+01       3     1.981026E+00    -1.051160E+02    -5.165994E-01     1.912482E+00 
 1.975276E+00     6.000000E+01       4     3.567035E+02     7.468953E+00     3.536770E+02    -4.636751E+01 
 1.975276E+00     6.000000E+01       5     2.104265E+02    -1.727624E+02    -2.087498E+02     2.651039E+01 
 1.975276E+00     6.000000E+01       6     1.986881E+01    -3.355634E+00     1.983475E+01     1.162989E+00 
 1.975276E+00     9.000000E+01       1     3.650113E+00    -1.639495E+02    -3.507825E+00     1.009202E+00 
 1.975276E+00     9.000000E+01       2     1.598532E+02     1.067278E+02    -4.600968E+01    -1.530887E+02 
 1.975276E+00     9.000000E+01       3     2.440547E+00    -1.633448E+02    -2.338159E+00     6.994867E-01 
 1.975276E+00     9.000000E+01       4     4.203708E+02     1.047839E+02    -1.072676E+02    -4.064545E+02 
 1.975276E+00     9.000000E+01       5     5.718692E+01    -1.746197E+02    -5.693497E+01     5.362168E+00 
 1.975276E+00     9.000000E+01       6     6.199656E+02    -7.365441E+01     1.744771E+02     5.949076E+02 
 1.975276E+00     1.200000E+02       1     5.579041E+01     3.442345E+01     4.602051E+01    -3.153858E+01 
 1.975276E+00     1.200000E+02       2     9.646111E+01    -1.455471E+02    -7.954103E+01     5.457078E+01 
 1.975276E+00     1.200000E+02       3     2.316485E+00     2.668548E+01     2.069746E+00    -1.040316E+00 
 1.975276E+00     1.200000E+02       4     2.341293E+02    -1.445716E+02    -1.907781E+02     1.357211E+02 
 1.975276E+00     1.200000E+02       5     1.370145E+02    -1.439598E+02    -1.107905E+02     8.061280E+01 
 1.975276E+00     1.200000E+02       6     2.450015E+00    -3.493006E+01     2.008649E+00     1.402820E+00 
 1.975276E+00     1.500000E+02       1     1.381819E+02    -7.305028E+01     4.028451E+01     1.321795E+02 
 1.975276E+00     1.500000E+02       2     8.048751E+01     1.061281E+02    -2.235826E+01    -7.731978E+01 
 1.975276E+00     1.500000E+02       3     2.216428E+00    -1.572074E+02    -2.043354E+00     8.586355E-01 
 1.975276E+00     1.500000E+02       4     2.216162E+02     1.161776E+02    -9.776701E+01    -1.988853E+02 
 1.975276E+00     1.500000E+02       5     3.597769E+02     9.919527E+01    -5.749225E+01    -3.551536E+02 
 1.975276E+00     1.500000E+02       6     6.526686E+02     1.055822E+02    -1.753204E+02    -6.286804E+02 
 1.975276E+00     1.800000E+02       1     1.638724E+02    -1.740295E+02    -1.629835E+02     1.704550E+01 
 1.975276E+00     1.800000E+02       2     4.096122E-01     5.296304E+01     2.467217E-01    -3.269717E-01 
 1.975276E+00     1.800000E+02       3     2.026756E+00    -1.066448E+02    -5.805384E-01     1.941833E+00 
 1.975276E+00     1.800000E+02       4     5.037416E+00    -1.212779E+02    -2.615372E+00     4.305274E+00 
 1.975276E+00     1.800000E+02       5     3.974819E+02     7.094023E+00     3.944391E+02    -4.908821E+01 
 1.975276E+00     1.800000E+02       6     6.223126E+01    -6.905386E+01     2.224707E+01     5.811882E+01 
 2.014154E+00     0.000000E+00       1     7.702259E+01    -1.363989E+02    -5.577657E+01     5.311735E+01 
 2.014154E+00     0.000000E+00       2     7.147585E-01    -1.432712E+02    -5.728614E-01     4.274453E-01 
 2.014154E+00     0.000000E+00       3     1.662081E+00     6.077326E-02     1.662080E+00    -1.762958E-03 
 2.014154E+00     0.000000E+00       4     3.845812E+00     1.628539E+02    -3.674889E+00    -1.133781E+00 
 2.014154E+00     0.000000E+00       5     2.007670E+02     5.009556E+01     1.287939E+02    -1.540115E+02 
 2.014154E+00     0.000000E+00       6     1.398909E+01     1.782839E+02    -1.398281E+01    -4.189379E-01 
 2.014154E+00     3.000000E+01       1     1.496767E+02     1.146210E+02    -6.235751E+01    -1.360686E+02 
 2.014154E+00     3.000000E+01       2     8.136223E+01     1.153631E+02    -3.485172E+01    -7.351986E+01 
 2.014154E+00     3.000000E+01       3     1.674431E+00    -1.348875E+02    -1.181675E+00     1.186324E+00 
 2.014154E+00     3.000000E+01       4     1.962505E+02     1.027053E+02    -4.316262E+01    -1.914451E+02 
 2.014154E+00     3.000000E+01       5     4.046388E+02    -6.168542E+01     1.919251E+02     3.562264E+02 
 2.014154E+00     3.000000E+01       6     5.454260E+02    -1.154824E+02    -2.346607E+02     4.923656E+02 
 2.014154E+00     6.000000E+01       1     6.452881E+01     1.463357E+01     6.243558E+01    -1.630232E+01 
 2.014154E+00     6.000000E+01       2     1.111347E+02     1.445719E+01     1.076156E+02    -2.774550E+01 
 2.014154E+00     6.000000E+01       3     1.479064E+00    -9.047231E+01    -1.219240E-02     1.479014E+00 
 2.014154E+00     6.000000E+01       4     2.690359E+02     1.887311E+01     2.545718E+02    -8.702594E+01 
 2.014154E+00     6.000000E+01       5     1.627696E+02    -1.605472E+02    -1.534781E+02     5.420732E+01 
 2.014154E+00     6.000000E+01       6     8.891373E+00     8.750378E+01     3.872501E-01    -8.882936E+00 
 2.014154E+00     9.000000E+01       1     3.795963E+00    -8.421097E+01     3.828831E-01     3.776603E+00 
 2.014154E+00     9.000000E+01       2     1.689682E+02     1.142198E+02    -6.931713E+01    -1.540954E+02 
 2.014154E+00     9.000000E+01       3     1.805776E+00    -1.391332E+02    -1.365587E+00     1.181524E+00 
 2.014154E+00     9.000000E+01       4     4.283606E+02     1.144180E+02    -1.770802E+02    -3.900455E+02 
 2.014154E+00     9.000000E+01       5     5.215142E+01     1.721646E+02    -5.166452E+01    -7.109721E+00 
 2.014154E+00     9.000000E+01       6     5.630675E+02     6.677059E+01     2.220815E+02    -5.174213E+02 
 2.014154E+00     1.200000E+02       1     3.844784E+01     4.268635E+01     2.826209E+01    -2.606704E+01 
 2.014154E+00     1.200000E+02       2     6.640976E+01    -1.370046E+02    -4.857266E+01     4.528745E+01 
 2.014154E+00     1.200000E+02       3     1.752152E+00     2.814699E+00     1.750038E+00    -8.604121E-02 
 2.014154E+00     1.200000E+02       4     1.671432E+02    -1.300287E+02    -1.075018E+02     1.279853E+02 
 2.014154E+00     1.200000E+02       5     1.021500E+02    -1.293152E+02    -6.472086E+01     7.903053E+01 
 2.014154E+00     1.200000E+02       6     1.973610E+01     2.573323E-01     1.973590E+01    -8.864035E-02 
 2.014154E+00     1.500000E+02       1     1.447441E+02    -6.589767E+01     5.910878E+01     1.321249E+02 
 2.014154E+00     1.500000E+02       2     8.832437E+01     1.143887E+02    -3.647127E+01    -8.044278E+01 
 2.014154E+00     1.500000E+02       3     1.734660E+00    -1.300727E+02    -1.116702E+00     1.327412E+00 
 2.014154E+00     1.500000E+02       4     2.413187E+02     1.220563E+02    -1.280806E+02    -2.045241E+02 
 2.014154E+00     1.500000E+02       5     3.546532E+02     1.102399E+02    -1.226928E+02    -3.327542E+02 
 2.014154E+00     1.500000E+02       6     5.352072E+02    -1.146993E+02    -2.236393E+02     4.862429E+02 
 2.014154E+00     1.800000E+02       1     1.290349E+02    -1.657451E+02    -1.250619E+02     3.177300E+01 
 2.014154E+00     1.800000E+02       2     7.390910E-01    -7.445520E+01     1.980703E-01     7.120560E-01 
 2.014154E+00     1.800000E+02       3     1.368282E+00    -8.790073E+01     5.012156E-02     1.367364E+00 
 2.014154E+00     1.800000E+02       4     8.319533E+00    -1.010054E+02    -1.588211E+00     8.166530E+00 
 2.014154E+00     1.800000E+02       5     3.063942E+02     2.060232E+01     2.867988E+02    -1.078138E+02 
 2.014154E+00     1.800000E+02       6     3.670718E+01    -1.029477E+02    -8.224657E+00     3.577390E+01 
 2.053031E+00     0.000000E+00       1     3.033471E+01    -1.415089E+02    -2.374311E+01     1.888013E+01 
 2.053031E+00     0.000000E+00       2     7.071833E-01    -1.795294E+02    -7.071594E-01     5.808606E-03 
 2.053031E+00     0.000000E+00       3     1.073195E+00     3.945084E+00     1.070652E+00    -7.383613E-02 
 2.053031E+00     0.000000E+00       4     2.911066E+00     1.300428E+02    -1.872862E+00    -2.228608E+00 
 2.053031E+00     0.000000E+00       5     7.806166E+01     5.300627E+01     4.697185E+01    -6.234796E+01 
 2.053031E+00     0.000000E+00       6     7.942736E+00     7.901241E+01     1.513856E+00    -7.797133E+00 
 2.053031E+00     3.000000E+01       1     1.365113E+02     1.222316E+02    -7.280744E+01    -1.154748E+02 
 2.053031E+00     3.000000E+01       2     7.646816E+01     1.245428E+02    -4.335913E+01    -6.298703E+01 
 2.053031E+00     3.000000E+01       3     1.179146E+00    -1.070926E+02    -3.465707E-01     1.127064E+00 
 2.053031E+00     3.000000E+01       4     1.666402E+02     1.177071E+02    -7.747959E+01    -1.475326E+02 
 2.053031E+00     3.000000E+01       5     3.564580E+02    -5.261945E+01     2.164078E+02     2.832490E+02 
 2.053031E+00     3.000000E+01       6     6.606643E+02    -1.736405E+02    -6.565989E+02     7.317969E+01 
 2.053031E+00     6.000000E+01       1     3.896894E+01     3.729857E+01     3.099935E+01    -2.361395E+01 
 2.053031E+00     6.000000E+01       2     6.731580E+01     3.751819E+01     5.339221E+01    -4.099621E+01 
 2.053031E+00     6.000000E+01       3     1.383119E+00    -8.790709E+01     5.051159E-02     1.382196E+00 
 2.053031E+00     6.000000E+01       4     1.700629E+02     4.637044E+01     1.173422E+02    -1.230943E+02 
 2.053031E+00     6.000000E+01       5     1.039182E+02    -1.332766E+02    -7.123807E+01     7.565791E+01 
 2.053031E+00     6.000000E+01       6     3.433851E+01     9.048445E+01    -2.903382E-01    -3.433728E+01 
 2.053031E+00     9.000000E+01       1     3.146634E+00    -1.183797E+02    -1.495634E+00     2.768463E+00 
 2.053031E+00     9.000000E+01       2     1.543780E+02     1.224675E+02    -8.287334E+01    -1.302481E+02 
 2.053031E+00     9.000000E+01       3     1.354998E+00    -1.166869E+02    -6.085491E-01     1.210656E+00 
 2.053031E+00     9.000000E+01       4     3.751964E+02     1.246716E+02    -2.134389E+02    -3.085712E+02 
 2.053031E+00     9.000000E+01       5     3.577100E+01     1.642649E+02    -3.443051E+01    -9.700740E+00 
 2.053031E+00     9.000000E+01       6     6.485144E+02     8.187903E+00     6.419036E+02    -9.236139E+01 
 2.053031E+00     1.200000E+02       1     1.445128E+01     3.848811E+01     1.131155E+01    -8.993783E+00 
 2.053031E+00     1.200000E+02       2     2.536975E+01    -1.413729E+02    -1.981948E+01     1.583706E+01 
 2.053031E+00     1.200000E+02       3     1.075681E+00     9.034669E+00     1.062336E+00    -1.689164E-01 
 2.053031E+00     1.200000E+02       4     6.111243E+01    -1.172780E+02    -2.800836E+01     5.431630E+01 
 2.053031E+00     1.200000E+02       5     4.244048E+01    -1.242078E+02    -2.385985E+01     3.509846E+01 
 2.053031E+00     1.200000E+02       6     7.220088E+00    -5.004642E+01     4.636501E+00     5.534666E+00 
 2.053031E+00     1.500000E+02       1     1.341401E+02    -5.737593E+01     7.231823E+01     1.129763E+02 
 2.053031E+00     1.500000E+02       2     7.856616E+01     1.212576E+02    -4.076692E+01    -6.716175E+01 
 2.053031E+00     1.500000E+02       3     1.373026E+00    -1.026286E+02    -3.001848E-01     1.339809E+00 
 2.053031E+00     1.500000E+02       4     2.118909E+02     1.289449E+02    -1.331889E+02    -1.647983E+02 
 2.053031E+00     1.500000E+02       5     3.132075E+02     1.225512E+02    -1.685222E+02    -2.640062E+02 
 2.053031E+00     1.500000E+02       6     6.429642E+02    -1.738346E+02    -6.392454E+02     6.905320E+01 
 2.053031E+00     1.800000E+02       1     7.876446E+01    -1.424407E+02    -6.243840E+01     4.801341E+01 
 2.053031E+00     1.800000E+02       2     1.045461E+00    -8.003338E+01     1.809424E-01     1.029683E+00 
 2.053031E+00     1.800000E+02       3     1.255297E+00    -7.634355E+01     2.963751E-01     1.219808E+00 
 2.053031E+00     1.800000E+02       4     8.979076E+00    -8.554165E+01     6.979824E-01     8.951906E+00 
 2.053031E+00     1.800000E+02       5     2.061661E+02     4.766610E+01     1.388426E+02    -1.524047E+02 
 2.053031E+00     1.800000E+02       6     1.416654E+01    -1.640694E+02    -1.362247E+01     3.888332E+00 
 2.091908E+00     0.000000E+00       1     4.662868E+01     1.323737E+02    -3.142605E+01    -3.444760E+01 
 2.091908E+00     0.000000E+00       2     8.789234E-01     1.708244E+02    -8.676769E-01    -1.401538E-01 
 2.091908E+00     0.000000E+00       3     8.132628E-01    -1.120695E+01     7.977552E-01     1.580603E-01 
 2.091908E+00     0.000000E+00       4     4.357534E+00     1.252403E+02    -2.514328E+00    -3.558968E+00 
 2.091908E+00     0.000000E+00       5     8.799688E+01    -5.305209E+01     5.289393E+01     7.032556E+01 
 2.091908E+00     0.000000E+00       6     3.506587E+01     1.076275E+01     3.444902E+01    -6.548296E+00 
 2.091908E+00     3.000000E+01       1     9.554460E+01     1.208797E+02    -4.903699E+01    -8.200088E+01 
 2.091908E+00     3.000000E+01       2     5.334274E+01     1.219564E+02    -2.823293E+01    -4.525869E+01 
 2.091908E+00     3.000000E+01       3     1.113296E+00    -8.471140E+01     1.026153E-01     1.108557E+00 
 2.091908E+00     3.000000E+01       4     1.106173E+02     1.198704E+02    -5.509184E+01    -9.592226E+01 
 2.091908E+00     3.000000E+01       5     2.319083E+02    -4.775998E+01     1.558976E+02     1.716899E+02 
 2.091908E+00     3.000000E+01       6     1.719097E+03     1.428057E+02    -1.369415E+03    -1.039228E+03 
 2.091908E+00     6.000000E+01       1     3.885174E+01     1.074794E+02    -1.166962E+01    -3.705776E+01 
 2.091908E+00     6.000000E+01       2     6.733939E+01     1.070620E+02    -1.975782E+01    -6.437563E+01 
 2.091908E+00     6.000000E+01       3     1.101430E+00    -8.366546E+01     1.215245E-01     1.094705E+00 
 2.091908E+00     6.000000E+01       4     1.791973E+02     1.072605E+02    -5.317092E+01    -1.711272E+02 
 2.091908E+00     6.000000E+01       5     1.108911E+02    -7.376803E+01     3.099704E+01     1.064708E+02 
 2.091908E+00     6.000000E+01       6     4.271116E+01     4.450830E+01     3.045942E+01    -2.994106E+01 
 2.091908E+00     9.000000E+01       1     1.966045E+00    -1.047985E+02    -5.021670E-01     1.900832E+00 
 2.091908E+00     9.000000E+01       2     1.076753E+02     1.214530E+02    -5.618487E+01    -9.185438E+01 
 2.091908E+00     9.000000E+01       3     1.389866E+00    -9.554460E+01    -1.342896E-01     1.383363E+00 
 2.091908E+00     9.000000E+01       4     2.489781E+02     1.284717E+02    -1.548962E+02    -1.949289E+02 
 2.091908E+00     9.000000E+01       5     2.478411E+01     1.673701E+02    -2.418441E+01    -5.419094E+00 
 2.091908E+00     9.000000E+01       6     1.674205E+03    -3.808629E+01     1.317738E+03     1.032729E+03 
 2.091908E+00     1.200000E+02       1     2.241814E+01    -5.110997E+01     1.407473E+01     1.744921E+01 
 2.091908E+00     1.200000E+02       2     3.944372E+01     1.306810E+02    -2.571124E+01    -2.991218E+01 
 2.091908E+00     1.200000E+02       3     8.343410E-01    -7.499788E+00     8.272035E-01     1.089003E-01 
 2.091908E+00     1.200000E+02       4     6.362118E+01     1.188267E+02    -3.067571E+01    -5.573738E+01 
 2.091908E+00     1.200000E+02       5     4.028107E+01     1.271548E+02    -2.432861E+01    -3.210426E+01 
 2.091908E+00     1.200000E+02       6     2.583266E+01     1.583729E+02    -2.401410E+01    -9.521000E+00 
 2.091908E+00     1.500000E+02       1     9.459451E+01    -5.942679E+01     4.811445E+01     8.144397E+01 
 2.091908E+00     1.500000E+02       2     5.397577E+01     1.214374E+02    -2.815198E+01    -4.605269E+01 
 2.091908E+00     1.500000E+02       3     1.490044E+00    -8.227957E+01     2.001719E-01     1.476538E+00 
 2.091908E+00     1.500000E+02       4     1.409805E+02     1.345352E+02    -9.887622E+01    -1.004937E+02 
 2.091908E+00     1.500000E+02       5     2.117375E+02     1.256609E+02    -1.234401E+02    -1.720329E+02 
 2.091908E+00     1.500000E+02       6     1.702406E+03     1.406122E+02    -1.315736E+03    -1.080288E+03 
 2.091908E+00     1.800000E+02       1     7.888507E+01    -7.376036E+01     2.206063E+01     7.573759E+01 
 2.091908E+00     1.800000E+02       2     1.559428E+00    -7.090502E+01     5.101436E-01     1.473624E+00 
 2.091908E+00     1.800000E+02       3     1.070941E+00    -6.296321E+01     4.868095E-01     9.539028E-01 
 2.091908E+00     1.800000E+02       4     8.996539E+00    -7.500718E+01     2.327387E+00     8.690281E+00 
 2.091908E+00     1.800000E+02       5     2.116701E+02     1.040540E+02    -5.140106E+01    -2.053343E+02 
 2.091908E+00     1.800000E+02       6     2.577679E+01     1.417392E+02    -2.023995E+01    -1.596207E+01 
 2.130785E+00     0.000000E+00       1     9.733577E+01     1.190258E+02    -4.722770E+01    -8.511049E+01 
 2.130785E+00     0.000000E+00       2     6.270480E-01     1.612467E+02    -5.937591E-01    -2.015918E-01 
 2.130785E+00     0.000000E+00       3     7.152622E-01    -4.588333E+01     4.979095E-01     5.135037E-01 
 2.130785E+00     0.000000E+00       4     4.495027E+00     1.102045E+02    -1.552456E+00    -4.218430E+00 
 2.130785E+00     0.000000E+00       5     1.999007E+02    -6.186919E+01     9.425040E+01     1.762871E+02 
 2.130785E+00     0.000000E+00       6     3.261698E+01    -4.582666E+01     2.272853E+01     2.339403E+01 
 2.130785E+00     3.000000E+01       1     2.326527E+01     1.224303E+02    -1.247656E+01    -1.963692E+01 
 2.130785E+00     3.000000E+01       2     1.668692E+01     1.324767E+02    -1.126852E+01    -1.230746E+01 
 2.130785E+00     3.000000E+01       3     1.118234E+00    -8.531451E+01     9.134415E-02     1.114497E+00 
 2.130785E+00     3.000000E+01       4     3.735591E+01     1.354427E+02    -2.661793E+01    -2.620973E+01 
 2.130785E+00     3.000000E+01       5     7.672356E+01    -1.811224E+01     7.292186E+01     2.385178E+01 
 2.130785E+00     3.000000E+01       6     3.067377E+03     1.357594E+02    -2.197519E+03    -2.140026E+03 
 2.130785E+00     6.000000E+01       1     6.557774E+01     1.198431E+02    -3.263319E+01    -5.688158E+01 
 2.130785E+00     6.000000E+01       2     1.130600E+02     1.194934E+02    -5.566202E+01    -9.840891E+01 
 2.130785E+00     6.000000E+01       3     1.001792E+00    -5.887884E+01     5.177756E-01     8.576103E-01 
 2.130785E+00     6.000000E+01       4     2.629775E+02     1.206156E+02    -1.339280E+02    -2.263194E+02 
 2.130785E+00     6.000000E+01       5     1.578693E+02    -6.002323E+01     7.887923E+01     1.367508E+02 
 2.130785E+00     6.000000E+01       6     7.933421E+00    -1.300709E+02    -5.107024E+00     6.071035E+00 
 2.130785E+00     9.000000E+01       1     4.207704E+00     1.649874E+02    -4.064090E+00    -1.089928E+00 
 2.130785E+00     9.000000E+01       2     2.842297E+01     1.265857E+02    -1.694080E+01    -2.282267E+01 
 2.130785E+00     9.000000E+01       3     1.465161E+00    -9.450683E+01    -1.151292E-01     1.460630E+00 
 2.130785E+00     9.000000E+01       4     8.302707E+01     1.510657E+02    -7.266324E+01    -4.016898E+01 
 2.130785E+00     9.000000E+01       5     1.070233E+01    -1.339325E+02    -7.425390E+00     7.707363E+00 
 2.130785E+00     9.000000E+01       6     3.020603E+03    -4.367571E+01     2.184682E+03     2.085956E+03 
 2.130785E+00     1.200000E+02       1     4.759070E+01    -6.305901E+01     2.156204E+01     4.242586E+01 
 2.130785E+00     1.200000E+02       2     8.364022E+01     1.184778E+02    -3.988113E+01    -7.351994E+01 
 2.130785E+00     1.200000E+02       3     8.824774E-01    -4.885225E+01     5.806728E-01     6.645190E-01 
 2.130785E+00     1.200000E+02       4     1.640040E+02     1.151597E+02    -6.972511E+01    -1.484443E+02 
 2.130785E+00     1.200000E+02       5     9.720585E+01     1.164423E+02    -4.328543E+01    -8.703648E+01 
 2.130785E+00     1.200000E+02       6     4.879521E+01     1.090254E+02    -1.590665E+01    -4.612972E+01 
 2.130785E+00     1.500000E+02       1     2.605534E+01    -5.886044E+01     1.347385E+01     2.230103E+01 
 2.130785E+00     1.500000E+02       2     1.139819E+01     1.234800E+02    -6.287767E+00    -9.506981E+00 
 2.130785E+00     1.500000E+02       3     1.431206E+00    -8.249516E+01     1.869298E-01     1.418946E+00 
 2.130785E+00     1.500000E+02       4     4.819366E+01     1.642959E+02    -4.639471E+01    -1.304453E+01 
 2.130785E+00     1.500000E+02       5     7.110027E+01     1.448014E+02    -5.810021E+01    -4.098309E+01 
 2.130785E+00     1.500000E+02       6     2.995649E+03     1.348801E+02    -2.113805E+03    -2.122673E+03 
 2.130785E+00     1.800000E+02       1     1.326441E+02    -6.065387E+01     6.500682E+01     1.156226E+02 
 2.130785E+00     1.800000E+02       2     1.968143E+00    -1.021733E+02    -4.150209E-01     1.923888E+00 
 2.130785E+00     1.800000E+02       3     1.314624E+00    -4.674727E+01     9.008033E-01     9.574908E-01 
 2.130785E+00     1.800000E+02       4     6.313373E+00    -8.474306E+01     5.784456E-01     6.286818E+00 
 2.130785E+00     1.800000E+02       5     3.002706E+02     1.186324E+02    -1.438859E+02    -2.635512E+02 
 2.130785E+00     1.800000E+02       6     6.569419E+01     9.316256E+01    -3.624292E+00    -6.559414E+01 
 2.169662E+00     0.000000E+00       1     1.071304E+02     1.321544E+02    -7.189852E+01    -7.941993E+01 
 2.169662E+00     0.000000E+00       2     5.528696E-01     1.242328E+02    -3.110207E-01    -4.570896E-01 
 2.169662E+00     0.000000E+00       3     7.327148E-01    -8.564816E+01     5.559914E-02     7.306023E-01 
 2.169662E+00     0.000000E+00       4     3.129198E+00     9.846400E+01    -4.605805E-01    -3.095116E+00 
 2.169662E+00     0.000000E+00       5     2.338248E+02    -4.526358E+01     1.645768E+02     1.660980E+02 
 2.169662E+00     0.000000E+00       6     1.850748E+01    -9.887908E+01    -2.856622E+00     1.828569E+01 
 2.169662E+00     3.000000E+01       1     7.950366E+00     1.704026E+02    -7.839090E+00    -1.325514E+00 
 2.169662E+00     3.000000E+01       2     1.239067E+01     1.052908E+02    -3.267637E+00    -1.195204E+01 
 2.169662E+00     3.000000E+01       3     8.706824E-01    -1.301116E+02    -5.609618E-01     6.658901E-01 
 2.169662E+00     3.000000E+01       4     3.631251E+01     1.041810E+02    -8.896052E+00    -3.520595E+01 
 2.169662E+00     3.000000E+01       5     3.405194E+01     7.305897E+00     3.377549E+01    -4.330273E+00 
 2.169662E+00     3.000000E+01       6     3.383892E+03     1.390461E+02    -2.555643E+03    -2.217976E+03 
 2.169662E+00     6.000000E+01       1     5.843995E+01     1.296114E+02    -3.725995E+01    -4.502137E+01 
 2.169662E+00     6.000000E+01       2     1.003860E+02     1.292317E+02    -6.348989E+01    -7.775847E+01 
 2.169662E+00     6.000000E+01       3     1.357394E+00    -6.553790E+01     5.620848E-01     1.235548E+00 
 2.169662E+00     6.000000E+01       4     2.266991E+02     1.335816E+02    -1.562832E+02    -1.642194E+02 
 2.169662E+00     6.000000E+01       5     1.383960E+02    -4.604674E+01     9.605667E+01     9.963213E+01 
 2.169662E+00     6.000000E+01       6     9.523252E+00     1.665861E+02    -9.263453E+00    -2.209246E+00 
 2.169662E+00     9.000000E+01       1     9.790189E+00     8.233631E+01     1.305601E+00    -9.702742E+00 
 2.169662E+00     9.000000E+01       2     1.115571E+01     1.396302E+02    -8.499310E+00    -7.225754E+00 
 2.169662E+00     9.000000E+01       3     1.122005E+00    -1.239400E+02    -6.264422E-01     9.308413E-01 
 2.169662E+00     9.000000E+01       4     4.186097E+01     1.541499E+02    -3.767228E+01    -1.825212E+01 
 2.169662E+00     9.000000E+01       5     3.120866E+01    -1.137699E+02    -1.257912E+01     2.856127E+01 
 2.169662E+00     9.000000E+01       6     3.372459E+03    -4.098203E+01     2.545921E+03     2.211734E+03 
 2.169662E+00     1.200000E+02       1     5.182675E+01    -4.885253E+01     3.410197E+01     3.902650E+01 
 2.169662E+00     1.200000E+02       2     9.265682E+01     1.317461E+02    -6.169382E+01    -6.913145E+01 
 2.169662E+00     1.200000E+02       3     1.017785E+00    -8.114445E+01     1.566819E-01     1.005653E+00 
 2.169662E+00     1.200000E+02       4     1.945864E+02     1.337283E+02    -1.345059E+02    -1.406131E+02 
 2.169662E+00     1.200000E+02       5     1.131271E+02     1.345102E+02    -7.930617E+01    -8.067383E+01 
 2.169662E+00     1.200000E+02       6     2.306712E+01     8.082932E+01     3.676346E+00    -2.277227E+01 
 2.169662E+00     1.500000E+02       1     1.213261E+01    -6.771098E+01     4.601641E+00     1.122609E+01 
 2.169662E+00     1.500000E+02       2     7.671839E+00    -1.408707E+02    -5.951230E+00     4.841485E+00 
 2.169662E+00     1.500000E+02       3     8.161052E-01    -1.096109E+02    -2.739105E-01     7.687657E-01 
 2.169662E+00     1.500000E+02       4     2.937933E+01    -1.465914E+02    -2.452484E+01     1.617644E+01 
 2.169662E+00     1.500000E+02       5     4.387869E+01     1.363746E+02    -3.176227E+01    -3.027371E+01 
 2.169662E+00     1.500000E+02       6     3.375037E+03     1.388115E+02    -2.539872E+03    -2.222593E+03 
 2.169662E+00     1.800000E+02       1     1.184907E+02    -5.124240E+01     7.417839E+01     9.239925E+01 
 2.169662E+00     1.800000E+02       2     9.454915E-01    -1.311010E+02    -6.215545E-01     7.124774E-01 
 2.169662E+00     1.800000E+02       3     1.507990E+00    -6.536388E+01     6.286114E-01     1.370723E+00 
 2.169662E+00     1.800000E+02       4     1.878805E+00     6.629270E+01     7.554008E-01    -1.720255E+00 
 2.169662E+00     1.800000E+02       5     2.562698E+02     1.329162E+02    -1.745012E+02    -1.876794E+02 
 2.169662E+00     1.800000E+02       6     4.844055E+01     4.666712E+01     3.324164E+01    -3.523464E+01 
 2.208540E+00     0.000000E+00       1     9.472432E+01     1.434267E+02    -7.607264E+01    -5.644156E+01 
 2.208540E+00     0.000000E+00       2     4.904979E-01     7.894003E+01     9.409531E-02    -4.813879E-01 
 2.208540E+00     0.000000E+00       3     3.744816E-01    -8.876762E+01     8.054160E-03     3.743950E-01 
 2.208540E+00     0.000000E+00       4     1.600724E+00     1.147536E+02    -6.702507E-01    -1.453644E+00 
 2.208540E+00     0.000000E+00       5     2.098605E+02    -3.530422E+01     1.712661E+02     1.212821E+02 
 2.208540E+00     0.000000E+00       6     2.044420E+01    -1.274062E+02    -1.241907E+01     1.623983E+01 
 2.208540E+00     3.000000E+01       1     9.921742E+00     1.052630E+02    -2.611903E+00    -9.571777E+00 
 2.208540E+00     3.000000E+01       2     2.381121E+01     4.132075E+01     1.788282E+01    -1.572192E+01 
 2.208540E+00     3.000000E+01       3     3.237316E-01    -1.457316E+02    -2.675346E-01     1.822838E-01 
 2.208540E+00     3.000000E+01       4     6.311302E+01     5.122780E+01     3.952299E+01    -4.920555E+01 
 2.208540E+00     3.000000E+01       5     1.526577E+01    -9.893311E+01    -2.370488E+00     1.508060E+01 
 2.208540E+00     3.000000E+01       6     3.091476E+03     1.536808E+02    -2.771007E+03    -1.370672E+03 
 2.208540E+00     6.000000E+01       1     4.829306E+01     1.487540E+02    -4.128807E+01    -2.505024E+01 
 2.208540E+00     6.000000E+01       2     8.298483E+01     1.484767E+02    -7.073853E+01    -4.338827E+01 
 2.208540E+00     6.000000E+01       3     6.431960E-01    -8.173167E+01     9.249753E-02     6.365102E-01 
 2.208540E+00     6.000000E+01       4     1.865801E+02     1.545286E+02    -1.684445E+02    -8.024062E+01 
 2.208540E+00     6.000000E+01       5     1.126844E+02    -2.499619E+01     1.021300E+02     4.761571E+01 
 2.208540E+00     6.000000E+01       6     2.456704E+01    -1.374272E+02    -1.809161E+01     1.662026E+01 
 2.208540E+00     9.000000E+01       1     1.885006E+01     2.842351E+01     1.657775E+01    -8.972349E+00 
 2.208540E+00     9.000000E+01       2     1.767797E+01     6.632873E+01     7.097503E+00    -1.619062E+01 
 2.208540E+00     9.000000E+01       3     3.756502E-01    -1.242091E+02    -2.111962E-01     3.106594E-01 
 2.208540E+00     9.000000E+01       4     4.050057E+01     7.246659E+01     1.220128E+01    -3.861897E+01 
 2.208540E+00     9.000000E+01       5     4.455973E+01    -1.418364E+02    -3.503506E+01     2.753388E+01 
 2.208540E+00     9.000000E+01       6     3.057609E+03    -2.616053E+01     2.744394E+03     1.348062E+03 
 2.208540E+00     1.200000E+02       1     4.611402E+01    -3.654491E+01     3.704757E+01     2.745872E+01 
 2.208540E+00     1.200000E+02       2     8.195778E+01     1.433659E+02    -6.576807E+01    -4.890438E+01 
 2.208540E+00     1.200000E+02       3     6.775976E-01    -7.771663E+01     1.441567E-01     6.620856E-01 
 2.208540E+00     1.200000E+02       4     1.764724E+02     1.463783E+02    -1.469505E+02    -9.771408E+01 
 2.208540E+00     1.200000E+02       5     1.059186E+02     1.452217E+02    -8.699791E+01    -6.041616E+01 
 2.208540E+00     1.200000E+02       6     2.986915E+01     5.347330E+01     1.777804E+01    -2.400224E+01 
 2.208540E+00     1.500000E+02       1     2.444462E+01    -1.291251E+02    -1.542494E+01     1.896340E+01 
 2.208540E+00     1.500000E+02       2     1.123098E+01     1.793590E+02    -1.123028E+01    -1.256416E-01 
 2.208540E+00     1.500000E+02       3     1.725168E-01    -3.415287E+01     1.427650E-01     9.685140E-02 
 2.208540E+00     1.500000E+02       4     1.981392E+01    -1.427191E+02    -1.576546E+01     1.200175E+01 
 2.208540E+00     1.500000E+02       5     6.122974E+01     6.292522E+01     2.786890E+01    -5.451977E+01 
 2.208540E+00     1.500000E+02       6     3.090320E+03     1.531363E+02    -2.756824E+03    -1.396424E+03 
 2.208540E+00     1.800000E+02       1     9.798647E+01    -3.209889E+01     8.300749E+01     5.206827E+01 
 2.208540E+00     1.800000E+02       2     2.850733E-01     4.027148E+01     2.175082E-01    -1.842743E-01 
 2.208540E+00     1.800000E+02       3     6.457317E-01    -8.725198E+01     3.095875E-02     6.449891E-01 
 2.208540E+00     1.800000E+02       4     7.911938E+00     5.339942E+01     4.717358E+00    -6.351795E+00 
 2.208540E+00     1.800000E+02       5     2.197247E+02     1.545827E+02    -1.984566E+02    -9.430762E+01 
 2.208540E+00     1.800000E+02       6     1.496982E+01     3.623227E+00     1.493990E+01    -9.460194E-01 
 2.247417E+00     0.000000E+00       1     6.737112E+01     1.447353E+02    -5.500811E+01    -3.889699E+01 
 2.247417E+00     0.000000E+00       2     4.777658E-01     5.786473E+01     2.541331E-01    -4.045695E-01 
 2.247417E+00     0.000000E+00       3     5.485014E-01    -2.603889E+01     4.928264E-01     2.407818E-01 
 2.247417E+00     0.000000E+00       4     1.414633E+00     9.558926E+01    -1.377802E-01    -1.407908E+00 
 2.247417E+00     0.000000E+00       5     1.405554E+02    -3.333672E+01     1.174278E+02     7.724339E+01 
 2.247417E+00     0.000000E+00       6     3.099926E+01    -1.163221E+02    -1.374559E+01     2.778511E+01 
 2.247417E+00     3.000000E+01       1     3.658220E+01     1.516832E+02    -3.220470E+01    -1.735266E+01 
 2.247417E+00     3.000000E+01       2     4.849899E+00    -3.406437E+01     4.017699E+00     2.716544E+00 
 2.247417E+00     3.000000E+01       3     4.058480E-01    -1.085080E+02    -1.288313E-01     3.848572E-01 
 2.247417E+00     3.000000E+01       4     7.140190E+00     1.690985E+01     6.831474E+00    -2.076844E+00 
 2.247417E+00     3.000000E+01       5     6.851648E+01    -2.997071E+01     5.935452E+01     3.422790E+01 
 2.247417E+00     3.000000E+01       6     2.484996E+03     1.641742E+02    -2.390803E+03    -6.776937E+02 
 2.247417E+00     6.000000E+01       1     3.303860E+01     1.698013E+02    -3.251658E+01    -5.849900E+00 
 2.247417E+00     6.000000E+01       2     5.748114E+01     1.698235E+02    -5.657685E+01    -1.015583E+01 
 2.247417E+00     6.000000E+01       3     5.855829E-01    -2.763817E+01     5.187648E-01     2.716439E-01 
 2.247417E+00     6.000000E+01       4     1.297417E+02     1.788376E+02    -1.297150E+02    -2.632045E+00 
 2.247417E+00     6.000000E+01       5     8.025647E+01     1.394366E+00     8.023271E+01    -1.952951E+00 
 2.247417E+00     6.000000E+01       6     3.929632E+01    -1.585526E+02    -3.657519E+01     1.436859E+01 
 2.247417E+00     9.000000E+01       1     2.286513E+01    -2.785608E+01     2.021561E+01     1.068378E+01 
 2.247417E+00     9.000000E+01       2     2.907082E+01     1.520639E+02    -2.568321E+01    -1.361931E+01 
 2.247417E+00     9.000000E+01       3     3.918046E-01    -1.132073E+02    -1.543941E-01     3.601018E-01 
 2.247417E+00     9.000000E+01       4     5.953605E+01     1.566696E+02    -5.466816E+01    -2.357825E+01 
 2.247417E+00     9.000000E+01       5     3.747872E+01     1.575658E+02    -3.464228E+01    -1.430270E+01 
 2.247417E+00     9.000000E+01       6     2.477695E+03    -1.403256E+01     2.403756E+03     6.007746E+02 
 2.247417E+00     1.200000E+02       1     3.238034E+01    -3.386580E+01     2.688686E+01     1.804393E+01 
 2.247417E+00     1.200000E+02       2     5.867583E+01     1.455761E+02    -4.840039E+01    -3.317010E+01 
 2.247417E+00     1.200000E+02       3     7.861910E-01    -4.032365E+01     5.993930E-01     5.087478E-01 
 2.247417E+00     1.200000E+02       4     1.217093E+02     1.529079E+02    -1.083548E+02    -5.542909E+01 
 2.247417E+00     1.200000E+02       5     6.983917E+01     1.487566E+02    -5.971051E+01    -3.622382E+01 
 2.247417E+00     1.200000E+02       6     5.228751E+01     1.507019E+01     5.048924E+01    -1.359487E+01 
 2.247417E+00     1.500000E+02       1     1.453423E+01    -3.430366E+01     1.200618E+01     8.191185E+00 
 2.247417E+00     1.500000E+02       2     3.512436E+01     1.526723E+02    -3.120432E+01    -1.612485E+01 
 2.247417E+00     1.500000E+02       3     3.428434E-01    -2.936196E+01     2.988015E-01     1.681048E-01 
 2.247417E+00     1.500000E+02       4     5.530893E+01     1.566527E+02    -5.078019E+01    -2.191917E+01 
 2.247417E+00     1.500000E+02       5     3.120364E+01     1.423231E+02    -2.469675E+01    -1.907191E+01 
 2.247417E+00     1.500000E+02       6     2.474429E+03     1.642824E+02    -2.381906E+03    -6.703138E+02 
 2.247417E+00     1.800000E+02       1     6.817081E+01    -1.053395E+01     6.702191E+01     1.246285E+01 
 2.247417E+00     1.800000E+02       2     7.586366E-01     2.629304E+01     6.801483E-01    -3.360474E-01 
 2.247417E+00     1.800000E+02       3     5.306614E-01    -2.513379E+01     4.804176E-01     2.253896E-01 
 2.247417E+00     1.800000E+02       4     7.448729E+00     5.019681E+01     4.768322E+00    -5.722471E+00 
 2.247417E+00     1.800000E+02       5     1.542336E+02     1.759810E+02    -1.538544E+02    -1.080969E+01 
 2.247417E+00     1.800000E+02       6     1.172491E+01    -1.375997E+02    -8.658282E+00     7.906173E+00 
 2.286294E+00     0.000000E+00       1     7.715288E+01     9.232736E+01    -3.133093E+00    -7.708923E+01 
 2.286294E+00     0.000000E+00       2     5.391334E-01     3.352842E+01     4.494281E-01    -2.977907E-01 
 2.286294E+00     0.000000E+00       3     8.360330E-01    -2.113871E+01     7.797764E-01     3.014961E-01 
 2.286294E+00     0.000000E+00       4     2.603879E+00     7.458907E+01     6.919550E-01    -2.510255E+00 
 2.286294E+00     0.000000E+00       5     1.469732E+02    -8.488918E+01     1.309274E+01     1.463889E+02 
 2.286294E+00     0.000000E+00       6     6.638646E+01    -1.475660E+02    -5.603083E+01     3.560489E+01 
 2.286294E+00     3.000000E+01       1     1.020242E+02     1.573813E+02    -9.417695E+01    -3.923816E+01 
 2.286294E+00     3.000000E+01       2     4.850806E+01    -1.781761E+02    -4.848349E+01     1.543893E+00 
 2.286294E+00     3.000000E+01       3     4.606847E-01    -8.543452E+01     3.666973E-02     4.592229E-01 
 2.286294E+00     3.000000E+01       4     1.082856E+02     1.796146E+02    -1.082831E+02    -7.284585E-01 
 2.286294E+00     3.000000E+01       5     2.037958E+02    -2.340308E+01     1.870302E+02     8.094715E+01 
 2.286294E+00     3.000000E+01       6     1.166975E+03     1.594010E+02    -1.092365E+03    -4.105718E+02 
 2.286294E+00     6.000000E+01       1     2.139142E+01    -1.248073E+02    -1.221062E+01     1.756399E+01 
 2.286294E+00     6.000000E+01       2     3.546904E+01    -1.295669E+02    -2.259301E+01     2.734244E+01 
 2.286294E+00     6.000000E+01       3     6.711419E-01    -3.011083E+01     5.805757E-01     3.366946E-01 
 2.286294E+00     6.000000E+01       4     9.457912E+01    -1.240288E+02    -5.292737E+01     7.838305E+01 
 2.286294E+00     6.000000E+01       5     6.354725E+01     5.528913E+01     3.618606E+01    -5.223813E+01 
 2.286294E+00     6.000000E+01       6     1.726179E+01     1.371963E+02    -1.266474E+01    -1.172918E+01 
 2.286294E+00     9.000000E+01       1     2.138123E+01    -7.570284E+01     5.280117E+00     2.071901E+01 
 2.286294E+00     9.000000E+01       2     1.096913E+02     1.622684E+02    -1.044803E+02    -3.340737E+01 
 2.286294E+00     9.000000E+01       3     2.861666E-01    -1.209778E+02    -1.472916E-01     2.453497E-01 
 2.286294E+00     9.000000E+01       4     2.241752E+02     1.654427E+02    -2.169785E+02    -5.634590E+01 
 2.286294E+00     9.000000E+01       5     3.402107E+01     9.202959E+01    -1.204876E+00    -3.399973E+01 
 2.286294E+00     9.000000E+01       6     1.235461E+03    -2.000176E+01     1.160941E+03     4.225883E+02 
 2.286294E+00     1.200000E+02       1     3.605411E+01    -8.599917E+01     2.515529E+00     3.596625E+01 
 2.286294E+00     1.200000E+02       2     6.664560E+01     9.320487E+01    -3.725918E+00    -6.654137E+01 
 2.286294E+00     1.200000E+02       3     9.277076E-01    -3.998174E+01     7.108553E-01     5.960925E-01 
 2.286294E+00     1.200000E+02       4     1.174586E+02     9.923029E+01    -1.884071E+01    -1.159377E+02 
 2.286294E+00     1.200000E+02       5     6.625626E+01     9.828941E+01    -9.552383E+00    -6.556404E+01 
 2.286294E+00     1.200000E+02       6     7.658240E+01    -1.127634E+01     7.510401E+01     1.497501E+01 
 2.286294E+00     1.500000E+02       1     8.933377E+01    -1.273104E+01     8.713753E+01     1.968690E+01 
 2.286294E+00     1.500000E+02       2     6.741039E+01     1.488638E+02    -5.769932E+01    -3.485613E+01 
 2.286294E+00     1.500000E+02       3     4.911445E-01    -3.423546E+01     4.060451E-01     2.763155E-01 
 2.286294E+00     1.500000E+02       4     1.163283E+02     1.474306E+02    -9.803453E+01    -6.262199E+01 
 2.286294E+00     1.500000E+02       5     1.846715E+02     1.689828E+02    -1.812679E+02    -3.529139E+01 
 2.286294E+00     1.500000E+02       6     1.217407E+03     1.577221E+02    -1.126535E+03    -4.615176E+02 
 2.286294E+00     1.800000E+02       1     4.190101E+01     4.788730E+01     2.809844E+01    -3.108331E+01 
 2.286294E+00     1.800000E+02       2     1.785132E+00     2.511456E+01     1.616368E+00    -7.576627E-01 
 2.286294E+00     1.800000E+02       3     7.146423E-01    -2.739797E+01     6.344821E-01     3.288557E-01 
 2.286294E+00     1.800000E+02       4     5.456597E+00     6.336514E+01     2.446209E+00    -4.877551E+00 
 2.286294E+00     1.800000E+02       5     1.021154E+02    -1.282676E+02    -6.324358E+01     8.017357E+01 
 2.286294E+00     1.800000E+02       6     2.703341E+01    -1.210654E+02    -1.394967E+01     2.315625E+01 
 2.325171E+00     0.000000E+00       1     9.466883E+01     5.679821E+01     5.183965E+01    -7.921388E+01 
 2.325171E+00     0.000000E+00       2     1.646263E-01     1.438726E+02    -1.329699E-01    -9.706089E-02 
 2.325171E+00     0.000000E+00       3     8.164357E-01    -3.489826E+01     6.696155E-01     4.671000E-01 
 2.325171E+00     0.000000E+00       4     2.469945E+00     6.754595E+01     9.433766E-01    -2.282689E+00 
 2.325171E+00     0.000000E+00       5     1.803650E+02    -1.200253E+02    -9.025152E+01     1.561607E+02 
 2.325171E+00     0.000000E+00       6     6.965010E+01     1.195508E+02    -3.435104E+01    -6.058995E+01 
 2.325171E+00     3.000000E+01       1     1.128299E+02     1.436673E+02    -9.089470E+01    -6.684871E+01 
 2.325171E+00     3.000000E+01       2     6.581567E+01     1.592375E+02    -6.154145E+01    -2.333136E+01 
 2.325171E+00     3.000000E+01       3     6.323292E-01    -3.387133E+01     5.250174E-01     3.524159E-01 
 2.325171E+00     3.000000E+01       4     1.420216E+02     1.613064E+02    -1.345294E+02    -4.551891E+01 
 2.325171E+00     3.000000E+01       5     2.284217E+02    -3.272857E+01     1.921577E+02     1.234984E+02 
 2.325171E+00     3.000000E+01       6     1.880534E+02    -7.604112E+01     4.536327E+01     1.825000E+02 
 2.325171E+00     6.000000E+01       1     3.285615E+01    -1.025294E+02    -7.127821E+00     3.207368E+01 
 2.325171E+00     6.000000E+01       2     5.346229E+01    -1.013332E+02    -1.050613E+01     5.241982E+01 
 2.325171E+00     6.000000E+01       3     2.578138E-01    -2.924649E+01     2.249492E-01     1.259595E-01 
 2.325171E+00     6.000000E+01       4     1.289266E+02    -1.005842E+02    -2.368129E+01     1.267331E+02 
 2.325171E+00     6.000000E+01       5     8.002411E+01     7.667738E+01     1.844027E+01    -7.787050E+01 
 2.325171E+00     6.000000E+01       6     2.462199E+01    -4.423906E+01     1.764006E+01     1.717762E+01 
 2.325171E+00     9.000000E+01       1     1.496032E+01    -1.175781E+02    -6.925990E+00     1.326054E+01 
 2.325171E+00     9.000000E+01       2     1.282130E+02     1.479325E+02    -1.086507E+02    -6.807047E+01 
 2.325171E+00     9.000000E+01       3     2.755120E-01    -2.791475E+01     2.434548E-01     1.289829E-01 
 2.325171E+00     9.000000E+01       4     2.584687E+02     1.529588E+02    -2.302129E+02    -1.175078E+02 
 2.325171E+00     9.000000E+01       5     3.231560E+01     4.727399E+01     2.192592E+01    -2.373925E+01 
 2.325171E+00     9.000000E+01       6     1.878536E+02     1.140404E+02    -7.652804E+01    -1.715588E+02 
 2.325171E+00     1.200000E+02       1     4.590004E+01    -1.231775E+02    -2.511811E+01     3.841737E+01 
 2.325171E+00     1.200000E+02       2     8.166198E+01     5.631428E+01     4.529276E+01    -6.795032E+01 
 2.325171E+00     1.200000E+02       3     7.640871E-01    -6.529338E+01     3.193671E-01     6.941425E-01 
 2.325171E+00     1.200000E+02       4     1.465198E+02     5.856540E+01     7.641375E+01    -1.250160E+02 
 2.325171E+00     1.200000E+02       5     8.258581E+01     5.788512E+01     4.390415E+01    -6.994885E+01 
 2.325171E+00     1.200000E+02       6     8.075695E+01    -6.011440E+01     4.023876E+01     7.001805E+01 
 2.325171E+00     1.500000E+02       1     1.132150E+02    -2.860394E+01     9.939714E+01     5.420196E+01 
 2.325171E+00     1.500000E+02       2     6.611929E+01     1.371809E+02    -4.849870E+01    -4.494036E+01 
 2.325171E+00     1.500000E+02       3     7.154781E-01    -2.801401E+01     6.316475E-01     3.360511E-01 
 2.325171E+00     1.500000E+02       4     1.159452E+02     1.363982E+02    -8.396170E+01    -7.996070E+01 
 2.325171E+00     1.500000E+02       5     2.322418E+02     1.552872E+02    -2.109719E+02    -9.709332E+01 
 2.325171E+00     1.500000E+02       6     2.095758E+02    -4.432427E+01     1.499299E+02     1.464345E+02 
 2.325171E+00     1.800000E+02       1     6.319426E+01     7.809957E+01     1.303139E+01    -6.183605E+01 
 2.325171E+00     1.800000E+02       2     1.565927E+00    -2.885907E+01     1.371454E+00     7.558053E-01 
 2.325171E+00     1.800000E+02       3     5.112435E-01    -3.511469E+01     4.181984E-01     2.940750E-01 
 2.325171E+00     1.800000E+02       4     1.945746E+00     1.549528E+02    -1.762766E+00    -8.237617E-01 
 2.325171E+00     1.800000E+02       5     1.424748E+02    -1.002084E+02    -2.525056E+01     1.402194E+02 
 2.325171E+00     1.800000E+02       6     3.456794E+01    -1.721283E+02    -3.424221E+01     4.734237E+00 
 2.364048E+00     0.000000E+00       1     9.053232E+01     6.966490E+01     3.146090E+01    -8.489000E+01 
 2.364048E+00     0.000000E+00       2     4.148806E-01    -2.022517E+01     3.892995E-01     1.434286E-01 
 2.364048E+00     0.000000E+00       3     3.927969E-01    -8.058583E+01     6.424979E-02     3.875066E-01 
 2.364048E+00     0.000000E+00       4     2.233761E+00     5.889192E+01     1.154082E+00    -1.912533E+00 
 2.364048E+00     0.000000E+00       5     1.765753E+02    -1.087119E+02    -5.664702E+01     1.672422E+02 
 2.364048E+00     0.000000E+00       6     5.490050E+01     8.468271E+01     5.087686E+00    -5.466425E+01 
 2.364048E+00     3.000000E+01       1     7.904377E+01     1.538833E+02    -7.097333E+01    -3.479517E+01 
 2.364048E+00     3.000000E+01       2     5.220438E+01     1.629202E+02    -4.990199E+01    -1.533260E+01 
 2.364048E+00     3.000000E+01       3     1.190547E+00    -3.869493E+01     9.292053E-01     7.442988E-01 
 2.364048E+00     3.000000E+01       4     1.115435E+02     1.673803E+02    -1.088488E+02    -2.436985E+01 
 2.364048E+00     3.000000E+01       5     1.711512E+02    -1.958087E+01     1.612535E+02     5.735913E+01 
 2.364048E+00     3.000000E+01       6     4.275474E+02    -1.427606E+02    -3.403763E+02     2.587291E+02 
 2.364048E+00     6.000000E+01       1     2.352999E+01    -8.090958E+01     3.717573E+00     2.323446E+01 
 2.364048E+00     6.000000E+01       2     3.929582E+01    -7.789408E+01     8.241103E+00     3.842195E+01 
 2.364048E+00     6.000000E+01       3     5.189409E-01     2.785576E+01     4.588094E-01    -2.424737E-01 
 2.364048E+00     6.000000E+01       4     9.268193E+01    -8.239828E+01     1.226054E+01     9.186740E+01 
 2.364048E+00     6.000000E+01       5     5.778422E+01     9.565774E+01    -5.696701E+00    -5.750273E+01 
 2.364048E+00     6.000000E+01       6     2.937254E+01    -2.824489E+01     2.587524E+01     1.390029E+01 
 2.364048E+00     9.000000E+01       1     8.552821E+00    -1.487098E+02    -7.308791E+00     4.442107E+00 
 2.364048E+00     9.000000E+01       2     9.388617E+01     1.575856E+02    -8.679310E+01    -3.579904E+01 
 2.364048E+00     9.000000E+01       3     9.124596E-01    -5.066617E+01     5.783513E-01     7.057566E-01 
 2.364048E+00     9.000000E+01       4     1.931319E+02     1.629964E+02    -1.846895E+02    -5.647791E+01 
 2.364048E+00     9.000000E+01       5     2.208716E+01     2.512074E+01     1.999805E+01    -9.376599E+00 
 2.364048E+00     9.000000E+01       6     4.226016E+02     4.070749E+01     3.203527E+02    -2.756197E+02 
 2.364048E+00     1.200000E+02       1     4.419416E+01    -1.096530E+02    -1.486351E+01     4.161971E+01 
 2.364048E+00     1.200000E+02       2     7.854858E+01     6.974538E+01     2.719294E+01    -7.369141E+01 
 2.364048E+00     1.200000E+02       3     7.002298E-01    -1.221801E+02    -3.729303E-01     5.926591E-01 
 2.364048E+00     1.200000E+02       4     1.495878E+02     7.125248E+01     4.807729E+01    -1.416513E+02 
 2.364048E+00     1.200000E+02       5     8.159054E+01     7.326641E+01     2.349171E+01    -7.813550E+01 
 2.364048E+00     1.200000E+02       6     6.395181E+01    -8.758764E+01     2.691810E+00     6.389514E+01 
 2.364048E+00     1.500000E+02       1     8.493765E+01    -2.183010E+01     7.884682E+01     3.158454E+01 
 2.364048E+00     1.500000E+02       2     4.246379E+01     1.510645E+02    -3.716282E+01    -2.054503E+01 
 2.364048E+00     1.500000E+02       3     1.257966E+00    -3.869677E+01     9.817994E-01     7.864787E-01 
 2.364048E+00     1.500000E+02       4     7.930884E+01     1.526251E+02    -7.042761E+01    -3.646701E+01 
 2.364048E+00     1.500000E+02       5     1.756959E+02     1.637542E+02    -1.686804E+02    -4.915247E+01 
 2.364048E+00     1.500000E+02       6     3.633010E+02    -1.381394E+02    -2.705761E+02     2.424380E+02 
 2.364048E+00     1.800000E+02       1     4.541146E+01     1.003038E+02    -8.122644E+00    -4.467912E+01 
 2.364048E+00     1.800000E+02       2     7.931050E-01    -5.591796E+01     4.444397E-01     6.568781E-01 
 2.364048E+00     1.800000E+02       3     6.180597E-01    -8.802715E+00     6.107797E-01     9.458332E-02 
 2.364048E+00     1.800000E+02       4     7.084257E+00    -1.684899E+02    -6.941788E+00     1.413602E+00 
 2.364048E+00     1.800000E+02       5     1.015596E+02    -8.038013E+01     1.697169E+01     1.001315E+02 
 2.364048E+00     1.800000E+02       6     5.708588E+00     1.450106E+02    -4.676806E+00    -3.273449E+00 
 2.402926E+00     0.000000E+00       1     7.453270E+01     8.056965E+01     1.221208E+01    -7.352543E+01 
 2.402926E+00     0.000000E+00       2     5.843484E-01    -2.457560E+01     5.314142E-01     2.430267E-01 
 2.402926E+00     0.000000E+00       3     1.939749E-01    -1.372913E+02    -1.425350E-01     1.315676E-01 
 2.402926E+00     0.000000E+00       4     2.432731E+00     4.685128E+01     1.663732E+00    -1.774875E+00 
 2.402926E+00     0.000000E+00       5     1.335935E+02    -1.003667E+02    -2.403986E+01     1.314127E+02 
 2.402926E+00     0.000000E+00       6     3.905302E+01     6.963365E+01     1.359129E+01    -3.661168E+01 
 2.402926E+00     3.000000E+01       1     4.693836E+01     1.625547E+02    -4.477936E+01    -1.407192E+01 
 2.402926E+00     3.000000E+01       2     3.147034E+01     1.610011E+02    -2.975598E+01    -1.024519E+01 
 2.402926E+00     3.000000E+01       3     8.385131E-01    -5.191247E+01     5.172490E-01     6.599679E-01 
 2.402926E+00     3.000000E+01       4     6.784832E+01     1.677930E+02    -6.631427E+01    -1.434613E+01 
 2.402926E+00     3.000000E+01       5     9.864659E+01    -7.790417E+00     9.773613E+01     1.337153E+01 
 2.402926E+00     3.000000E+01       6     1.256302E+03    -1.752707E+02    -1.252025E+03     1.035790E+02 
 2.402926E+00     6.000000E+01       1     1.468847E+01    -3.966216E+01     1.130750E+01     9.375059E+00 
 2.402926E+00     6.000000E+01       2     2.636309E+01    -3.675982E+01     2.112082E+01     1.577730E+01 
 2.402926E+00     6.000000E+01       3     3.857438E-01    -2.325967E+01     3.543923E-01     1.523298E-01 
 2.402926E+00     6.000000E+01       4     4.974780E+01    -4.098480E+01     3.755380E+01     3.262753E+01 
 2.402926E+00     6.000000E+01       5     2.966168E+01     1.404141E+02    -2.285938E+01    -1.890143E+01 
 2.402926E+00     6.000000E+01       6     4.004286E+01    -3.163521E+01     3.409268E+01     2.100285E+01 
 2.402926E+00     9.000000E+01       1     3.983985E+00     1.582733E+02    -3.700964E+00    -1.474789E+00 
 2.402926E+00     9.000000E+01       2     5.657516E+01     1.635794E+02    -5.426758E+01    -1.599306E+01 
 2.402926E+00     9.000000E+01       3     8.598996E-01    -7.130569E+01     2.756141E-01     8.145331E-01 
 2.402926E+00     9.000000E+01       4     1.141624E+02     1.703388E+02    -1.125432E+02    -1.915902E+01 
 2.402926E+00     9.000000E+01       5     1.058066E+01     1.812563E+01     1.005561E+01    -3.291659E+00 
 2.402926E+00     9.000000E+01       6     1.238853E+03     4.731046E+00     1.234632E+03    -1.021788E+02 
 2.402926E+00     1.200000E+02       1     3.756527E+01    -9.787899E+01    -5.149495E+00     3.721065E+01 
 2.402926E+00     1.200000E+02       2     6.600013E+01     8.020385E+01     1.122948E+01    -6.503781E+01 
 2.402926E+00     1.200000E+02       3     6.356629E-01    -1.417783E+02    -4.993912E-01     3.932884E-01 
 2.402926E+00     1.200000E+02       4     1.221481E+02     8.089119E+01     1.933727E+01    -1.206078E+02 
 2.402926E+00     1.200000E+02       5     6.917251E+01     8.287934E+01     8.574573E+00    -6.863900E+01 
 2.402926E+00     1.200000E+02       6     7.172023E+01    -1.286958E+02    -4.483845E+01     5.597594E+01 
 2.402926E+00     1.500000E+02       1     5.021717E+01    -1.826264E+01     4.768773E+01     1.573672E+01 
 2.402926E+00     1.500000E+02       2     2.520464E+01     1.668992E+02    -2.454863E+01    -5.712999E+00 
 2.402926E+00     1.500000E+02       3     1.095544E+00    -5.015552E+01     7.019214E-01     8.411437E-01 
 2.402926E+00     1.500000E+02       4     4.511311E+01     1.667284E+02    -4.390825E+01    -1.035653E+01 
 2.402926E+00     1.500000E+02       5     1.090581E+02     1.709745E+02    -1.077078E+02    -1.710845E+01 
 2.402926E+00     1.500000E+02       6     1.214029E+03    -1.773457E+02    -1.212727E+03     5.622205E+01 
 2.402926E+00     1.800000E+02       1     3.097817E+01     1.473313E+02    -2.607761E+01    -1.672139E+01 
 2.402926E+00     1.800000E+02       2     6.678761E-01    -1.240723E+02    -3.741697E-01     5.532228E-01 
 2.402926E+00     1.800000E+02       3     6.063236E-01    -4.246007E+01     4.473140E-01     4.093147E-01 
 2.402926E+00     1.800000E+02       4     7.979876E+00    -1.707575E+02    -7.876277E+00     1.281672E+00 
 2.402926E+00     1.800000E+02       5     6.158873E+01    -3.703914E+01     4.916162E+01     3.709862E+01 
 2.402926E+00     1.800000E+02       6     2.457945E+01    -2.126884E+01     2.290531E+01     8.916057E+00 
 2.441803E+00     0.000000E+00       1     3.634232E+01     4.496266E+01     2.571464E+01    -2.568115E+01 
 2.441803E+00     0.000000E+00       2     7.509490E-01    -4.068371E+01     5.694595E-01     4.895307E-01 
 2.441803E+00     0.000000E+00       3     3.308781E-01    -1.404426E+02    -2.551025E-01     2.107202E-01 
 2.441803E+00     0.000000E+00       4     1.608979E+00    -3.121795E+00     1.606591E+00     8.762281E-02 
 2.441803E+00     0.000000E+00       5     5.780116E+01    -1.350877E+02    -4.093413E+01     4.080896E+01 
 2.441803E+00     0.000000E+00       6     3.009741E+01     7.878556E+01     5.853392E+00    -2.952274E+01 
 2.441803E+00     3.000000E+01       1     1.590493E+01     1.143774E+02    -6.564690E+00    -1.448695E+01 
 2.441803E+00     3.000000E+01       2     7.394810E+00     7.312230E+01     2.146934E+00    -7.076291E+00 
 2.441803E+00     3.000000E+01       3     5.240267E-01    -5.433382E+01     3.055399E-01     4.257339E-01 
 2.441803E+00     3.000000E+01       4     1.333539E+01     1.257666E+02    -7.794324E+00    -1.082040E+01 
 2.441803E+00     3.000000E+01       5     2.230233E+01    -1.392445E+01     2.164695E+01     5.366883E+00 
 2.441803E+00     3.000000E+01       6     2.303845E+03    -1.729675E+02    -2.286513E+03     2.820660E+02 
 2.441803E+00     6.000000E+01       1     1.255925E+01     5.189503E+01     7.750363E+00    -9.882639E+00 
 2.441803E+00     6.000000E+01       2     2.093889E+01     4.838916E+01     1.390484E+01    -1.565543E+01 
 2.441803E+00     6.000000E+01       3     2.701631E-01    -5.578492E+01     1.519130E-01     2.234067E-01 
 2.441803E+00     6.000000E+01       4     4.757341E+01     5.021510E+01     3.044257E+01    -3.655789E+01 
 2.441803E+00     6.000000E+01       5     3.167429E+01    -1.330734E+02    -2.163149E+01     2.313740E+01 
 2.441803E+00     6.000000E+01       6     1.887235E+01    -5.048798E+01     1.200734E+01     1.455985E+01 
 2.441803E+00     9.000000E+01       1     4.566964E+00    -2.529175E+00     4.562515E+00     2.015314E-01 
 2.441803E+00     9.000000E+01       2     1.608564E+01     1.087162E+02    -5.161576E+00    -1.523502E+01 
 2.441803E+00     9.000000E+01       3     7.995577E-01    -7.543899E+01     2.010175E-01     7.738763E-01 
 2.441803E+00     9.000000E+01       4     2.939134E+01     1.481711E+02    -2.497167E+01    -1.550053E+01 
 2.441803E+00     9.000000E+01       5     6.729939E+00     1.140405E+02    -2.741653E+00    -6.146171E+00 
 2.441803E+00     9.000000E+01       6     2.270301E+03     8.201406E+00     2.247082E+03    -3.238658E+02 
 2.441803E+00     1.200000E+02       1     1.902158E+01    -1.306290E+02    -1.238606E+01     1.443627E+01 
 2.441803E+00     1.200000E+02       2     3.236766E+01     4.522545E+01     2.279715E+01    -2.297727E+01 
 2.441803E+00     1.200000E+02       3     7.270725E-01    -1.425528E+02    -5.772327E-01     4.420824E-01 
 2.441803E+00     1.200000E+02       4     5.585000E+01     5.324191E+01     3.342275E+01    -4.474531E+01 
 2.441803E+00     1.200000E+02       5     3.089402E+01     5.746649E+01     1.661458E+01    -2.604604E+01 
 2.441803E+00     1.200000E+02       6     7.335469E+01    -1.569484E+02    -6.749753E+01     2.872272E+01 
 2.441803E+00     1.500000E+02       1     1.414445E+01    -8.541890E+01     1.129719E+00     1.409927E+01 
 2.441803E+00     1.500000E+02       2     1.119652E+01     1.305934E+02    -7.285435E+00    -8.502034E+00 
 2.441803E+00     1.500000E+02       3     9.139679E-01    -5.021799E+01     5.848191E-01     7.023701E-01 
 2.441803E+00     1.500000E+02       4     1.509501E+01     1.388201E+02    -1.136119E+01    -9.938946E+00 
 2.441803E+00     1.500000E+02       5     2.718297E+01     1.507723E+02    -2.372221E+01    -1.327292E+01 
 2.441803E+00     1.500000E+02       6     2.253673E+03    -1.735503E+02    -2.239409E+03     2.531572E+02 
 2.441803E+00     1.800000E+02       1     2.696894E+01    -1.363525E+02    -1.951474E+01     1.861448E+01 
 2.441803E+00     1.800000E+02       2     7.277836E-01     1.738661E+02    -7.236170E-01    -7.776499E-02 
 2.441803E+00     1.800000E+02       3     4.430059E-01    -3.835119E+01     3.474151E-01     2.748762E-01 
 2.441803E+00     1.800000E+02       4     5.630839E+00    -1.478327E+02    -4.766490E+00     2.997819E+00 
 2.441803E+00     1.800000E+02       5     5.654134E+01     4.594599E+01     3.931523E+01    -4.063539E+01 
 2.441803E+00     1.800000E+02       6     2.635670E+01    -7.261063E+01     7.877061E+00     2.515209E+01 
 2.480680E+00     0.000000E+00       1     3.889444E+01    -4.496156E+01     2.752097E+01     2.748406E+01 
 2.480680E+00     0.000000E+00       2     5.632061E-01     1.176854E+02    -2.616748E-01    -4.987258E-01 
 2.480680E+00     0.000000E+00       3     4.319167E-01    -1.299509E+02    -2.773470E-01     3.311053E-01 
 2.480680E+00     0.000000E+00       4     2.266900E+00     7.108538E+01     7.348357E-01    -2.144493E+00 
 2.480680E+00     0.000000E+00       5     7.380569E+01     1.478436E+02    -6.248376E+01    -3.928179E+01 
 2.480680E+00     0.000000E+00       6     9.432499E+01    -2.125930E+01     8.790609E+01     3.420123E+01 
 2.480680E+00     3.000000E+01       1     6.693923E+00     7.200416E+00     6.641133E+00    -8.390192E-01 
 2.480680E+00     3.000000E+01       2     5.424272E+00    -1.089280E+02    -1.759522E+00     5.130966E+00 
 2.480680E+00     3.000000E+01       3     3.347821E-01    -8.119459E+01     5.124813E-02     3.308363E-01 
 2.480680E+00     3.000000E+01       4     8.646561E+00     1.713039E+02    -8.547161E+00    -1.307308E+00 
 2.480680E+00     3.000000E+01       5     5.951365E+00     1.757021E+02    -5.934629E+00    -4.460080E-01 
 2.480680E+00     3.000000E+01       6     2.573626E+03    -1.709396E+02    -2.541514E+03     4.052851E+02 
 2.480680E+00     6.000000E+01       1     2.933897E+01     8.054070E+01     4.821769E+00    -2.894004E+01 
 2.480680E+00     6.000000E+01       2     4.932877E+01     8.232333E+01     6.589468E+00    -4.888667E+01 
 2.480680E+00     6.000000E+01       3     4.638129E-01    -8.494914E+01     4.083407E-02     4.620119E-01 
 2.480680E+00     6.000000E+01       4     9.494912E+01     7.951091E+01     1.728532E+01    -9.336248E+01 
 2.480680E+00     6.000000E+01       5     5.722754E+01    -1.030794E+02    -1.295066E+01     5.574290E+01 
 2.480680E+00     6.000000E+01       6     3.491050E+01     8.666320E+01     2.031972E+00    -3.485131E+01 
 2.480680E+00     9.000000E+01       1     5.595727E+00    -1.379133E+02    -4.152765E+00     3.750561E+00 
 2.480680E+00     9.000000E+01       2     6.230039E+00    -2.071487E+01     5.827281E+00     2.203675E+00 
 2.480680E+00     9.000000E+01       3     5.485522E-01    -9.617114E+01    -5.896854E-02     5.453735E-01 
 2.480680E+00     9.000000E+01       4     7.353963E+00     1.781761E+02    -7.350237E+00    -2.340639E-01 
 2.480680E+00     9.000000E+01       5     1.089220E+01     5.053665E+01     6.922915E+00    -8.409122E+00 
 2.480680E+00     9.000000E+01       6     2.607615E+03     9.288840E+00     2.573422E+03    -4.208994E+02 
 2.480680E+00     1.200000E+02       1     1.934796E+01     1.360041E+02    -1.391871E+01    -1.343923E+01 
 2.480680E+00     1.200000E+02       2     3.353331E+01    -4.489404E+01     2.375544E+01     2.366774E+01 
 2.480680E+00     1.200000E+02       3     4.973272E-01    -1.571628E+02    -4.583425E-01     1.930194E-01 
 2.480680E+00     1.200000E+02       4     5.942922E+01    -3.327133E+01     4.968770E+01     3.260314E+01 
 2.480680E+00     1.200000E+02       5     3.018090E+01    -3.393572E+01     2.504002E+01     1.684886E+01 
 2.480680E+00     1.200000E+02       6     1.015221E+02     1.658074E+02    -9.842334E+01    -2.489147E+01 
 2.480680E+00     1.500000E+02       1     5.729724E+00     1.424200E+02    -4.540824E+00    -3.494375E+00 
 2.480680E+00     1.500000E+02       2     7.732517E+00     2.391797E+01     7.068501E+00    -3.134981E+00 
 2.480680E+00     1.500000E+02       3     5.090890E-01    -5.043219E+01     3.242851E-01     3.924421E-01 
 2.480680E+00     1.500000E+02       4     1.439474E+01     2.755926E+01     1.276140E+01    -6.659951E+00 
 2.480680E+00     1.500000E+02       5     8.396432E+00    -1.664877E+02    -8.164017E+00     1.961860E+00 
 2.480680E+00     1.500000E+02       6     2.673808E+03    -1.709766E+02    -2.640718E+03     4.193530E+02 
 2.480680E+00     1.800000E+02       1     5.844624E+01    -9.996497E+01    -1.011390E+01     5.756451E+01 
 2.480680E+00     1.800000E+02       2     4.909843E-01     1.264885E+02    -2.919692E-01    -3.947399E-01 
 2.480680E+00     1.800000E+02       3     5.606640E-01    -4.575376E+01     3.911996E-01     4.016304E-01 
 2.480680E+00     1.800000E+02       4     4.808043E+00    -9.607866E+01    -5.091416E-01     4.781009E+00 
 2.480680E+00     1.800000E+02       5     1.119426E+02     7.787330E+01     2.351626E+01    -1.094447E+02 
 2.480680E+00     1.800000E+02       6     5.178998E+00    -4.619017E+00     5.162178E+00     4.170635E-01 
 2.519557E+00     0.000000E+00       1     5.391768E+01    -2.759462E+01     4.778439E+01     2.497536E+01 
 2.519557E+00     0.000000E+00       2     1.233377E-01     1.252207E+02    -7.113230E-02    -1.007590E-01 
 2.519557E+00     0.000000E+00       3     2.608440E-01    -6.986871E+01     8.977534E-02     2.449081E-01 
 2.519557E+00     0.000000E+00       4     3.573780E+00     2.786093E+01     3.159524E+00    -1.670124E+00 
 2.519557E+00     0.000000E+00       5     1.092157E+02     1.558046E+02    -9.962147E+01    -4.476200E+01 
 2.519557E+00     0.000000E+00       6     6.881609E+01    -5.834118E+01     3.611882E+01     5.857547E+01 
 2.519557E+00     3.000000E+01       1     1.610922E+01     1.567949E+02    -1.480599E+01    -6.347413E+00 
 2.519557E+00     3.000000E+01       2     1.264553E+01     1.403678E+02    -9.739022E+00    -8.066032E+00 
 2.519557E+00     3.000000E+01       3     9.904967E-02    -2.262344E+01     9.142809E-02     3.810174E-02 
 2.519557E+00     3.000000E+01       4     2.857320E+01     1.354063E+02    -2.034707E+01    -2.006052E+01 
 2.519557E+00     3.000000E+01       5     2.605621E+01    -2.775426E+01     2.305852E+01     1.213387E+01 
 2.519557E+00     3.000000E+01       6     1.873781E+03    -1.553698E+02    -1.703298E+03     7.809155E+02 
 2.519557E+00     6.000000E+01       1     3.180147E+01     1.022751E+02    -6.761198E+00    -3.107442E+01 
 2.519557E+00     6.000000E+01       2     5.484348E+01     1.041632E+02    -1.341931E+01    -5.317640E+01 
 2.519557E+00     6.000000E+01       3     6.216912E-01    -1.452309E+02    -5.106923E-01     3.545326E-01 
 2.519557E+00     6.000000E+01       4     9.960267E+01     1.041102E+02    -2.428187E+01    -9.659753E+01 
 2.519557E+00     6.000000E+01       5     6.108556E+01    -7.713637E+01     1.359956E+01     5.955248E+01 
 2.519557E+00     6.000000E+01       6     3.847998E+01     8.455488E+01     3.651451E+00    -3.830634E+01 
 2.519557E+00     9.000000E+01       1     3.986159E+00     9.868971E+01    -6.022417E-01    -3.940402E+00 
 2.519557E+00     9.000000E+01       2     1.910119E+01     1.523926E+02    -1.692640E+01    -8.851689E+00 
 2.519557E+00     9.000000E+01       3     2.668784E-02     1.648742E+01     2.559049E-02    -7.574137E-03 
 2.519557E+00     9.000000E+01       4     4.582849E+01     1.611822E+02    -4.337892E+01    -1.478242E+01 
 2.519557E+00     9.000000E+01       5     4.506177E+00    -2.358529E+01     4.129756E+00     1.802983E+00 
 2.519557E+00     9.000000E+01       6     1.877076E+03     2.486965E+01     1.703009E+03    -7.894142E+02 
 2.519557E+00     1.200000E+02       1     2.699907E+01     1.526006E+02    -2.397031E+01    -1.242473E+01 
 2.519557E+00     1.200000E+02       2     4.723248E+01    -2.881073E+01     4.138588E+01     2.276217E+01 
 2.519557E+00     1.200000E+02       3     4.406979E-02    -7.389313E+01     1.222627E-02     4.233987E-02 
 2.519557E+00     1.200000E+02       4     9.378534E+01    -2.933159E+01     8.176199E+01     4.594198E+01 
 2.519557E+00     1.200000E+02       5     5.131716E+01    -2.477707E+01     4.659317E+01     2.150644E+01 
 2.519557E+00     1.200000E+02       6     6.570847E+01     1.354293E+02    -4.680972E+01    -4.611348E+01 
 2.519557E+00     1.500000E+02       1     1.892445E+01    -3.653317E+01     1.520603E+01     1.126550E+01 
 2.519557E+00     1.500000E+02       2     7.769621E+00     1.689841E+02    -7.626460E+00    -1.484627E+00 
 2.519557E+00     1.500000E+02       3     3.986881E-01     1.877526E+01     3.774732E-01    -1.283205E-01 
 2.519557E+00     1.500000E+02       4     5.769555E+00     1.294880E+02    -3.668955E+00    -4.452699E+00 
 2.519557E+00     1.500000E+02       5     4.237903E+01     1.488377E+02    -3.626396E+01    -2.192960E+01 
 2.519557E+00     1.500000E+02       6     1.910734E+03    -1.569213E+02    -1.757813E+03     7.489975E+02 
 2.519557E+00     1.800000E+02       1     6.528661E+01    -7.676714E+01     1.494470E+01     6.355311E+01 
 2.519557E+00     1.800000E+02       2     1.679877E-01     9.715730E+00     1.655783E-01    -2.834960E-02 
 2.519557E+00     1.800000E+02       3     2.838985E-01    -1.038383E+02    -6.790361E-02     2.756582E-01 
 2.519557E+00     1.800000E+02       4     6.588491E+00    -6.406537E+01     2.881446E+00     5.924988E+00 
 2.519557E+00     1.800000E+02       5     1.167334E+02     1.012786E+02    -2.283077E+01    -1.144790E+02 
 2.519557E+00     1.800000E+02       6     1.385887E+01     1.144458E+02    -5.735238E+00    -1.261647E+01 
 2.558435E+00     0.000000E+00       1     3.858116E+01    -1.731990E+01     3.683179E+01     1.148586E+01 
 2.558435E+00     0.000000E+00       2     7.331469E-01    -1.446877E+02    -5.982580E-01     4.237827E-01 
 2.558435E+00     0.000000E+00       3     2.832428E-01    -7.778674E+01     5.992027E-02     2.768321E-01 
 2.558435E+00     0.000000E+00       4     2.912079E+00    -5.250856E+01     1.772416E+00     2.310573E+00 
 2.558435E+00     0.000000E+00       5     6.385143E+01     1.571383E+02    -5.883559E+01    -2.480682E+01 
 2.558435E+00     0.000000E+00       6     3.348719E+01    -8.421792E+01     3.373671E+00     3.331682E+01 
 2.558435E+00     3.000000E+01       1     4.296783E+01    -1.655321E+02    -4.160522E+01     1.073498E+01 
 2.558435E+00     3.000000E+01       2     1.711602E+01    -1.497102E+02    -1.477943E+01     8.632870E+00 
 2.558435E+00     3.000000E+01       3     4.293153E-01    -6.848303E+01     1.574629E-01     3.993958E-01 
 2.558435E+00     3.000000E+01       4     3.480312E+01    -1.540340E+02    -3.128988E+01     1.523813E+01 
 2.558435E+00     3.000000E+01       5     7.729231E+01     1.452708E+01     7.482122E+01    -1.938781E+01 
 2.558435E+00     3.000000E+01       6     1.175608E+03    -1.367995E+02    -8.569743E+02     8.047667E+02 
 2.558435E+00     6.000000E+01       1     3.524716E+01     1.240347E+02    -1.972767E+01    -2.920926E+01 
 2.558435E+00     6.000000E+01       2     6.105190E+01     1.250344E+02    -3.504797E+01    -4.998974E+01 
 2.558435E+00     6.000000E+01       3     1.264378E-01    -7.887393E+01     2.439851E-02     1.240614E-01 
 2.558435E+00     6.000000E+01       4     1.098271E+02     1.298723E+02    -7.040783E+01    -8.428957E+01 
 2.558435E+00     6.000000E+01       5     6.758900E+01    -5.006444E+01     4.338711E+01     5.182501E+01 
 2.558435E+00     6.000000E+01       6     3.958668E+01     9.122199E+01    -8.442278E-01    -3.957768E+01 
 2.558435E+00     9.000000E+01       1     9.079817E+00    -8.517596E+00     8.979670E+00     1.344840E+00 
 2.558435E+00     9.000000E+01       2     4.588693E+01    -1.612335E+02    -4.344747E+01     1.476238E+01 
 2.558435E+00     9.000000E+01       3     1.454454E-01    -1.097479E+02    -4.914337E-02     1.368915E-01 
 2.558435E+00     9.000000E+01       4     9.540509E+01    -1.593998E+02    -8.930472E+01     3.356781E+01 
 2.558435E+00     9.000000E+01       5     8.165803E+00     1.576075E+02    -7.550069E+00    -3.110755E+00 
 2.558435E+00     9.000000E+01       6     1.190185E+03     4.380623E+01     8.589387E+02    -8.238720E+02 
 2.558435E+00     1.200000E+02       1     1.965333E+01     1.630120E+02    -1.879578E+01    -5.742136E+00 
 2.558435E+00     1.200000E+02       2     3.427718E+01    -1.952384E+01     3.230633E+01     1.145540E+01 
 2.558435E+00     1.200000E+02       3     1.577238E-01    -1.500583E+02    -1.366731E-01     7.872278E-02 
 2.558435E+00     1.200000E+02       4     6.104172E+01    -2.776214E+01     5.401515E+01     2.843336E+01 
 2.558435E+00     1.200000E+02       5     3.309623E+01    -2.576118E+01     2.980691E+01     1.438432E+01 
 2.558435E+00     1.200000E+02       6     6.122733E+01     9.168098E+01    -1.796069E+00    -6.120098E+01 
 2.558435E+00     1.500000E+02       1     3.614703E+01     1.748833E+01     3.447625E+01    -1.086260E+01 
 2.558435E+00     1.500000E+02       2     3.019622E+01    -1.684742E+02    -2.958730E+01     6.033501E+00 
 2.558435E+00     1.500000E+02       3     4.338851E-01    -8.925629E+00     4.286310E-01     6.731828E-02 
 2.558435E+00     1.500000E+02       4     4.370004E+01    -1.648852E+02    -4.218824E+01     1.139498E+01 
 2.558435E+00     1.500000E+02       5     6.992061E+01    -1.628180E+02    -6.680012E+01     2.065514E+01 
 2.558435E+00     1.500000E+02       6     1.177979E+03    -1.368056E+02    -8.587879E+02     8.062984E+02 
 2.558435E+00     1.800000E+02       1     7.421193E+01    -5.582312E+01     4.168852E+01     6.139608E+01 
 2.558435E+00     1.800000E+02       2     6.438831E-01    -3.805218E+01     5.070256E-01     3.968760E-01 
 2.558435E+00     1.800000E+02       3     3.350941E-01    -2.098759E+01     3.128633E-01     1.200192E-01 
 2.558435E+00     1.800000E+02       4     6.654777E+00    -3.938597E+01     5.143404E+00     4.222731E+00 
 2.558435E+00     1.800000E+02       5     1.268476E+02     1.265730E+02    -7.558165E+01    -1.018711E+02 
 2.558435E+00     1.800000E+02       6     4.349336E+01     9.719033E+01    -5.443878E+00    -4.315132E+01 
 2.597312E+00     0.000000E+00       1     2.491255E+01    -9.267868E+01    -1.164280E+00     2.488533E+01 
 2.597312E+00     0.000000E+00       2     1.837981E-01    -1.042555E+02    -4.525948E-02     1.781385E-01 
 2.597312E+00     0.000000E+00       3     1.739512E-01     1.099394E+02    -5.932184E-02    -1.635236E-01 
 2.597312E+00     0.000000E+00       4     2.973604E+00    -9.416221E+01    -2.158253E-01     2.965761E+00 
 2.597312E+00     0.000000E+00       5     4.618545E+01     7.293236E+01     1.355545E+01    -4.415139E+01 
 2.597312E+00     0.000000E+00       6     1.378022E+01     1.489512E+02    -1.180591E+01    -7.107387E+00 
 2.597312E+00     3.000000E+01       1     9.002775E+01    -1.562410E+02    -8.239773E+01     3.627133E+01 
 2.597312E+00     3.000000E+01       2     5.670537E+01    -1.498521E+02    -4.903494E+01     2.847935E+01 
 2.597312E+00     3.000000E+01       3     2.795108E-01    -7.585807E+01     6.829139E-02     2.710398E-01 
 2.597312E+00     3.000000E+01       4     1.067680E+02    -1.505171E+02    -9.294185E+01     5.254728E+01 
 2.597312E+00     3.000000E+01       5     1.554282E+02     2.411839E+01     1.418598E+02    -6.351161E+01 
 2.597312E+00     3.000000E+01       6     4.599785E+02    -1.321823E+02    -3.088717E+02     3.408497E+02 
 2.597312E+00     6.000000E+01       1     2.024610E+01     1.480513E+02    -1.717926E+01    -1.071342E+01 
 2.597312E+00     6.000000E+01       2     3.454343E+01     1.482873E+02    -2.938589E+01    -1.815813E+01 
 2.597312E+00     6.000000E+01       3     3.157236E-01    -7.717940E+01     7.005877E-02     3.078525E-01 
 2.597312E+00     6.000000E+01       4     7.434019E+01     1.579577E+02    -6.890647E+01    -2.789916E+01 
 2.597312E+00     6.000000E+01       5     4.945842E+01    -2.363965E+01     4.530814E+01     1.983199E+01 
 2.597312E+00     6.000000E+01       6     2.560715E+01     9.424536E+01    -1.895640E+00    -2.553689E+01 
 2.597312E+00     9.000000E+01       1     7.091780E+00    -8.074446E+01     1.140628E+00     6.999451E+00 
 2.597312E+00     9.000000E+01       2     1.069106E+02    -1.545204E+02    -9.651236E+01     4.599183E+01 
 2.597312E+00     9.000000E+01       3     2.541779E-01     1.498045E+02    -2.196895E-01    -1.278394E-01 
 2.597312E+00     9.000000E+01       4     1.929328E+02    -1.530661E+02    -1.720053E+02     8.739135E+01 
 2.597312E+00     9.000000E+01       5     1.421760E+01     5.994198E+01     7.121264E+00    -1.230560E+01 
 2.597312E+00     9.000000E+01       6     4.327509E+02     4.076193E+01     3.277781E+02    -2.825507E+02 
 2.597312E+00     1.200000E+02       1     1.254088E+01     8.948803E+01     1.120579E-01    -1.254038E+01 
 2.597312E+00     1.200000E+02       2     2.302583E+01    -9.349809E+01    -1.404929E+00     2.298292E+01 
 2.597312E+00     1.200000E+02       3     3.696581E-01     1.329331E+02    -2.517902E-01    -2.706452E-01 
 2.597312E+00     1.200000E+02       4     4.428004E+01    -9.645592E+01    -4.978791E+00     4.399924E+01 
 2.597312E+00     1.200000E+02       5     2.198011E+01    -9.687883E+01    -2.632560E+00     2.182189E+01 
 2.597312E+00     1.200000E+02       6     5.563407E+01     5.785739E+01     2.959891E+01    -4.710684E+01 
 2.597312E+00     1.500000E+02       1     9.383604E+01     2.662811E+01     8.388327E+01    -4.205711E+01 
 2.597312E+00     1.500000E+02       2     5.138812E+01    -1.599276E+02    -4.826680E+01     1.763675E+01 
 2.597312E+00     1.500000E+02       3     3.413128E-01     8.944138E+00     3.371626E-01    -5.306438E-02 
 2.597312E+00     1.500000E+02       4     7.551937E+01    -1.591456E+02    -7.057197E+01     2.688443E+01 
 2.597312E+00     1.500000E+02       5     1.682156E+02    -1.532214E+02    -1.501752E+02     7.578843E+01 
 2.597312E+00     1.500000E+02       6     4.228385E+02    -1.392183E+02    -3.201749E+02     2.761891E+02 
 2.597312E+00     1.800000E+02       1     4.496433E+01    -3.451541E+01     3.704943E+01     2.547804E+01 
 2.597312E+00     1.800000E+02       2     5.317095E-01    -9.148194E+01    -1.375096E-02     5.315317E-01 
 2.597312E+00     1.800000E+02       3     2.599285E-01    -6.751264E+01     9.941733E-02     2.401645E-01 
 2.597312E+00     1.800000E+02       4     4.148183E+00    -1.382899E+01     4.027941E+00     9.915187E-01 
 2.597312E+00     1.800000E+02       5     8.583391E+01     1.544515E+02    -7.744113E+01    -3.701799E+01 
 2.597312E+00     1.800000E+02       6     3.430274E+01     2.586352E+01     3.086683E+01    -1.496385E+01 
 2.636189E+00     0.000000E+00       1     5.908493E+01    -1.648165E+02    -5.702239E+01     1.547498E+01 
 2.636189E+00     0.000000E+00       2     7.345205E-01    -4.534537E+01     5.162443E-01     5.225058E-01 
 2.636189E+00     0.000000E+00       3     6.200382E-01     1.020429E+02    -1.293670E-01    -6.063922E-01 
 2.636189E+00     0.000000E+00       4     2.341364E+00    -1.227021E+02    -1.264973E+00     1.970236E+00 
 2.636189E+00     0.000000E+00       5     1.079738E+02     2.247298E+01     9.977428E+01    -4.127275E+01 
 2.636189E+00     0.000000E+00       6     8.126747E+01    -1.674271E+02    -7.931865E+01     1.769046E+01 
 2.636189E+00     3.000000E+01       1     6.168537E+01     1.783770E+02    -6.166062E+01    -1.747128E+00 
 2.636189E+00     3.000000E+01       2     3.367767E+01    -1.741735E+02    -3.350368E+01     3.418857E+00 
 2.636189E+00     3.000000E+01       3     3.002114E-01    -2.046513E+01     2.812636E-01     1.049651E-01 
 2.636189E+00     3.000000E+01       4     6.972136E+01    -1.710468E+02    -6.887186E+01     1.085056E+01 
 2.636189E+00     3.000000E+01       5     1.098486E+02     6.936488E+00     1.090446E+02    -1.326631E+01 
 2.636189E+00     3.000000E+01       6     1.836726E+02    -1.544405E+02    -1.656980E+02     7.924522E+01 
 2.636189E+00     6.000000E+01       1     3.877145E+01    -1.577247E+02    -3.587807E+01     1.469659E+01 
 2.636189E+00     6.000000E+01       2     6.623036E+01    -1.559382E+02    -6.047534E+01     2.700359E+01 
 2.636189E+00     6.000000E+01       3     9.166544E-02    -1.033032E+02    -2.109264E-02     8.920568E-02 
 2.636189E+00     6.000000E+01       4     1.266621E+02    -1.582338E+02    -1.176317E+02     4.696893E+01 
 2.636189E+00     6.000000E+01       5     7.383158E+01     1.880078E+01     6.989228E+01    -2.379433E+01 
 2.636189E+00     6.000000E+01       6     3.871420E+01    -1.496400E+02    -3.340521E+01     1.956736E+01 
 2.636189E+00     9.000000E+01       1     6.228711E+00    -6.077366E+01     3.041236E+00     5.435782E+00 
 2.636189E+00     9.000000E+01       2     7.173335E+01    -1.785960E+02    -7.171182E+01     1.757546E+00 
 2.636189E+00     9.000000E+01       3     1.181678E-01     7.865343E+01     2.324869E-02    -1.158582E-01 
 2.636189E+00     9.000000E+01       4     1.272417E+02    -1.723688E+02    -1.261148E+02     1.689725E+01 
 2.636189E+00     9.000000E+01       5     1.390971E+01     6.108158E+01     6.726232E+00    -1.217530E+01 
 2.636189E+00     9.000000E+01       6     1.319311E+02     3.615414E+01     1.065255E+02    -7.783401E+01 
 2.636189E+00     1.200000E+02       1     2.950808E+01     1.433007E+01     2.858997E+01    -7.303475E+00 
 2.636189E+00     1.200000E+02       2     5.131586E+01    -1.641762E+02    -4.937123E+01     1.399280E+01 
 2.636189E+00     1.200000E+02       3     4.853849E-01     1.073929E+02    -1.450924E-01    -4.631918E-01 
 2.636189E+00     1.200000E+02       4     9.106240E+01    -1.570893E+02    -8.387872E+01     3.545026E+01 
 2.636189E+00     1.200000E+02       5     4.942223E+01    -1.617428E+02    -4.693431E+01     1.548313E+01 
 2.636189E+00     1.200000E+02       6     7.355671E+01     2.843493E+01     6.468272E+01    -3.502479E+01 
 2.636189E+00     1.500000E+02       1     6.278197E+01     3.613426E-01     6.278072E+01    -3.959392E-01 
 2.636189E+00     1.500000E+02       2     3.739147E+01     1.763159E+02    -3.731420E+01    -2.402617E+00 
 2.636189E+00     1.500000E+02       3     4.741814E-01     2.471982E+00     4.737401E-01    -2.045184E-02 
 2.636189E+00     1.500000E+02       4     5.189459E+01    -1.779376E+02    -5.186098E+01     1.867546E+00 
 2.636189E+00     1.500000E+02       5     1.169543E+02    -1.747137E+02    -1.164568E+02     1.077520E+01 
 2.636189E+00     1.500000E+02       6     4.075317E+01    -1.000125E+02    -7.085455E+00     4.013249E+01 
 2.636189E+00     1.800000E+02       1     7.774206E+01     2.119865E+01     7.248144E+01    -2.811173E+01 
 2.636189E+00     1.800000E+02       2     4.562318E-01    -7.884147E+01     8.829194E-02     4.476070E-01 
 2.636189E+00     1.800000E+02       3     1.014659E-01     1.744261E+02    -1.009861E-01    -9.855419E-03 
 2.636189E+00     1.800000E+02       4     6.387224E+00     3.573175E+01     5.184893E+00    -3.730082E+00 
 2.636189E+00     1.800000E+02       5     1.450975E+02    -1.606847E+02    -1.369304E+02     4.799341E+01 
 2.636189E+00     1.800000E+02       6     1.234813E+01    -1.425034E+02    -9.796871E+00     7.516490E+00 
 2.675066E+00     0.000000E+00       1     5.647527E+01    -1.436739E+02    -4.549979E+01     3.345483E+01 
 2.675066E+00     0.000000E+00       2     8.676812E-01     5.766871E+01     4.640480E-01    -7.331644E-01 
 2.675066E+00     0.000000E+00       3     5.106638E-01     7.010647E+01     1.737653E-01    -4.801907E-01 
 2.675066E+00     0.000000E+00       4     8.361196E-01    -6.585345E+01     3.420331E-01     7.629609E-01 
 2.675066E+00     0.000000E+00       5     1.035431E+02     4.223468E+01     7.666308E+01    -6.959844E+01 
 2.675066E+00     0.000000E+00       6     5.091125E+01     1.708780E+02    -5.026738E+01    -8.071294E+00 
 2.675066E+00     3.000000E+01       1     2.137726E+01    -1.595410E+02    -2.002884E+01     7.472139E+00 
 2.675066E+00     3.000000E+01       2     1.499043E+01    -1.406521E+02    -1.159226E+01     9.504345E+00 
 2.675066E+00     3.000000E+01       3     5.781421E-01    -6.342851E+01     2.586111E-01     5.170769E-01 
 2.675066E+00     3.000000E+01       4     3.256234E+01    -1.525310E+02    -2.889127E+01     1.502000E+01 
 2.675066E+00     3.000000E+01       5     4.483968E+01     2.390509E+01     4.099324E+01    -1.817006E+01 
 2.675066E+00     3.000000E+01       6     9.359533E+02    -1.358863E+02    -6.719768E+02     6.515028E+02 
 2.675066E+00     6.000000E+01       1     3.462342E+01    -1.501019E+02    -3.001551E+01     1.725834E+01 
 2.675066E+00     6.000000E+01       2     5.988132E+01    -1.492545E+02    -5.146479E+01     3.061287E+01 
 2.675066E+00     6.000000E+01       3     5.480491E-01     8.091856E+00     5.425926E-01    -7.714367E-02 
 2.675066E+00     6.000000E+01       4     1.102276E+02    -1.519697E+02    -9.729783E+01     5.180014E+01 
 2.675066E+00     6.000000E+01       5     6.663089E+01     2.919872E+01     5.816430E+01    -3.250522E+01 
 2.675066E+00     6.000000E+01       6     4.003471E+01    -1.612824E+02    -3.791735E+01     1.284729E+01 
 2.675066E+00     9.000000E+01       1     5.011247E+00    -8.969019E+01     2.709648E-02     5.011174E+00 
 2.675066E+00     9.000000E+01       2     2.689857E+01    -1.546952E+02    -2.431757E+01     1.149735E+01 
 2.675066E+00     9.000000E+01       3     5.079180E-01    -7.903531E+01     9.660803E-02     4.986457E-01 
 2.675066E+00     9.000000E+01       4     4.818236E+01    -1.567433E+02    -4.426731E+01     1.902484E+01 
 2.675066E+00     9.000000E+01       5     1.240790E+01     6.222028E+01     5.782995E+00    -1.097784E+01 
 2.675066E+00     9.000000E+01       6     9.427860E+02     4.476615E+01     6.693657E+02    -6.639239E+02 
 2.675066E+00     1.200000E+02       1     2.792512E+01     3.639281E+01     2.247883E+01    -1.656847E+01 
 2.675066E+00     1.200000E+02       2     5.101862E+01    -1.447635E+02    -4.167088E+01     2.943532E+01 
 2.675066E+00     1.200000E+02       3     3.780641E-01     4.963779E+01     2.448409E-01    -2.880719E-01 
 2.675066E+00     1.200000E+02       4     9.184082E+01    -1.441370E+02    -7.442960E+01     5.380493E+01 
 2.675066E+00     1.200000E+02       5     4.792636E+01    -1.391377E+02    -3.624593E+01     3.135551E+01 
 2.675066E+00     1.200000E+02       6     5.099238E+01     1.177019E+01     4.992019E+01    -1.040177E+01 
 2.675066E+00     1.500000E+02       1     2.339945E+01     2.910691E+01     2.044442E+01    -1.138245E+01 
 2.675066E+00     1.500000E+02       2     1.246059E+01    -1.704600E+02    -1.228826E+01     2.065177E+00 
 2.675066E+00     1.500000E+02       3     6.475869E-01    -4.568704E+01     4.523895E-01     4.633709E-01 
 2.675066E+00     1.500000E+02       4     1.535568E+01    -1.734743E+02    -1.525619E+01     1.745159E+00 
 2.675066E+00     1.500000E+02       5     5.176146E+01    -1.488551E+02    -4.430068E+01     2.677123E+01 
 2.675066E+00     1.500000E+02       6     8.986653E+02    -1.354950E+02    -6.409187E+02     6.299385E+02 
 2.675066E+00     1.800000E+02       1     7.068831E+01     2.938779E+01     6.159203E+01    -3.468803E+01 
 2.675066E+00     1.800000E+02       2     6.235429E-01    -7.934350E+00     6.175736E-01     8.607283E-02 
 2.675066E+00     1.800000E+02       3     4.321344E-01     2.312688E+01     3.974070E-01    -1.697288E-01 
 2.675066E+00     1.800000E+02       4     4.089274E+00     3.918374E+01     3.169694E+00    -2.583642E+00 
 2.675066E+00     1.800000E+02       5     1.210729E+02    -1.557732E+02    -1.104098E+02     4.968228E+01 
 2.675066E+00     1.800000E+02       6     3.267827E+01    -1.219300E+02    -1.728297E+01     2.773389E+01 
 2.713943E+00     0.000000E+00       1     4.374423E+01    -1.322599E+02    -2.941775E+01     3.237520E+01 
 2.713943E+00     0.000000E+00       2     5.476510E-01     5.974024E+01     2.759729E-01    -4.730334E-01 
 2.713943E+00     0.000000E+00       3     2.373071E-01    -6.808748E+01     8.856074E-02     2.201628E-01 
 2.713943E+00     0.000000E+00       4     2.174629E+00     1.393217E+02    -1.649199E+00    -1.417446E+00 
 2.713943E+00     0.000000E+00       5     5.901451E+01     4.756533E+01     3.981999E+01    -4.355550E+01 
 2.713943E+00     0.000000E+00       6     1.024959E+01     1.084281E+02    -3.240037E+00    -9.724007E+00 
 2.713943E+00     3.000000E+01       1     4.758167E+00     1.224180E+02    -2.550816E+00    -4.016652E+00 
 2.713943E+00     3.000000E+01       2     1.554807E+00    -1.225136E+02    -8.357082E-01     1.311113E+00 
 2.713943E+00     3.000000E+01       3     2.516814E-01    -1.107095E+02    -8.900218E-02     2.354191E-01 
 2.713943E+00     3.000000E+01       4     8.038505E+00     1.538944E+02    -7.218454E+00    -3.537157E+00 
 2.713943E+00     3.000000E+01       5     6.515086E+00    -7.206992E+01     2.005709E+00     6.198667E+00 
 2.713943E+00     3.000000E+01       6     1.686061E+03    -1.297322E+02    -1.077732E+03     1.296649E+03 
 2.713943E+00     6.000000E+01       1     2.425669E+01    -1.350881E+02    -1.717841E+01     1.712568E+01 
 2.713943E+00     6.000000E+01       2     4.051123E+01    -1.349129E+02    -2.860217E+01     2.868930E+01 
 2.713943E+00     6.000000E+01       3     2.825367E-01    -6.405186E+01     1.236261E-01     2.540543E-01 
 2.713943E+00     6.000000E+01       4     6.998926E+01    -1.321346E+02    -4.695404E+01     5.190196E+01 
 2.713943E+00     6.000000E+01       5     4.301569E+01     5.091802E+01     2.711845E+01    -3.339070E+01 
 2.713943E+00     6.000000E+01       6     3.441805E+01    -1.259829E+02    -2.022209E+01     2.785084E+01 
 2.713943E+00     9.000000E+01       1     2.068124E+00    -8.119944E+01     3.164136E-01     2.043776E+00 
 2.713943E+00     9.000000E+01       2     3.041624E+00     1.406916E+02    -2.353450E+00    -1.926850E+00 
 2.713943E+00     9.000000E+01       3     3.865522E-01    -1.025417E+02    -8.393997E-02     3.773283E-01 
 2.713943E+00     9.000000E+01       4     9.524657E+00     1.452015E+02    -7.821309E+00    -5.435644E+00 
 2.713943E+00     9.000000E+01       5     1.290174E+01     8.381345E+01     1.390369E+00    -1.282661E+01 
 2.713943E+00     9.000000E+01       6     1.683116E+03     5.104735E+01     1.058138E+03    -1.308902E+03 
 2.713943E+00     1.200000E+02       1     2.215579E+01     4.862019E+01     1.464603E+01    -1.662446E+01 
 2.713943E+00     1.200000E+02       2     3.952335E+01    -1.352705E+02    -2.807886E+01     2.781498E+01 
 2.713943E+00     1.200000E+02       3     3.862900E-01    -4.965764E+01     2.500662E-01     2.944263E-01 
 2.713943E+00     1.200000E+02       4     5.837069E+01    -1.385877E+02    -4.377621E+01     3.861063E+01 
 2.713943E+00     1.200000E+02       5     3.425857E+01    -1.329477E+02    -2.334142E+01     2.507644E+01 
 2.713943E+00     1.200000E+02       6     4.452540E+01    -4.678440E+01     3.048857E+01     3.244932E+01 
 2.713943E+00     1.500000E+02       1     2.218245E+00    -3.014019E+01     1.918337E+00     1.113819E+00 
 2.713943E+00     1.500000E+02       2     4.464726E+00     1.125677E+02    -1.713449E+00    -4.122847E+00 
 2.713943E+00     1.500000E+02       3     2.945056E-01    -5.293433E+01     1.775074E-01     2.349993E-01 
 2.713943E+00     1.500000E+02       4     1.302421E+01     5.672226E+01     7.146357E+00    -1.088850E+01 
 2.713943E+00     1.500000E+02       5     1.259196E+01    -1.798640E+02    -1.259192E+01     2.989700E-02 
 2.713943E+00     1.500000E+02       6     1.700176E+03    -1.312372E+02    -1.120718E+03     1.278510E+03 
 2.713943E+00     1.800000E+02       1     4.974770E+01     4.568989E+01     3.475084E+01    -3.559793E+01 
 2.713943E+00     1.800000E+02       2     7.020486E-01    -1.562224E+01     6.761136E-01     1.890573E-01 
 2.713943E+00     1.800000E+02       3     3.045444E-01    -6.851520E+01     1.115407E-01     2.833830E-01 
 2.713943E+00     1.800000E+02       4     3.746484E+00     1.314971E+02    -2.482351E+00    -2.806078E+00 
 2.713943E+00     1.800000E+02       5     7.910819E+01    -1.338640E+02    -5.481791E+01     5.703598E+01 
 2.713943E+00     1.800000E+02       6     4.825611E+01    -1.488532E+02    -4.129975E+01     2.495963E+01 
 2.752821E+00     0.000000E+00       1     4.023429E+01     1.745360E+02    -4.005148E+01    -3.831132E+00 
 2.752821E+00     0.000000E+00       2     6.740294E-01     1.479315E+02    -5.711820E-01    -3.578642E-01 
 2.752821E+00     0.000000E+00       3     4.733211E-01    -9.182285E+01    -1.505602E-02     4.730816E-01 
 2.752821E+00     0.000000E+00       4     2.775189E+00     1.132333E+02    -1.094746E+00    -2.550138E+00 
 2.752821E+00     0.000000E+00       5     4.654071E+01    -1.688461E+01     4.453442E+01     1.351753E+01 
 2.752821E+00     0.000000E+00       6     2.944673E+01    -5.951785E+00     2.928800E+01     3.053377E+00 
 2.752821E+00     3.000000E+01       1     1.413065E+01     6.851776E+01     5.174823E+00    -1.314901E+01 
 2.752821E+00     3.000000E+01       2     7.175087E+00    -7.230883E+01     2.180410E+00     6.835765E+00 
 2.752821E+00     3.000000E+01       3     7.952704E-02    -1.162234E+02    -3.514081E-02     7.134194E-02 
 2.752821E+00     3.000000E+01       4     1.765021E+00    -4.814957E+01     1.177601E+00     1.314745E+00 
 2.752821E+00     3.000000E+01       5     1.475657E+01    -8.533827E+01     1.199308E+00     1.470776E+01 
 2.752821E+00     3.000000E+01       6     1.959861E+03    -1.237798E+02    -1.089688E+03     1.628998E+03 
 2.752821E+00     6.000000E+01       1     4.641437E+00    -4.143091E+01     3.479937E+00     3.071315E+00 
 2.752821E+00     6.000000E+01       2     8.600914E+00    -3.490581E+01     7.053556E+00     4.921693E+00 
 2.752821E+00     6.000000E+01       3     1.963802E-01    -1.533912E+02    -1.755807E-01     8.795788E-02 
 2.752821E+00     6.000000E+01       4     2.736286E+01    -7.439125E+01     7.362439E+00     2.635376E+01 
 2.752821E+00     6.000000E+01       5     1.962767E+01     1.021230E+02    -4.122040E+00    -1.918995E+01 
 2.752821E+00     6.000000E+01       6     2.595373E+01    -1.520820E+02    -2.293320E+01     1.215173E+01 
 2.752821E+00     9.000000E+01       1     1.034581E+01    -8.732302E+01     4.832019E-01     1.033452E+01 
 2.752821E+00     9.000000E+01       2     9.168329E+00     5.222686E+01     5.615937E+00    -7.247034E+00 
 2.752821E+00     9.000000E+01       3     3.078669E-01    -1.030320E+02    -6.942256E-02     2.999375E-01 
 2.752821E+00     9.000000E+01       4     1.420790E+01     1.400017E+02    -1.088415E+01    -9.132344E+00 
 2.752821E+00     9.000000E+01       5     1.914275E+01     1.058244E+02    -5.220030E+00    -1.841728E+01 
 2.752821E+00     9.000000E+01       6     1.982854E+03     5.657030E+01     1.092381E+03    -1.654815E+03 
 2.752821E+00     1.200000E+02       1     1.980687E+01    -2.555292E+00     1.978717E+01     8.830591E-01 
 2.752821E+00     1.200000E+02       2     3.586997E+01     1.737428E+02    -3.565628E+01    -3.909517E+00 
 2.752821E+00     1.200000E+02       3     5.495597E-01    -7.823478E+01     1.120562E-01     5.380142E-01 
 2.752821E+00     1.200000E+02       4     4.624559E+01     1.690739E+02    -4.540727E+01    -8.765493E+00 
 2.752821E+00     1.200000E+02       5     2.639442E+01     1.786181E+02    -2.638674E+01    -6.365337E-01 
 2.752821E+00     1.200000E+02       6     3.512722E+01    -1.026115E+02    -7.669619E+00     3.427971E+01 
 2.752821E+00     1.500000E+02       1     5.813223E+00    -1.551802E+02    -5.276268E+00     2.440195E+00 
 2.752821E+00     1.500000E+02       2     1.505245E+01     7.394288E+01     4.163440E+00    -1.446520E+01 
 2.752821E+00     1.500000E+02       3     1.925030E-01    -4.975960E+01     1.243562E-01     1.469454E-01 
 2.752821E+00     1.500000E+02       4     2.251187E+01     8.145480E+01     3.345031E+00    -2.226196E+01 
 2.752821E+00     1.500000E+02       5     5.504096E+00     1.283138E+02    -3.412363E+00    -4.318663E+00 
 2.752821E+00     1.500000E+02       6     2.013113E+03    -1.254742E+02    -1.168283E+03     1.639433E+03 
 2.752821E+00     1.800000E+02       1     1.034936E+01     1.253436E+02    -5.986885E+00    -8.441953E+00 
 2.752821E+00     1.800000E+02       2     3.200299E-01     1.780879E+02    -3.198517E-01    -1.067829E-02 
 2.752821E+00     1.800000E+02       3     4.352807E-01    -9.695958E+01    -5.274259E-02     4.320735E-01 
 2.752821E+00     1.800000E+02       4     5.169393E+00     1.629778E+02    -4.942930E+00    -1.513296E+00 
 2.752821E+00     1.800000E+02       5     2.842611E+01    -7.546051E+01     7.136298E+00     2.751576E+01 
 2.752821E+00     1.800000E+02       6     1.988373E+01     6.453363E+01     8.549632E+00    -1.795178E+01 
 2.791698E+00     0.000000E+00       1     5.655615E+01     1.408213E+02    -4.384113E+01    -3.572889E+01 
 2.791698E+00     0.000000E+00       2     2.024581E-01     1.534199E+02    -1.810602E-01    -9.058959E-02 
 2.791698E+00     0.000000E+00       3     4.508063E-01    -6.989661E+01     1.549490E-01     4.233404E-01 
 2.791698E+00     0.000000E+00       4     3.027108E+00     1.419729E+02    -2.384513E+00    -1.864800E+00 
 2.791698E+00     0.000000E+00       5     9.762871E+01    -3.847764E+01     7.642874E+01     6.074547E+01 
 2.791698E+00     0.000000E+00       6     6.451907E+01     5.068229E+01     4.088058E+01    -4.991482E+01 
 2.791698E+00     3.000000E+01       1     1.821871E+01    -1.374646E+02    -1.342464E+01     1.231667E+01 
 2.791698E+00     3.000000E+01       2     1.887917E+01    -1.599195E+02    -1.773154E+01     6.481964E+00 
 2.791698E+00     3.000000E+01       3     4.419900E-02     4.965697E+01     2.861277E-02    -3.368770E-02 
 2.791698E+00     3.000000E+01       4     2.452719E+01    -1.509209E+02    -2.143554E+01     1.192061E+01 
 2.791698E+00     3.000000E+01       5     3.394277E+01     3.116379E+01     2.904454E+01    -1.756492E+01 
 2.791698E+00     3.000000E+01       6     9.482207E+02    -1.142793E+02    -3.898947E+02     8.643522E+02 
 2.791698E+00     6.000000E+01       1     1.754812E+01    -1.911742E+01     1.658033E+01     5.747100E+00 
 2.791698E+00     6.000000E+01       2     2.998122E+01    -1.639091E+01     2.876275E+01     8.460376E+00 
 2.791698E+00     6.000000E+01       3     5.261899E-01     1.702448E+02    -5.185816E-01    -8.915699E-02 
 2.791698E+00     6.000000E+01       4     4.254659E+01    -2.227351E+01     3.937197E+01     1.612637E+01 
 2.791698E+00     6.000000E+01       5     2.456709E+01     1.567306E+02    -2.256873E+01    -9.705369E+00 
 2.791698E+00     6.000000E+01       6     3.842792E+01    -3.715195E+01     3.062846E+01     2.320781E+01 
 2.791698E+00     9.000000E+01       1     7.278235E+00     1.743538E+02    -7.242925E+00    -7.160655E-01 
 2.791698E+00     9.000000E+01       2     2.514870E+01    -1.422942E+02    -1.989668E+01     1.538114E+01 
 2.791698E+00     9.000000E+01       3     2.358165E-01     1.261612E+02    -1.391458E-01    -1.903887E-01 
 2.791698E+00     9.000000E+01       4     5.452584E+01    -1.509725E+02    -4.767669E+01     2.645754E+01 
 2.791698E+00     9.000000E+01       5     9.103263E+00     7.197463E+01     2.816896E+00    -8.656472E+00 
 2.791698E+00     9.000000E+01       6     9.219721E+02     6.562434E+01     3.805140E+02    -8.397867E+02 
 2.791698E+00     1.200000E+02       1     2.862574E+01    -3.874643E+01     2.232588E+01     1.791613E+01 
 2.791698E+00     1.200000E+02       2     5.004365E+01     1.400279E+02    -3.835131E+01    -3.214879E+01 
 2.791698E+00     1.200000E+02       3     6.164644E-01    -1.000908E+02    -1.080101E-01     6.069285E-01 
 2.791698E+00     1.200000E+02       4     7.883113E+01     1.377963E+02    -5.839500E+01    -5.295630E+01 
 2.791698E+00     1.200000E+02       5     4.659235E+01     1.440317E+02    -3.770917E+01    -2.736541E+01 
 2.791698E+00     1.200000E+02       6     3.524460E+01    -9.852737E+01    -5.226136E+00     3.485498E+01 
 2.791698E+00     1.500000E+02       1     2.492281E+01     2.674562E+01     2.225640E+01    -1.121602E+01 
 2.791698E+00     1.500000E+02       2     8.827595E+00    -1.076314E+02    -2.673804E+00     8.412919E+00 
 2.791698E+00     1.500000E+02       3     3.148178E-01     5.864437E+01     1.638149E-01    -2.688399E-01 
 2.791698E+00     1.500000E+02       4     8.758907E+00     1.797748E+02    -8.758839E+00    -3.443036E-02 
 2.791698E+00     1.500000E+02       5     4.125407E+01    -1.548593E+02    -3.734596E+01     1.752648E+01 
 2.791698E+00     1.500000E+02       6     9.378964E+02    -1.201425E+02    -4.709668E+02     8.110733E+02 
 2.791698E+00     1.800000E+02       1     3.524435E+01     1.603770E+02    -3.319746E+01    -1.183609E+01 
 2.791698E+00     1.800000E+02       2     5.361018E-01     1.681145E+01     5.131897E-01    -1.550531E-01 
 2.791698E+00     1.800000E+02       3     5.432797E-01    -1.507138E+02    -4.738415E-01     2.657575E-01 
 2.791698E+00     1.800000E+02       4     5.635959E+00    -1.604697E+02    -5.311693E+00     1.884130E+00 
 2.791698E+00     1.800000E+02       5     5.098968E+01    -2.412105E+01     4.653747E+01     2.083774E+01 
 2.791698E+00     1.800000E+02       6     1.650626E+01    -8.970562E+00     1.630436E+01     2.573771E+00 
 2.830575E+00     0.000000E+00       1     6.011206E+01     1.442387E+02    -4.877845E+01    -3.513009E+01 
 2.830575E+00     0.000000E+00       2     7.044690E-01     1.190310E+01     6.893214E-01    -1.453017E-01 
 2.830575E+00     0.000000E+00       3     1.180073E-01     1.415163E+02    -9.237447E-02    -7.343494E-02 
 2.830575E+00     0.000000E+00       4     4.235998E+00     1.145297E+02    -1.758637E+00    -3.853684E+00 
 2.830575E+00     0.000000E+00       5     9.628429E+01    -3.559138E+01     7.829726E+01     5.603752E+01 
 2.830575E+00     0.000000E+00       6     2.617264E+01     7.350906E+01     7.429463E+00    -2.509602E+01 
 2.830575E+00     3.000000E+01       1     3.941982E+01    -1.214234E+02    -2.055185E+01     3.363843E+01 
 2.830575E+00     3.000000E+01       2     2.045012E+01    -1.277438E+02    -1.251817E+01     1.617105E+01 
 2.830575E+00     3.000000E+01       3     2.603088E-01    -3.583495E+01     2.110341E-01     1.523984E-01 
 2.830575E+00     3.000000E+01       4     3.751361E+01    -1.223352E+02    -2.006498E+01     3.169649E+01 
 2.830575E+00     3.000000E+01       5     6.802862E+01     5.454204E+01     3.946377E+01    -5.541213E+01 
 2.830575E+00     3.000000E+01       6     5.833743E+02    -6.794497E+01     2.190552E+02     5.406851E+02 
 2.830575E+00     6.000000E+01       1     1.544296E+01     1.389357E+01     1.499115E+01    -3.708149E+00 
 2.830575E+00     6.000000E+01       2     2.663018E+01     1.554460E+01     2.565610E+01    -7.136579E+00 
 2.830575E+00     6.000000E+01       3     4.542375E-01     9.012055E+01    -9.557149E-04    -4.542365E-01 
 2.830575E+00     6.000000E+01       4     3.845826E+01     1.646528E+01     3.688115E+01    -1.090039E+01 
 2.830575E+00     6.000000E+01       5     2.163457E+01    -1.601977E+02    -2.035526E+01     7.329256E+00 
 2.830575E+00     6.000000E+01       6     1.876915E+01    -3.016397E+01     1.622763E+01     9.431052E+00 
 2.830575E+00     9.000000E+01       1     3.149782E+00     7.483818E+01     8.238128E-01    -3.040141E+00 
 2.830575E+00     9.000000E+01       2     4.541967E+01    -1.234176E+02    -2.501427E+01     3.791085E+01 
 2.830575E+00     9.000000E+01       3     1.115438E-01     9.656122E+01    -1.274552E-02    -1.108132E-01 
 2.830575E+00     9.000000E+01       4     8.141909E+01    -1.280026E+02    -5.012951E+01     6.415684E+01 
 2.830575E+00     9.000000E+01       5     1.645600E+00     4.670967E+01     1.128381E+00    -1.197813E+00 
 2.830575E+00     9.000000E+01       6     5.775442E+02     1.168262E+02    -2.606375E+02    -5.153886E+02 
 2.830575E+00     1.200000E+02       1     2.979321E+01    -3.616151E+01     2.405375E+01     1.757988E+01 
 2.830575E+00     1.200000E+02       2     5.234624E+01     1.426444E+02    -4.160926E+01    -3.176159E+01 
 2.830575E+00     1.200000E+02       3     3.570197E-01    -1.629043E+02    -3.412448E-01     1.049526E-01 
 2.830575E+00     1.200000E+02       4     7.421003E+01     1.397276E+02    -5.662074E+01    -4.797104E+01 
 2.830575E+00     1.200000E+02       5     4.723962E+01     1.423971E+02    -3.742602E+01    -2.882490E+01 
 2.830575E+00     1.200000E+02       6     4.084207E+01    -1.273639E+02    -2.478602E+01     3.246117E+01 
 2.830575E+00     1.500000E+02       1     3.752734E+01     5.214927E+01     2.302702E+01    -2.963204E+01 
 2.830575E+00     1.500000E+02       2     2.556132E+01    -1.184326E+02    -1.217036E+01     2.247806E+01 
 2.830575E+00     1.500000E+02       3     4.697571E-01     2.114495E+01     4.381288E-01    -1.694548E-01 
 2.830575E+00     1.500000E+02       4     3.381537E+01    -1.277056E+02    -2.068164E+01     2.675349E+01 
 2.830575E+00     1.500000E+02       5     6.023188E+01    -1.301969E+02    -3.887464E+01     4.600697E+01 
 2.830575E+00     1.500000E+02       6     5.588819E+02    -6.465990E+01     2.391961E+02     5.051081E+02 
 2.830575E+00     1.800000E+02       1     3.149674E+01    -1.663581E+02    -3.060818E+01     7.428582E+00 
 2.830575E+00     1.800000E+02       2     5.443225E-01     5.536447E+00     5.417833E-01    -5.251566E-02 
 2.830575E+00     1.800000E+02       3     2.724244E-01     7.717176E+01     6.048614E-02    -2.656247E-01 
 2.830575E+00     1.800000E+02       4     3.929471E+00    -1.054150E+02    -1.044486E+00     3.788112E+00 
 2.830575E+00     1.800000E+02       5     4.005761E+01     1.265113E+01     3.908508E+01    -8.773176E+00 
 2.830575E+00     1.800000E+02       6     3.888743E+01    -6.570178E+00     3.863204E+01     4.449503E+00 
 2.869452E+00     0.000000E+00       1     4.733156E+01     1.528032E+02    -4.209867E+01    -2.163280E+01 
 2.869452E+00     0.000000E+00       2     9.777160E-01     2.814520E+01     8.621060E-01    -4.611961E-01 
 2.869452E+00     0.000000E+00       3     1.311593E-01     7.793592E+01     2.741301E-02    -1.282625E-01 
 2.869452E+00     0.000000E+00       4     4.251200E+00     3.109725E+01     3.640268E+00    -2.195712E+00 
 2.869452E+00     0.000000E+00       5     5.536493E+01    -1.195429E+01     5.416424E+01     1.146780E+01 
 2.869452E+00     0.000000E+00       6     2.161509E+01    -9.648703E+01    -2.442036E+00     2.147670E+01 
 2.869452E+00     3.000000E+01       1     5.776291E+01    -1.088662E+02    -1.867819E+01     5.465966E+01 
 2.869452E+00     3.000000E+01       2     3.390795E+01    -1.178664E+02    -1.584895E+01     2.997598E+01 
 2.869452E+00     3.000000E+01       3     2.550017E-01     1.757384E+02    -2.542966E-01    -1.894935E-02 
 2.869452E+00     3.000000E+01       4     5.829975E+01    -1.194162E+02    -2.863390E+01     5.078347E+01 
 2.869452E+00     3.000000E+01       5     8.664480E+01     7.056172E+01     2.883462E+01    -8.170610E+01 
 2.869452E+00     3.000000E+01       6     3.173589E+02    -8.194623E+01     4.446271E+01     3.142288E+02 
 2.869452E+00     6.000000E+01       1     6.690034E+00    -2.011570E+01     6.281942E+00     2.300816E+00 
 2.869452E+00     6.000000E+01       2     9.283031E+00    -2.284172E+01     8.555063E+00     3.603549E+00 
 2.869452E+00     6.000000E+01       3     2.149023E-01    -1.791013E+02    -2.148758E-01     3.370551E-03 
 2.869452E+00     6.000000E+01       4     1.018907E+01    -1.453086E+01     9.863149E+00     2.556452E+00 
 2.869452E+00     6.000000E+01       5     7.231568E+00    -1.557171E+02    -6.591761E+00     2.973932E+00 
 2.869452E+00     6.000000E+01       6     4.394195E+01     9.798274E+00     4.330097E+01    -7.478033E+00 
 2.869452E+00     9.000000E+01       1     1.946364E+00    -1.787711E+02    -1.945916E+00     4.174145E-02 
 2.869452E+00     9.000000E+01       2     6.712039E+01    -1.122409E+02    -2.540522E+01     6.212666E+01 
 2.869452E+00     9.000000E+01       3     5.887414E-01     1.445976E+02    -4.798854E-01    -3.410666E-01 
 2.869452E+00     9.000000E+01       4     1.005802E+02    -1.129947E+02    -3.929131E+01     9.258817E+01 
 2.869452E+00     9.000000E+01       5     1.031246E+01     2.729534E+01     9.164211E+00    -4.729058E+00 
 2.869452E+00     9.000000E+01       6     3.093230E+02     1.024765E+02    -6.682612E+01    -3.020182E+02 
 2.869452E+00     1.200000E+02       1     2.385413E+01    -2.483852E+01     2.164751E+01     1.002022E+01 
 2.869452E+00     1.200000E+02       2     4.051680E+01     1.508983E+02    -3.540188E+01    -1.970578E+01 
 2.869452E+00     1.200000E+02       3     1.754273E-01    -1.360364E+02    -1.262692E-01     1.217820E-01 
 2.869452E+00     1.200000E+02       4     4.625355E+01     1.634178E+02    -4.432991E+01    -1.320036E+01 
 2.869452E+00     1.200000E+02       5     3.164346E+01     1.627362E+02    -3.021787E+01    -9.390883E+00 
 2.869452E+00     1.200000E+02       6     3.912323E+01     1.415490E+02    -3.063897E+01    -2.432861E+01 
 2.869452E+00     1.500000E+02       1     5.848783E+01     6.435942E+01     2.530911E+01    -5.272832E+01 
 2.869452E+00     1.500000E+02       2     3.416631E+01    -1.068697E+02    -9.914952E+00     3.269603E+01 
 2.869452E+00     1.500000E+02       3     3.305958E-01     8.134705E+01     4.973784E-02    -3.268328E-01 
 2.869452E+00     1.500000E+02       4     4.252425E+01    -1.074763E+02    -1.277053E+01     4.056137E+01 
 2.869452E+00     1.500000E+02       5     9.020857E+01    -1.160348E+02    -3.959412E+01     8.105487E+01 
 2.869452E+00     1.500000E+02       6     2.895687E+02    -7.543495E+01     7.282044E+01     2.802627E+02 
 2.869452E+00     1.800000E+02       1     1.241551E+01     1.688076E+02    -1.217937E+01    -2.409905E+00 
 2.869452E+00     1.800000E+02       2     8.231616E-01     2.214399E+01     7.624448E-01    -3.102788E-01 
 2.869452E+00     1.800000E+02       3     1.560872E-02    -4.989191E+00     1.554958E-02     1.357456E-03 
 2.869452E+00     1.800000E+02       4     5.437358E+00    -7.555843E+01     1.356037E+00     5.265551E+00 
 2.869452E+00     1.800000E+02       5     1.022678E+01    -2.463120E+01     9.296237E+00     4.262274E+00 
 2.869452E+00     1.800000E+02       6     2.854179E+01    -4.227226E+01     2.111970E+01     1.919876E+01 
 2.908329E+00     0.000000E+00       1     3.259227E+01     4.310368E+01     2.379622E+01    -2.227097E+01 
 2.908329E+00     0.000000E+00       2     1.123361E+00     1.310696E+01     1.094095E+00    -2.547440E-01 
 2.908329E+00     0.000000E+00       3     3.991598E-01    -1.478698E+02    -3.380252E-01     2.122912E-01 
 2.908329E+00     0.000000E+00       4     6.076229E+00    -1.019080E+00     6.075268E+00     1.080680E-01 
 2.908329E+00     0.000000E+00       5     3.955358E+01    -1.502710E+02    -3.434757E+01     1.961453E+01 
 2.908329E+00     0.000000E+00       6     2.082845E+01    -7.006524E+01     7.101459E+00     1.958044E+01 
 2.908329E+00     3.000000E+01       1     2.804722E+01    -1.556944E+02    -2.556120E+01     1.154435E+01 
 2.908329E+00     3.000000E+01       2     4.101143E+00    -9.307066E+01    -2.196880E-01     4.095254E+00 
 2.908329E+00     3.000000E+01       3     3.172879E-01     1.402706E+02    -2.440172E-01    -2.027985E-01 
 2.908329E+00     3.000000E+01       4     1.244068E+01    -1.402718E+02    -9.567943E+00     7.951418E+00 
 2.908329E+00     3.000000E+01       5     3.443238E+01     3.857698E+01     2.691824E+01    -2.147085E+01 
 2.908329E+00     3.000000E+01       6     4.948343E+02    -1.084303E+02    -1.564425E+02     4.694536E+02 
 2.908329E+00     6.000000E+01       1     2.890230E+01     1.554984E+02    -2.629965E+01    -1.198630E+01 
 2.908329E+00     6.000000E+01       2     5.118016E+01     1.576898E+02    -4.734892E+01    -1.942906E+01 
 2.908329E+00     6.000000E+01       3     3.083014E-01     1.356318E+02    -2.203925E-01    -2.155850E-01 
 2.908329E+00     6.000000E+01       4     7.273061E+01     1.591724E+02    -6.797801E+01    -2.585985E+01 
 2.908329E+00     6.000000E+01       5     4.110334E+01    -2.447830E+01     3.740890E+01     1.703111E+01 
 2.908329E+00     6.000000E+01       6     6.157417E+00    -6.074992E+01     3.008652E+00     5.372318E+00 
 2.908329E+00     9.000000E+01       1     1.443388E+01     7.202029E+00     1.432000E+01    -1.809552E+00 
 2.908329E+00     9.000000E+01       2     2.756066E+01    -1.525423E+02    -2.445600E+01     1.270803E+01 
 2.908329E+00     9.000000E+01       3     4.949775E-01     1.281391E+02    -3.056845E-01    -3.893067E-01 
 2.908329E+00     9.000000E+01       4     3.341311E+01    -1.469988E+02    -2.802223E+01     1.819865E+01 
 2.908329E+00     9.000000E+01       5     8.174594E+00     1.657182E+02    -7.921953E+00    -2.016594E+00 
 2.908329E+00     9.000000E+01       6     4.982380E+02     7.452772E+01     1.329160E+02    -4.801817E+02 
 2.908329E+00     1.200000E+02       1     1.632095E+01    -1.323389E+02    -1.099239E+01     1.206403E+01 
 2.908329E+00     1.200000E+02       2     2.758873E+01     4.229277E+01     2.040782E+01    -1.856499E+01 
 2.908329E+00     1.200000E+02       3     5.231567E-01    -1.425169E+02    -4.151418E-01     3.183555E-01 
 2.908329E+00     1.200000E+02       4     2.849645E+01     2.429123E+01     2.597355E+01    -1.172272E+01 
 2.908329E+00     1.200000E+02       5     1.653326E+01     4.957993E+01     1.071995E+01    -1.258696E+01 
 2.908329E+00     1.200000E+02       6     2.615752E+00     1.475779E+02    -2.208013E+00    -1.402441E+00 
 2.908329E+00     1.500000E+02       1     1.618794E+01     2.312880E+01     1.488682E+01    -6.358614E+00 
 2.908329E+00     1.500000E+02       2     2.359504E+01    -1.622836E+02    -2.247603E+01     7.180097E+00 
 2.908329E+00     1.500000E+02       3     4.392019E-01     8.621429E+01     2.899834E-02    -4.382435E-01 
 2.908329E+00     1.500000E+02       4     2.061113E+01    -1.513975E+02    -1.809579E+01     9.867179E+00 
 2.908329E+00     1.500000E+02       5     2.851312E+01    -1.408409E+02    -2.210895E+01     1.800534E+01 
 2.908329E+00     1.500000E+02       6     4.175156E+02    -1.001876E+02    -7.384664E+01     4.109331E+02 
 2.908329E+00     1.800000E+02       1     5.959359E+01    -2.453302E+01     5.421361E+01     2.474431E+01 
 2.908329E+00     1.800000E+02       2     7.791256E-01    -5.277670E+01     4.713110E-01     6.204052E-01 
 2.908329E+00     1.800000E+02       3     3.179444E-01     8.789839E+01     1.165960E-02    -3.177305E-01 
 2.908329E+00     1.800000E+02       4     8.753382E+00    -4.607874E+01     6.071951E+00     6.305006E+00 
 2.908329E+00     1.800000E+02       5     8.644485E+01     1.579742E+02    -8.013567E+01    -3.241892E+01 
 2.908329E+00     1.800000E+02       6     3.967142E+01     6.729359E+01     1.531354E+01    -3.659668E+01 
 2.947207E+00     0.000000E+00       1     3.011629E+01     4.987779E+01     1.940754E+01    -2.302908E+01 
 2.947207E+00     0.000000E+00       2     2.138566E-01    -1.022750E+02    -4.546682E-02     2.089675E-01 
 2.947207E+00     0.000000E+00       3     8.292802E-01    -1.746703E+02    -8.256949E-01     7.702913E-02 
 2.947207E+00     0.000000E+00       4     2.703059E+00     1.140880E+01     2.649648E+00    -5.346865E-01 
 2.947207E+00     0.000000E+00       5     5.201577E+01    -1.298581E+02    -3.333632E+01     3.992906E+01 
 2.947207E+00     0.000000E+00       6     2.495601E+01    -6.204728E+01     1.169795E+01     2.204451E+01 
 2.947207E+00     3.000000E+01       1     1.264729E+00     4.684660E+01     8.650165E-01    -9.226516E-01 
 2.947207E+00     3.000000E+01       2     9.072405E+00    -6.198663E+01     4.261105E+00     8.009464E+00 
 2.947207E+00     3.000000E+01       3     1.435761E-01    -1.541897E+02    -1.292530E-01     6.251211E-02 
 2.947207E+00     3.000000E+01       4     7.961048E+00    -8.642026E+01     4.970681E-01     7.945515E+00 
 2.947207E+00     3.000000E+01       5     4.959545E+00    -1.278659E+02    -3.044243E+00     3.915313E+00 
 2.947207E+00     3.000000E+01       6     1.040732E+03    -8.833110E+01     3.030989E+01     1.040290E+03 
 2.947207E+00     6.000000E+01       1     1.945560E+01     1.564992E+02    -1.784184E+01    -7.758160E+00 
 2.947207E+00     6.000000E+01       2     3.412587E+01     1.581627E+02    -3.167712E+01    -1.269389E+01 
 2.947207E+00     6.000000E+01       3     2.031316E-01     4.521031E+01     1.431076E-01    -1.441620E-01 
 2.947207E+00     6.000000E+01       4     5.086758E+01     1.653129E+02    -4.920548E+01    -1.289693E+01 
 2.947207E+00     6.000000E+01       5     3.118934E+01    -1.342624E+01     3.033693E+01     7.241960E+00 
 2.947207E+00     6.000000E+01       6     1.648605E+01     6.618673E+01     6.656361E+00    -1.508253E+01 
 2.947207E+00     9.000000E+01       1     7.535694E+00    -6.321620E+01     3.395774E+00     6.727214E+00 
 2.947207E+00     9.000000E+01       2     3.929512E+00    -4.656195E+01     2.701814E+00     2.853290E+00 
 2.947207E+00     9.000000E+01       3     7.222615E-02     1.704628E+02    -7.122785E-02    -1.196704E-02 
 2.947207E+00     9.000000E+01       4     4.283828E+00     3.066752E+01     3.684699E+00    -2.184989E+00 
 2.947207E+00     9.000000E+01       5     1.247567E+01     1.069024E+02    -3.627206E+00    -1.193674E+01 
 2.947207E+00     9.000000E+01       6     1.032794E+03     9.088151E+01    -1.588921E+01    -1.032671E+03 
 2.947207E+00     1.200000E+02       1     1.532794E+01    -1.284843E+02    -9.538581E+00     1.199838E+01 
 2.947207E+00     1.200000E+02       2     2.472082E+01     4.479357E+01     1.754313E+01    -1.741717E+01 
 2.947207E+00     1.200000E+02       3     9.026146E-01    -1.758653E+02    -9.002653E-01     6.507985E-02 
 2.947207E+00     1.200000E+02       4     2.905287E+01     4.134139E+01     2.181252E+01    -1.919070E+01 
 2.947207E+00     1.200000E+02       5     2.413704E+01     6.312932E+01     1.090942E+01    -2.153094E+01 
 2.947207E+00     1.200000E+02       6     2.485993E+01     1.417744E+02    -1.952949E+01    -1.538230E+01 
 2.947207E+00     1.500000E+02       1     7.097932E+00     1.229801E+02    -3.863745E+00    -5.954168E+00 
 2.947207E+00     1.500000E+02       2     5.934488E+00     1.013048E+02    -1.163325E+00    -5.819349E+00 
 2.947207E+00     1.500000E+02       3     1.172724E-01     6.368843E+01     5.198128E-02    -1.051227E-01 
 2.947207E+00     1.500000E+02       4     1.551184E+01     5.725298E+01     8.390830E+00    -1.304650E+01 
 2.947207E+00     1.500000E+02       5     1.362055E+01    -8.601633E+01     9.462489E-01     1.358765E+01 
 2.947207E+00     1.500000E+02       6     1.033462E+03    -9.053822E+01    -9.707959E+00     1.033417E+03 
 2.947207E+00     1.800000E+02       1     4.034000E+01    -2.329850E+01     3.705055E+01     1.595534E+01 
 2.947207E+00     1.800000E+02       2     8.706170E-01    -6.151553E+01     4.152152E-01     7.652257E-01 
 2.947207E+00     1.800000E+02       3     5.180080E-01     4.374471E+01     3.742234E-01    -3.581748E-01 
 2.947207E+00     1.800000E+02       4     4.991780E+00    -3.824087E+01     3.920622E+00     3.089756E+00 
 2.947207E+00     1.800000E+02       5     5.517960E+01     1.625307E+02    -5.263460E+01    -1.656465E+01 
 2.947207E+00     1.800000E+02       6     2.225821E+01     1.128127E+02    -8.629935E+00    -2.051712E+01 
 2.986084E+00     0.000000E+00       1     2.555408E+01     6.951651E+01     8.942328E+00    -2.393837E+01 
 2.986084E+00     0.000000E+00       2     2.501186E-01    -6.945596E+01     8.777341E-02     2.342117E-01 
 2.986084E+00     0.000000E+00       3     1.761419E-01     1.491213E+02    -1.511748E-01    -9.039985E-02 
 2.986084E+00     0.000000E+00       4     2.753233E+00    -4.640634E+01     1.898462E+00     1.994024E+00 
 2.986084E+00     0.000000E+00       5     3.563322E+01    -9.404040E+01    -2.510713E+00     3.554465E+01 
 2.986084E+00     0.000000E+00       6     8.604695E+00    -8.053361E+01     1.415206E+00     8.487519E+00 
 2.986084E+00     3.000000E+01       1     4.554623E+00     1.262201E+02    -2.691277E+00    -3.674455E+00 
 2.986084E+00     3.000000E+01       2     6.089945E+00    -1.271037E+02    -3.673814E+00     4.857007E+00 
 2.986084E+00     3.000000E+01       3     1.070591E-01     1.455930E+02    -8.832858E-02    -6.049559E-02 
 2.986084E+00     3.000000E+01       4     8.939591E+00    -1.770469E+02    -8.927719E+00     4.605566E-01 
 2.986084E+00     3.000000E+01       5     1.281352E+01    -6.939134E+01     4.510144E+00     1.199354E+01 
 2.986084E+00     3.000000E+01       6     1.250122E+03    -7.403940E+01     3.437539E+02     1.201931E+03 
 2.986084E+00     6.000000E+01       1     1.514668E+01    -1.666473E+02    -1.473721E+01     3.498040E+00 
 2.986084E+00     6.000000E+01       2     2.665823E+01    -1.630013E+02    -2.549358E+01     7.793513E+00 
 2.986084E+00     6.000000E+01       3     5.397401E-01     8.353147E+01     6.080572E-02    -5.363041E-01 
 2.986084E+00     6.000000E+01       4     5.139626E+01    -1.532127E+02    -4.588071E+01     2.316324E+01 
 2.986084E+00     6.000000E+01       5     3.229078E+01     2.883668E+01     2.828666E+01    -1.557431E+01 
 2.986084E+00     6.000000E+01       6     2.812463E+01     1.589104E+02    -2.624081E+01    -1.012001E+01 
 2.986084E+00     9.000000E+01       1     4.718223E+00    -1.066889E+02    -1.354956E+00     4.519483E+00 
 2.986084E+00     9.000000E+01       2     4.176283E+00    -1.786323E+02    -4.175094E+00     9.968450E-02 
 2.986084E+00     9.000000E+01       3     4.344008E-02    -1.622850E+01     4.170920E-02     1.214015E-02 
 2.986084E+00     9.000000E+01       4     1.584495E+01     1.635628E+02    -1.519738E+01    -4.483545E+00 
 2.986084E+00     9.000000E+01       5     1.269237E+01     9.164611E+01    -3.646023E-01    -1.268714E+01 
 2.986084E+00     9.000000E+01       6     1.223679E+03     1.075400E+02    -3.687816E+02    -1.166786E+03 
 2.986084E+00     1.200000E+02       1     1.335546E+01    -1.110228E+02    -4.791138E+00     1.246648E+01 
 2.986084E+00     1.200000E+02       2     2.013956E+01     6.819333E+01     7.481362E+00    -1.869843E+01 
 2.986084E+00     1.200000E+02       3     4.762835E-01     1.710075E+02    -4.704293E-01    -7.444570E-02 
 2.986084E+00     1.200000E+02       4     2.466910E+01     9.446282E+01    -1.919554E+00    -2.459431E+01 
 2.986084E+00     1.200000E+02       5     1.838169E+01     7.789823E+01     3.853700E+00    -1.797319E+01 
 2.986084E+00     1.200000E+02       6     3.459485E+01     3.128273E+01     2.956529E+01    -1.796378E+01 
 2.986084E+00     1.500000E+02       1     5.346502E+00     1.611955E+01     5.136301E+00    -1.484416E+00 
 2.986084E+00     1.500000E+02       2     5.024291E+00     9.208099E+01    -1.824427E-01    -5.020978E+00 
 2.986084E+00     1.500000E+02       3     9.936539E-02     4.905127E+01     6.512243E-02    -7.505032E-02 
 2.986084E+00     1.500000E+02       4     1.667542E+01     6.563705E+01     6.878869E+00    -1.519048E+01 
 2.986084E+00     1.500000E+02       5     1.314491E+01     1.664320E+02    -1.277807E+01    -3.083789E+00 
 2.986084E+00     1.500000E+02       6     1.206841E+03    -7.767362E+01     2.576365E+02     1.179020E+03 
 2.986084E+00     1.800000E+02       1     3.299043E+01     1.468385E+01     3.191294E+01    -8.362589E+00 
 2.986084E+00     1.800000E+02       2     4.390273E-01    -6.767173E+01     1.667920E-01     4.061101E-01 
 2.986084E+00     1.800000E+02       3     6.063609E-01     7.007459E+01     2.066457E-01    -5.700624E-01 
 2.986084E+00     1.800000E+02       4     6.421846E+00     5.047637E+01     4.086839E+00    -4.953569E+00 
 2.986084E+00     1.800000E+02       5     5.566564E+01    -1.516343E+02    -4.898203E+01     2.644662E+01 
 2.986084E+00     1.800000E+02       6     2.505955E+01     1.012934E+02    -4.907502E+00    -2.457433E+01 
 3.024961E+00     0.000000E+00       1     1.877197E+01    -3.572150E+01     1.524029E+01     1.095993E+01 
 3.024961E+00     0.000000E+00       2     7.747073E-01    -8.426439E+01     7.742278E-02     7.708289E-01 
 3.024961E+00     0.000000E+00       3     3.541200E-01     2.764309E+00     3.537080E-01    -1.707835E-02 
 3.024961E+00     0.000000E+00       4     1.505809E+00    -1.425139E+02    -1.194861E+00     9.163890E-01 
 3.024961E+00     0.000000E+00       5     1.122580E+01    -9.685427E+01    -1.339736E+00     1.114557E+01 
 3.024961E+00     0.000000E+00       6     4.444756E+01     1.147399E+02    -1.860128E+01    -4.036804E+01 
 3.024961E+00     3.000000E+01       1     5.889617E+00    -8.717224E+01     2.905567E-01     5.882445E+00 
 3.024961E+00     3.000000E+01       2     1.465048E+01    -1.167764E+02    -6.600187E+00     1.307953E+01 
 3.024961E+00     3.000000E+01       3     1.165498E-01     8.754770E+01     4.986899E-03    -1.164431E-01 
 3.024961E+00     3.000000E+01       4     1.307396E+01    -9.759048E+01    -1.726961E+00     1.295940E+01 
 3.024961E+00     3.000000E+01       5     2.158277E+01     4.856232E+01     1.428359E+01    -1.618008E+01 
 3.024961E+00     3.000000E+01       6     9.020880E+02    -6.691110E+01     3.537618E+02     8.298285E+02 
 3.024961E+00     6.000000E+01       1     1.587405E+01    -8.480863E+01     1.436325E+00     1.580893E+01 
 3.024961E+00     6.000000E+01       2     2.769742E+01    -8.502924E+01     2.399907E+00     2.759325E+01 
 3.024961E+00     6.000000E+01       3     7.481029E-01     4.662232E+01     5.138004E-01    -5.437528E-01 
 3.024961E+00     6.000000E+01       4     3.716079E+01    -1.161048E+02    -1.635128E+01     3.337004E+01 
 3.024961E+00     6.000000E+01       5     2.444282E+01     6.454805E+01     1.050440E+01    -2.207055E+01 
 3.024961E+00     6.000000E+01       6     3.637634E+01     1.113373E+02    -1.323581E+01    -3.388291E+01 
 3.024961E+00     9.000000E+01       1     8.315022E+00    -1.176216E+02    -3.855094E+00     7.367350E+00 
 3.024961E+00     9.000000E+01       2     1.233004E+01    -1.058070E+02    -3.358672E+00     1.186378E+01 
 3.024961E+00     9.000000E+01       3     7.058558E-02    -1.690686E+02    -6.930481E-02     1.338535E-02 
 3.024961E+00     9.000000E+01       4     2.884711E+01    -1.319507E+02    -1.928402E+01     2.145420E+01 
 3.024961E+00     9.000000E+01       5     1.180072E+01     1.490201E+02    -1.011732E+01    -6.074265E+00 
 3.024961E+00     9.000000E+01       6     8.927802E+02     1.159856E+02    -3.911678E+02    -8.025236E+02 
 3.024961E+00     1.200000E+02       1     9.229490E+00     1.505619E+02    -8.037847E+00    -4.536133E+00 
 3.024961E+00     1.200000E+02       2     1.459980E+01    -4.284763E+01     1.070406E+01     9.928611E+00 
 3.024961E+00     1.200000E+02       3     1.594257E-01     1.209974E+02    -8.210402E-02    -1.366583E-01 
 3.024961E+00     1.200000E+02       4     8.373403E+00     1.108089E+02    -2.974663E+00    -7.827213E+00 
 3.024961E+00     1.200000E+02       5     1.089003E+01     7.140786E+01     3.472060E+00    -1.032170E+01 
 3.024961E+00     1.200000E+02       6     3.719215E+01    -7.033061E+01     1.251859E+01     3.502201E+01 
 3.024961E+00     1.500000E+02       1     1.503123E+01     6.740896E+01     5.774262E+00    -1.387789E+01 
 3.024961E+00     1.500000E+02       2     3.286381E+00    -1.068166E+01     3.229435E+00     6.091374E-01 
 3.024961E+00     1.500000E+02       3     8.741485E-02     6.956121E+01     3.052584E-02    -8.191172E-02 
 3.024961E+00     1.500000E+02       4     1.114293E+01     1.783759E+02    -1.113845E+01    -3.158142E-01 
 3.024961E+00     1.500000E+02       5     1.609428E+01    -1.255161E+02    -9.349671E+00     1.309998E+01 
 3.024961E+00     1.500000E+02       6     8.586250E+02    -6.828975E+01     3.176164E+02     7.977196E+02 
 3.024961E+00     1.800000E+02       1     3.253540E+01     9.283940E+01    -1.611692E+00    -3.249546E+01 
 3.024961E+00     1.800000E+02       2     7.171518E-01     5.337610E+01     4.278238E-01    -5.755636E-01 
 3.024961E+00     1.800000E+02       3     4.196960E-01     5.826047E+01     2.207847E-01    -3.569298E-01 
 3.024961E+00     1.800000E+02       4     6.338370E+00     5.863545E+01     3.299003E+00    -5.412163E+00 
 3.024961E+00     1.800000E+02       5     4.620009E+01    -1.097596E+02    -1.561909E+01     4.347979E+01 
 3.024961E+00     1.800000E+02       6     3.175499E+01    -8.525080E+01     2.629130E+00     3.164597E+01 
 3.063838E+00     0.000000E+00       1     3.278095E+01    -7.001813E+01     1.120200E+01     3.080757E+01 
 3.063838E+00     0.000000E+00       2     3.446406E-01    -4.883616E-01     3.446281E-01     2.937515E-03 
 3.063838E+00     0.000000E+00       3     3.216783E-01    -3.566624E+01     2.613402E-01     1.875586E-01 
 3.063838E+00     0.000000E+00       4     3.097772E+00    -8.254922E+01     4.017017E-01     3.071616E+00 
 3.063838E+00     0.000000E+00       5     4.807447E+01     1.178414E+02    -2.245204E+01    -4.250954E+01 
 3.063838E+00     0.000000E+00       6     1.884106E+01     1.539113E+02    -1.692142E+01    -8.285599E+00 
 3.063838E+00     3.000000E+01       1     2.873508E+01    -7.859540E+01     5.681959E+00     2.816771E+01 
 3.063838E+00     3.000000E+01       2     1.247914E+01    -9.291348E+01    -6.342879E-01     1.246301E+01 
 3.063838E+00     3.000000E+01       3     3.379296E-01     1.119178E+02    -1.261409E-01    -3.135042E-01 
 3.063838E+00     3.000000E+01       4     2.681210E+01    -7.321771E+01     7.741614E+00     2.567014E+01 
 3.063838E+00     3.000000E+01       5     4.239500E+01     9.268722E+01    -1.987631E+00    -4.234838E+01 
 3.063838E+00     3.000000E+01       6     3.699349E+02     1.141231E+01     3.626208E+02    -7.319825E+01 
 3.063838E+00     6.000000E+01       1     2.082343E+01    -8.988716E+01     4.101118E-02     2.082339E+01 
 3.063838E+00     6.000000E+01       2     3.658271E+01    -8.699775E+01     1.916025E+00     3.653250E+01 
 3.063838E+00     6.000000E+01       3     6.023703E-01     2.623532E+01     5.403177E-01    -2.662831E-01 
 3.063838E+00     6.000000E+01       4     4.519769E+01    -8.057785E+01     7.399190E+00     4.458792E+01 
 3.063838E+00     6.000000E+01       5     2.765901E+01     9.964244E+01    -4.632859E+00    -2.726825E+01 
 3.063838E+00     6.000000E+01       6     4.121398E+00     8.659200E+01     2.449998E-01    -4.114110E+00 
 3.063838E+00     9.000000E+01       1     3.640156E+00     1.183377E+02    -1.727863E+00    -3.203939E+00 
 3.063838E+00     9.000000E+01       2     3.096456E+01    -8.258443E+01     3.996442E+00     3.070558E+01 
 3.063838E+00     9.000000E+01       3     5.158981E-01     1.199548E+02    -2.575962E-01    -4.469844E-01 
 3.063838E+00     9.000000E+01       4     4.528300E+01    -8.819513E+01     1.426218E+00     4.526053E+01 
 3.063838E+00     9.000000E+01       5     6.743118E+00     1.607220E+02    -6.365017E+00    -2.226252E+00 
 3.063838E+00     9.000000E+01       6     4.014385E+02    -1.634194E+02    -3.847464E+02     1.145560E+02 
 3.063838E+00     1.200000E+02       1     1.629990E+01     1.063916E+02    -4.599839E+00    -1.563740E+01 
 3.063838E+00     1.200000E+02       2     2.844127E+01    -7.672142E+01     6.532559E+00     2.768089E+01 
 3.063838E+00     1.200000E+02       3     3.853639E-01    -4.252110E+01     2.840242E-01     2.604527E-01 
 3.063838E+00     1.200000E+02       4     3.064155E+01    -7.328567E+01     8.812509E+00     2.934696E+01 
 3.063838E+00     1.200000E+02       5     1.758584E+01    -5.439745E+01     1.023776E+01     1.429861E+01 
 3.063838E+00     1.200000E+02       6     8.807448E+00     2.351738E+01     8.075893E+00    -3.514411E+00 
 3.063838E+00     1.500000E+02       1     2.512315E+01     9.306410E+01    -1.342912E+00    -2.508723E+01 
 3.063838E+00     1.500000E+02       2     1.951972E+01    -7.486749E+01     5.095669E+00     1.884287E+01 
 3.063838E+00     1.500000E+02       3     5.054837E-01     8.123733E+01     7.700641E-02    -4.995836E-01 
 3.063838E+00     1.500000E+02       4     1.601882E+01    -1.078222E+02    -4.902796E+00     1.525009E+01 
 3.063838E+00     1.500000E+02       5     3.680033E+01    -7.836071E+01     7.424455E+00     3.604361E+01 
 3.063838E+00     1.500000E+02       6     3.868637E+02     2.199770E+01     3.586996E+02    -1.449073E+02 
 3.063838E+00     1.800000E+02       1     4.488295E+01     9.034994E+01    -2.741255E-01    -4.488211E+01 
 3.063838E+00     1.800000E+02       2     6.046715E-01     3.946103E+01     4.668409E-01    -3.843010E-01 
 3.063838E+00     1.800000E+02       3     2.845192E-01     4.150360E+01     2.130804E-01    -1.885415E-01 
 3.063838E+00     1.800000E+02       4     5.853556E+00     9.187322E+01    -1.913410E-01    -5.850428E+00 
 3.063838E+00     1.800000E+02       5     5.844780E+01    -8.687570E+01     3.185543E+00     5.836092E+01 
 3.063838E+00     1.800000E+02       6     8.000958E+00    -1.779147E+02    -7.995660E+00     2.911316E-01 
 3.102715E+00     0.000000E+00       1     2.774263E+01    -6.647631E+01     1.107287E+01     2.543708E+01 
 3.102715E+00     0.000000E+00       2     1.784833E-01     1.752975E+02    -1.778824E-01    -1.463247E-02 
 3.102715E+00     0.000000E+00       3     5.330061E-01    -1.724185E+02    -5.283466E-01     7.032332E-02 
 3.102715E+00     0.000000E+00       4     3.058542E+00    -1.209375E+02    -1.572407E+00     2.623398E+00 
 3.102715E+00     0.000000E+00       5     3.983864E+01     1.198465E+02    -1.982684E+01    -3.455450E+01 
 3.102715E+00     0.000000E+00       6     1.214507E+01     1.691080E+02    -1.192628E+01    -2.294915E+00 
 3.102715E+00     3.000000E+01       1     3.224632E+01    -5.865143E+01     1.677593E+01     2.753894E+01 
 3.102715E+00     3.000000E+01       2     1.909042E+01    -5.803590E+01     1.010623E+01     1.619593E+01 
 3.102715E+00     3.000000E+01       3     3.541256E-01     1.479649E+02    -3.002005E-01    -1.878420E-01 
 3.102715E+00     3.000000E+01       4     3.175903E+01    -6.245200E+01     1.468828E+01     2.815831E+01 
 3.102715E+00     3.000000E+01       5     4.391350E+01     1.225019E+02    -2.359595E+01    -3.703548E+01 
 3.102715E+00     3.000000E+01       6     3.123059E+02    -1.725911E+01     2.982437E+02     9.265910E+01 
 3.102715E+00     6.000000E+01       1     1.711533E+01    -6.161132E+01     8.137493E+00     1.505709E+01 
 3.102715E+00     6.000000E+01       2     3.065685E+01    -6.031102E+01     1.518408E+01     2.663242E+01 
 3.102715E+00     6.000000E+01       3     1.383414E-01     1.502131E+02    -1.200637E-01    -6.872453E-02 
 3.102715E+00     6.000000E+01       4     4.200721E+01    -5.058401E+01     2.667231E+01     3.245294E+01 
 3.102715E+00     6.000000E+01       5     2.512644E+01     1.368997E+02    -1.834630E+01    -1.716833E+01 
 3.102715E+00     6.000000E+01       6     1.091167E+01    -3.920978E+01     8.454765E+00     6.897942E+00 
 3.102715E+00     9.000000E+01       1     2.533564E+00    -2.290137E+00     2.531541E+00     1.012407E-01 
 3.102715E+00     9.000000E+01       2     3.626625E+01    -5.778293E+01     1.933457E+01     3.068249E+01 
 3.102715E+00     9.000000E+01       3     5.652421E-01     1.447092E+02    -4.613675E-01    -3.265557E-01 
 3.102715E+00     9.000000E+01       4     4.899764E+01    -5.257549E+01     2.977663E+01     3.891170E+01 
 3.102715E+00     9.000000E+01       5     3.539044E+00     1.217889E+02    -1.864338E+00    -3.008168E+00 
 3.102715E+00     9.000000E+01       6     3.153136E+02     1.633485E+02    -3.020911E+02    -9.035280E+01 
 3.102715E+00     1.200000E+02       1     1.328580E+01     1.146726E+02    -5.545923E+00    -1.207291E+01 
 3.102715E+00     1.200000E+02       2     2.363588E+01    -7.160312E+01     7.459419E+00     2.242792E+01 
 3.102715E+00     1.200000E+02       3     5.946926E-01     1.767214E+02    -5.937192E-01    -3.401125E-02 
 3.102715E+00     1.200000E+02       4     2.724993E+01    -6.828729E+01     1.008119E+01     2.531656E+01 
 3.102715E+00     1.200000E+02       5     1.664156E+01    -5.847409E+01     8.701605E+00     1.418533E+01 
 3.102715E+00     1.200000E+02       6     3.268756E+01    -8.325194E+01     3.840911E+00     3.246112E+01 
 3.102715E+00     1.500000E+02       1     3.142035E+01     1.210751E+02    -1.621794E+01    -2.691128E+01 
 3.102715E+00     1.500000E+02       2     1.788959E+01    -5.900637E+01     9.212113E+00     1.533539E+01 
 3.102715E+00     1.500000E+02       3     3.992471E-01     9.515522E+01    -3.587406E-02    -3.976321E-01 
 3.102715E+00     1.500000E+02       4     1.796307E+01    -6.021385E+01     8.923410E+00     1.558989E+01 
 3.102715E+00     1.500000E+02       5     4.879818E+01    -5.612235E+01     2.720115E+01     4.051370E+01 
 3.102715E+00     1.500000E+02       6     3.243507E+02    -1.183736E+01     3.174530E+02     6.653543E+01 
 3.102715E+00     1.800000E+02       1     3.685655E+01     1.173539E+02    -1.693503E+01    -3.273546E+01 
 3.102715E+00     1.800000E+02       2     6.213828E-01     4.658150E+01     4.270901E-01    -4.513432E-01 
 3.102715E+00     1.800000E+02       3     2.885073E-01     1.791361E+02    -2.884745E-01    -4.349698E-03 
 3.102715E+00     1.800000E+02       4     2.952039E+00     1.666651E+02    -2.872448E+00    -6.808632E-01 
 3.102715E+00     1.800000E+02       5     4.302186E+01    -5.628360E+01     2.388068E+01     3.578538E+01 
 3.102715E+00     1.800000E+02       6     1.839535E+01    -1.417738E+02    -1.445091E+01     1.138245E+01 
 3.141593E+00     0.000000E+00       1     3.013023E+01    -1.102804E+02    -1.044356E+01     2.826239E+01 
 3.141593E+00     0.000000E+00       2     1.173862E+00     1.390281E+02    -8.863026E-01    -7.696877E-01 
 3.141593E+00     0.000000E+00       3     4.422434E-01     1.651198E+02    -4.274128E-01    -1.135672E-01 
 3.141593E+00     0.000000E+00       4     4.042106E+00     1.338836E+02    -2.801972E+00    -2.913344E+00 
 3.141593E+00     0.000000E+00       5     2.134474E+01     8.810939E+01     7.041907E-01    -2.133312E+01 
 3.141593E+00     0.000000E+00       6     4.100623E+01     3.109498E+01     3.511414E+01    -2.117801E+01 
 3.141593E+00     3.000000E+01       1     3.072298E+01    -6.582999E+01     1.257939E+01     2.802964E+01 
 3.141593E+00     3.000000E+01       2     8.233830E+00    -1.011466E+02    -1.591767E+00     8.078504E+00 
 3.141593E+00     3.000000E+01       3     5.730233E-01     1.469171E+02    -4.801260E-01    -3.127855E-01 
 3.141593E+00     3.000000E+01       4     1.285662E+01    -1.070027E+02    -3.759490E+00     1.229467E+01 
 3.141593E+00     3.000000E+01       5     3.600131E+01     1.351756E+02    -2.553469E+01    -2.537862E+01 
 3.141593E+00     3.000000E+01       6     5.235966E+02    -4.422329E+01     3.752235E+02     3.651858E+02 
 3.141593E+00     6.000000E+01       1     7.531548E+00    -1.360056E+02    -5.418255E+00     5.231322E+00 
 3.141593E+00     6.000000E+01       2     1.267019E+01    -1.341769E+02    -8.829556E+00     9.086947E+00 
 3.141593E+00     6.000000E+01       3     6.435934E-01     1.251367E+02    -3.704067E-01    -5.263187E-01 
 3.141593E+00     6.000000E+01       4     1.421317E+01    -1.388985E+02    -1.071028E+01     9.343670E+00 
 3.141593E+00     6.000000E+01       5     5.073073E+00     5.111072E+01     3.184963E+00    -3.948680E+00 
 3.141593E+00     6.000000E+01       6     2.359202E+01    -9.395051E+01    -1.625368E+00     2.353596E+01 
 3.141593E+00     9.000000E+01       1     1.023044E+01     1.349168E+02    -7.223503E+00    -7.244509E+00 
 3.141593E+00     9.000000E+01       2     2.942066E+01    -7.131912E+01     9.423348E+00     2.787070E+01 
 3.141593E+00     9.000000E+01       3     7.022626E-01     1.392704E+02    -5.321725E-01    -4.582195E-01 
 3.141593E+00     9.000000E+01       4     2.943130E+01    -4.966276E+01     1.905045E+01     2.243394E+01 
 3.141593E+00     9.000000E+01       5     1.290158E+01    -1.845042E+01     1.223841E+01     4.083142E+00 
 3.141593E+00     9.000000E+01       6     5.177235E+02     1.348891E+02    -3.653768E+02    -3.667935E+02 
 3.141593E+00     1.200000E+02       1     1.482598E+01     7.601972E+01     3.581777E+00    -1.438681E+01 
 3.141593E+00     1.200000E+02       2     2.530287E+01    -1.110268E+02    -9.078767E+00     2.361803E+01 
 3.141593E+00     1.200000E+02       3     5.836535E-01     1.514732E+02    -5.127944E-01    -2.787354E-01 
 3.141593E+00     1.200000E+02       4     2.064903E+01    -9.149582E+01    -5.390232E-01     2.064200E+01 
 3.141593E+00     1.200000E+02       5     1.403211E+01    -7.405716E+01     3.854314E+00     1.349238E+01 
 3.141593E+00     1.200000E+02       6     3.752048E+01    -1.531338E+02    -3.347070E+01     1.695580E+01 
 3.141593E+00     1.500000E+02       1     1.943192E+01     9.815136E+01    -2.755226E+00    -1.923559E+01 
 3.141593E+00     1.500000E+02       2     2.177434E+01    -5.951973E+01     1.104485E+01     1.876521E+01 
 3.141593E+00     1.500000E+02       3     5.962128E-01     1.246400E+02    -3.388985E-01    -4.905277E-01 
 3.141593E+00     1.500000E+02       4     2.640513E+01    -3.295730E+01     2.215592E+01     1.436476E+01 
 3.141593E+00     1.500000E+02       5     2.810607E+01    -6.904452E+01     1.005192E+01     2.624709E+01 
 3.141593E+00     1.500000E+02       6     4.911214E+02    -4.872981E+01     3.239490E+02     3.691305E+02 
 3.141593E+00     1.800000E+02       1     1.560850E+01     5.193847E+01     9.622756E+00    -1.228934E+01 
 3.141593E+00     1.800000E+02       2     7.550101E-01     3.425392E+01     6.240545E-01    -4.249661E-01 
 3.141593E+00     1.800000E+02       3     5.658816E-01     1.352125E+02    -4.016199E-01    -3.986521E-01 
 3.141593E+00     1.800000E+02       4     3.222095E+00    -1.303731E+02    -2.087151E+00     2.454730E+00 
 3.141593E+00     1.800000E+02       5     1.443518E+01    -1.538221E+02    -1.295454E+01     6.368216E+00 
 3.141593E+00     1.800000E+02       6     1.638359E+01     9.549428E+01    -1.568668E+00    -1.630832E+01 
