 0.000000E+00       1       1     1.257044E+04 
 0.000000E+00       1       2     3.735197E+00 
 0.000000E+00       1       3    -1.727926E+00 
 0.000000E+00       1       4     7.736000E+01 
 0.000000E+00       1       5    -1.182158E+05 
 0.000000E+00       1       6     2.207684E+02 
 0.000000E+00       2       1     2.549745E+00 
 0.000000E+00       2       2     1.257440E+04 
 0.000000E+00       2       3    -1.592917E+00 
 0.000000E+00       2       4     1.181546E+05 
 0.000000E+00       2       5     3.087848E+01 
 0.000000E+00       2       6     3.153219E+02 
 0.000000E+00       3       1    -1.094422E+00 
 0.000000E+00       3       2    -3.615772E+00 
 0.000000E+00       3       3     2.622621E+04 
 0.000000E+00       3       4     1.516990E+01 
 0.000000E+00       3       5     4.022004E+00 
 0.000000E+00       3       6    -5.899209E-02 
 0.000000E+00       4       1     6.317328E+01 
 0.000000E+00       4       2     1.190756E+05 
 0.000000E+00       4       3     5.417588E+01 
 0.000000E+00       4       4     1.204751E+07 
 0.000000E+00       4       5    -1.466410E+03 
 0.000000E+00       4       6     4.124675E+03 
 0.000000E+00       5       1    -1.190311E+05 
 0.000000E+00       5       2    -3.384662E+01 
 0.000000E+00       5       3     1.177949E+01 
 0.000000E+00       5       4    -1.860018E+03 
 0.000000E+00       5       5     1.204722E+07 
 0.000000E+00       5       6     7.043913E+02 
 0.000000E+00       6       1     2.095356E+02 
 0.000000E+00       6       2     2.929990E+02 
 0.000000E+00       6       3    -9.464773E+01 
 0.000000E+00       6       4     3.819147E+03 
 0.000000E+00       6       5     8.604267E+01 
 0.000000E+00       6       6     2.598680E+07 
-1.000000E+00       1       1     9.527946E+03 
-1.000000E+00       1       2     1.560175E+00 
-1.000000E+00       1       3    -9.050292E-01 
-1.000000E+00       1       4     2.502195E+01 
-1.000000E+00       1       5    -9.872096E+04 
-1.000000E+00       1       6     1.375793E+02 
-1.000000E+00       2       1     2.936645E+00 
-1.000000E+00       2       2     9.534307E+03 
-1.000000E+00       2       3    -1.257006E+00 
-1.000000E+00       2       4     9.872272E+04 
-1.000000E+00       2       5    -2.132550E+00 
-1.000000E+00       2       6     2.727293E+02 
-1.000000E+00       3       1    -1.578187E+00 
-1.000000E+00       3       2    -1.858478E+00 
-1.000000E+00       3       3     2.406318E+04 
-1.000000E+00       3       4     2.247949E+01 
-1.000000E+00       3       5    -4.176116E+00 
-1.000000E+00       3       6    -7.970630E+00 
-1.000000E+00       4       1     4.621485E+01 
-1.000000E+00       4       2     9.970146E+04 
-1.000000E+00       4       3     4.880025E+01 
-1.000000E+00       4       4     1.124826E+07 
-1.000000E+00       4       5    -1.675159E+03 
-1.000000E+00       4       6     4.833312E+03 
-1.000000E+00       5       1    -9.963251E+04 
-1.000000E+00       5       2     3.964514E-01 
-1.000000E+00       5       3    -9.648889E+00 
-1.000000E+00       5       4    -9.870601E+02 
-1.000000E+00       5       5     1.124702E+07 
-1.000000E+00       5       6    -1.039978E+03 
-1.000000E+00       6       1     1.452052E+02 
-1.000000E+00       6       2     2.118153E+02 
-1.000000E+00       6       3    -3.576322E+01 
-1.000000E+00       6       4     3.975375E+03 
-1.000000E+00       6       5    -4.631898E+02 
-1.000000E+00       6       6     2.005429E+07 
 3.141593E-02       1       1     1.256948E+04     3.530342E-01 
 3.141593E-02       1       2     2.665266E+00     2.810496E-04 
 3.141593E-02       1       3    -2.163712E+00     7.555602E-03 
 3.141593E-02       1       4     6.407471E+01    -9.676355E-04 
 3.141593E-02       1       5    -1.182043E+05     1.031444E+00 
 3.141593E-02       1       6     1.752266E+02     7.999379E-03 
 3.141593E-02       2       1     2.632971E+00     2.424467E-04 
 3.141593E-02       2       2     1.257220E+04     3.537955E-01 
 3.141593E-02       2       3    -2.289506E+00    -5.965892E-01 
 3.141593E-02       2       4     1.181363E+05    -1.024511E+00 
 3.141593E-02       2       5     3.545406E+01    -5.404534E-03 
 3.141593E-02       2       6     3.308589E+02    -2.140002E-02 
 3.141593E-02       3       1    -1.352943E+00    -2.999123E-01 
 3.141593E-02       3       2    -3.718662E+00    -1.984264E-01 
 3.141593E-02       3       3     2.643922E+04     2.550327E+02 
 3.141593E-02       3       4     1.516977E+01    -1.682771E+00 
 3.141593E-02       3       5     5.479820E+00     1.762605E+00 
 3.141593E-02       3       6     9.280369E+00     9.427475E+00 
 3.141593E-02       4       1     6.089555E+01     2.120134E-03 
 3.141593E-02       4       2     1.190741E+05    -1.017893E+00 
 3.141593E-02       4       3     4.936507E+01    -6.609937E+00 
 3.141593E-02       4       4     1.204885E+07     3.033684E+00 
 3.141593E-02       4       5    -1.455086E+03    -6.180724E-02 
 3.141593E-02       4       6     4.132512E+03    -2.477953E-01 
 3.141593E-02       5       1    -1.190352E+05     1.021174E+00 
 3.141593E-02       5       2    -3.067889E+01    -9.185771E-03 
 3.141593E-02       5       3     1.751690E+01     3.191690E+00 
 3.141593E-02       5       4    -1.835314E+03    -2.333111E-03 
 3.141593E-02       5       5     1.204858E+07     3.027459E+00 
 3.141593E-02       5       6     6.908127E+02     1.395279E-01 
 3.141593E-02       6       1     1.749115E+02    -3.312493E-02 
 3.141593E-02       6       2     2.735069E+02    -3.349940E-02 
 3.141593E-02       6       3    -6.009696E+01     4.718193E+01 
 3.141593E-02       6       4     3.743843E+03    -3.217130E-01 
 3.141593E-02       6       5     3.660506E+02     3.898064E-01 
 3.141593E-02       6       6     2.596392E+07     1.741366E+00 
 7.029314E-02       1       1     1.258994E+04     1.896630E+00 
 7.029314E-02       1       2     2.672505E+00     1.512393E-03 
 7.029314E-02       1       3    -2.180918E+00     8.542065E-03 
 7.029314E-02       1       4     6.433094E+01    -4.604545E-03 
 7.029314E-02       1       5    -1.183735E+05     5.143789E+00 
 7.029314E-02       1       6     1.752828E+02     4.076040E-02 
 7.029314E-02       2       1     2.615835E+00    -1.757489E-03 
 7.029314E-02       2       2     1.259264E+04     1.898659E+00 
 7.029314E-02       2       3    -1.958841E+00    -6.008641E-01 
 7.029314E-02       2       4     1.183051E+05    -5.123987E+00 
 7.029314E-02       2       5     3.588316E+01    -1.048411E-02 
 7.029314E-02       2       6     3.312491E+02    -1.905675E-02 
 7.029314E-02       3       1    -1.187417E+00    -3.030811E-01 
 7.029314E-02       3       2    -3.614777E+00    -1.997101E-01 
 7.029314E-02       3       3     2.631366E+04     2.480513E+02 
 7.029314E-02       3       4     1.609959E+01    -1.701271E+00 
 7.029314E-02       3       5     4.510516E+00     1.760637E+00 
 7.029314E-02       3       6     4.192987E+00     9.495294E+00 
 7.029314E-02       4       1     6.072856E+01    -2.195810E-02 
 7.029314E-02       4       2     1.192399E+05    -5.104559E+00 
 7.029314E-02       4       3     5.308475E+01    -6.674565E+00 
 7.029314E-02       4       4     1.205457E+07     1.417289E+01 
 7.029314E-02       4       5    -1.451403E+03    -1.313451E-01 
 7.029314E-02       4       6     4.132410E+03    -2.676128E-01 
 7.029314E-02       5       1    -1.192011E+05     5.116120E+00 
 7.029314E-02       5       2    -3.098128E+01    -3.825069E-02 
 7.029314E-02       5       3     1.595407E+01     3.167688E+00 
 7.029314E-02       5       4    -1.842200E+03     7.388142E-02 
 7.029314E-02       5       5     1.205431E+07     1.422927E+01 
 7.029314E-02       5       6     6.950800E+02     2.304539E-01 
 7.029314E-02       6       1     1.754067E+02     6.109302E-02 
 7.029314E-02       6       2     2.739241E+02    -2.036675E-02 
 7.029314E-02       6       3    -8.653112E+01     4.746729E+01 
 7.029314E-02       6       4     3.747231E+03    -3.731049E-01 
 7.029314E-02       6       5     3.611942E+02     6.604114E-01 
 7.029314E-02       6       6     2.598692E+07     2.187764E+00 
 1.091703E-01       1       1     1.262672E+04     5.188398E+00 
 1.091703E-01       1       2     2.687410E+00     4.150728E-03 
 1.091703E-01       1       3    -2.209731E+00     1.033936E-02 
 1.091703E-01       1       4     6.482831E+01    -9.832072E-03 
 1.091703E-01       1       5    -1.186897E+05     1.215199E+01 
 1.091703E-01       1       6     1.755144E+02     1.083602E-01 
 1.091703E-01       2       1     2.587517E+00    -6.046708E-03 
 1.091703E-01       2       2     1.262939E+04     5.193082E+00 
 1.091703E-01       2       3    -1.744233E+00    -6.068857E-01 
 1.091703E-01       2       4     1.186206E+05    -1.210568E+01 
 1.091703E-01       2       5     3.665082E+01    -1.885374E-02 
 1.091703E-01       2       6     3.320297E+02    -1.270929E-02 
 1.091703E-01       3       1    -1.082496E+00    -3.080685E-01 
 1.091703E-01       3       2    -3.556105E+00    -2.014783E-01 
 1.091703E-01       3       3     2.626006E+04     2.346215E+02 
 1.091703E-01       3       4     1.669089E+01    -1.735407E+00 
 1.091703E-01       3       5     3.919173E+00     1.755395E+00 
 1.091703E-01       3       6     1.049436E+00     9.539580E+00 
 1.091703E-01       4       1     6.045978E+01    -7.198465E-02 
 1.091703E-01       4       2     1.195487E+05    -1.210860E+01 
 1.091703E-01       4       3     5.559106E+01    -6.777717E+00 
 1.091703E-01       4       4     1.206493E+07     3.046843E+01 
 1.091703E-01       4       5    -1.445691E+03    -2.692369E-01 
 1.091703E-01       4       6     4.135233E+03    -3.272159E-01 
 1.091703E-01       5       1    -1.195102E+05     1.213785E+01 
 1.091703E-01       5       2    -3.151882E+01    -1.002701E-01 
 1.091703E-01       5       3     1.520176E+01     3.112325E+00 
 1.091703E-01       5       4    -1.855367E+03     2.042412E-01 
 1.091703E-01       5       5     1.206468E+07     3.063533E+01 
 1.091703E-01       5       6     7.014229E+02     4.009739E-01 
 1.091703E-01       6       1     1.764106E+02     2.605807E-01 
 1.091703E-01       6       2     2.747331E+02     9.501076E-03 
 1.091703E-01       6       3    -1.040456E+02     4.781889E+01 
 1.091703E-01       6       4     3.757552E+03    -4.427510E-01 
 1.091703E-01       6       5     3.511689E+02     1.152679E+00 
 1.091703E-01       6       6     2.602775E+07     4.858630E-01 
 1.480476E-01       1       1     1.268191E+04     1.148336E+01 
 1.480476E-01       1       2     2.709937E+00     9.270164E-03 
 1.480476E-01       1       3    -2.251700E+00     1.105420E-02 
 1.480476E-01       1       4     6.562405E+01    -1.532013E-02 
 1.480476E-01       1       5    -1.191714E+05     2.062213E+01 
 1.480476E-01       1       6     1.757313E+02     2.522204E-01 
 1.480476E-01       2       1     2.543162E+00    -1.421443E-02 
 1.480476E-01       2       2     1.268454E+04     1.149330E+01 
 1.480476E-01       2       3    -1.547688E+00    -6.090180E-01 
 1.480476E-01       2       4     1.191011E+05    -2.052445E+01 
 1.480476E-01       2       5     3.782384E+01    -2.731902E-02 
 1.480476E-01       2       6     3.331008E+02    -1.180646E-02 
 1.480476E-01       3       1    -9.875523E-01    -3.174879E-01 
 1.480476E-01       3       2    -3.507569E+00    -2.001275E-01 
 1.480476E-01       3       3     2.624573E+04     2.136558E+02 
 1.480476E-01       3       4     1.728942E+01    -1.744514E+00 
 1.480476E-01       3       5     3.472418E+00     1.770392E+00 
 1.480476E-01       3       6    -1.279384E+00     9.582534E+00 
 1.480476E-01       4       1     6.007067E+01    -1.696410E-01 
 1.480476E-01       4       2     1.200205E+05    -2.069115E+01 
 1.480476E-01       4       3     5.804332E+01    -6.834542E+00 
 1.480476E-01       4       4     1.208047E+07     4.813911E+01 
 1.480476E-01       4       5    -1.436567E+03    -4.300357E-01 
 1.480476E-01       4       6     4.136685E+03    -3.196112E-01 
 1.480476E-01       5       1    -1.199825E+05     2.076094E+01 
 1.480476E-01       5       2    -3.236503E+01    -2.182565E-01 
 1.480476E-01       5       3     1.485517E+01     3.020878E+00 
 1.480476E-01       5       4    -1.875175E+03     3.710664E-01 
 1.480476E-01       5       5     1.208024E+07     4.839523E+01 
 1.480476E-01       5       6     7.089039E+02     5.507382E-01 
 1.480476E-01       6       1     1.778266E+02     6.590143E-01 
 1.480476E-01       6       2     2.758743E+02     5.769263E-02 
 1.480476E-01       6       3    -1.199722E+02     4.794649E+01 
 1.480476E-01       6       4     3.769461E+03    -5.885829E-01 
 1.480476E-01       6       5     3.336132E+02     1.650424E+00 
 1.480476E-01       6       6     2.608840E+07     3.756130E+00 
 1.869248E-01       1       1     1.275885E+04     2.340444E+01 
 1.869248E-01       1       2     2.741053E+00     1.865310E-02 
 1.869248E-01       1       3    -2.314266E+00     1.385374E-02 
 1.869248E-01       1       4     6.665323E+01    -1.463606E-02 
 1.869248E-01       1       5    -1.198652E+05     2.523943E+01 
 1.869248E-01       1       6     1.761323E+02     4.964289E-01 
 1.869248E-01       2       1     2.477470E+00    -3.019055E-02 
 1.869248E-01       2       2     1.276142E+04     2.342391E+01 
 1.869248E-01       2       3    -1.336828E+00    -6.032893E-01 
 1.869248E-01       2       4     1.197934E+05    -2.505555E+01 
 1.869248E-01       2       5     3.951372E+01    -2.220608E-02 
 1.869248E-01       2       6     3.343688E+02     1.182318E-02 
 1.869248E-01       3       1    -8.873355E-01    -3.172228E-01 
 1.869248E-01       3       2    -3.468785E+00    -2.041916E-01 
 1.869248E-01       3       3     2.626000E+04     1.786646E+02 
 1.869248E-01       3       4     1.792718E+01    -1.821382E+00 
 1.869248E-01       3       5     3.009639E+00     1.719142E+00 
 1.869248E-01       3       6    -3.487509E+00     9.665981E+00 
 1.869248E-01       4       1     5.942010E+01    -3.493358E-01 
 1.869248E-01       4       2     1.206988E+05    -2.590132E+01 
 1.869248E-01       4       3     6.080445E+01    -6.838698E+00 
 1.869248E-01       4       4     1.210174E+07     5.746225E+01 
 1.869248E-01       4       5    -1.422340E+03    -5.591670E-01 
 1.869248E-01       4       6     4.138522E+03    -3.580088E-01 
 1.869248E-01       5       1    -1.206614E+05     2.604306E+01 
 1.869248E-01       5       2    -3.351992E+01    -4.423431E-01 
 1.869248E-01       5       3     1.472553E+01     2.802389E+00 
 1.869248E-01       5       4    -1.901857E+03     4.789774E-01 
 1.869248E-01       5       5     1.210153E+07     5.767429E+01 
 1.869248E-01       5       6     7.241816E+02     7.223915E-01 
 1.869248E-01       6       1     1.799650E+02     1.391082E+00 
 1.869248E-01       6       2     2.772850E+02     1.761663E-01 
 1.869248E-01       6       3    -1.373914E+02     4.722173E+01 
 1.869248E-01       6       4     3.786512E+03    -6.482936E-01 
 1.869248E-01       6       5     3.116671E+02     2.130757E+00 
 1.869248E-01       6       6     2.616944E+07     5.653620E-01 
 2.258020E-01       1       1     1.286231E+04     4.631239E+01 
 2.258020E-01       1       2     2.785495E+00     3.705223E-02 
 2.258020E-01       1       3    -2.399238E+00     1.819136E-02 
 2.258020E-01       1       4     6.812087E+01     2.045415E-02 
 2.258020E-01       1       5    -1.208378E+05     8.195867E+00 
 2.258020E-01       1       6     1.766279E+02     9.698012E-01 
 2.258020E-01       2       1     2.384622E+00    -6.130773E-02 
 2.258020E-01       2       2     1.286481E+04     4.634867E+01 
 2.258020E-01       2       3    -1.076182E+00    -5.556190E-01 
 2.258020E-01       2       4     1.207640E+05    -7.863059E+00 
 2.258020E-01       2       5     4.176554E+01     2.285473E-02 
 2.258020E-01       2       6     3.363970E+02     2.024010E-02 
 2.258020E-01       3       1    -7.602346E-01    -2.977927E-01 
 2.258020E-01       3       2    -3.413331E+00    -1.823705E-01 
 2.258020E-01       3       3     2.631845E+04     1.340521E+02 
 2.258020E-01       3       4     1.863907E+01    -1.672657E+00 
 2.258020E-01       3       5     2.600294E+00     1.501623E+00 
 2.258020E-01       3       6    -6.203218E+00     9.417236E+00 
 2.258020E-01       4       1     5.860361E+01    -6.907443E-01 
 2.258020E-01       4       2     1.216485E+05    -1.056966E+01 
 2.258020E-01       4       3     6.412379E+01    -6.378557E+00 
 2.258020E-01       4       4     1.213025E+07     1.091825E+02 
 2.258020E-01       4       5    -1.402975E+03    -5.043707E-01 
 2.258020E-01       4       6     4.145241E+03    -5.056858E-01 
 2.258020E-01       5       1    -1.216117E+05     1.084426E+01 
 2.258020E-01       5       2    -3.512865E+01    -8.736635E-01 
 2.258020E-01       5       3     1.492384E+01     2.402073E+00 
 2.258020E-01       5       4    -1.938240E+03     8.787968E-02 
 2.258020E-01       5       5     1.213007E+07     1.094481E+02 
 2.258020E-01       5       6     7.323821E+02     1.066735E-01 
 2.258020E-01       6       1     1.828964E+02     2.811378E+00 
 2.258020E-01       6       2     2.795630E+02     3.715180E-01 
 2.258020E-01       6       3    -1.583062E+02     4.394347E+01 
 2.258020E-01       6       4     3.813702E+03    -5.462721E-01 
 2.258020E-01       6       5     2.708299E+02     1.177448E+00 
 2.258020E-01       6       6     2.627360E+07    -5.012420E+01 
 2.646792E-01       1       1     1.299729E+04     9.050238E+01 
 2.646792E-01       1       2     2.848064E+00     7.225961E-02 
 2.646792E-01       1       3    -2.509238E+00     1.196084E-02 
 2.646792E-01       1       4     7.012869E+01     1.491136E-01 
 2.646792E-01       1       5    -1.221963E+05    -8.172401E+01 
 2.646792E-01       1       6     1.775134E+02     1.859607E+00 
 2.646792E-01       2       1     2.261232E+00    -1.232864E-01 
 2.646792E-01       2       2     1.299969E+04     9.056828E+01 
 2.646792E-01       2       3    -7.694723E-01    -4.532449E-01 
 2.646792E-01       2       4     1.221198E+05     8.228240E+01 
 2.646792E-01       2       5     4.504859E+01     2.226922E-01 
 2.646792E-01       2       6     3.386921E+02     3.224610E-02 
 2.646792E-01       3       1    -5.883127E-01    -2.462279E-01 
 2.646792E-01       3       2    -3.369644E+00    -1.750369E-01 
 2.646792E-01       3       3     2.643418E+04     7.335202E+01 
 2.646792E-01       3       4     1.964502E+01    -1.617282E+00 
 2.646792E-01       3       5     1.969890E+00     1.174872E+00 
 2.646792E-01       3       6    -9.677565E+00     7.728542E+00 
 2.646792E-01       4       1     5.746567E+01    -1.358211E+00 
 2.646792E-01       4       2     1.229751E+05     7.496782E+01 
 2.646792E-01       4       3     6.839068E+01    -5.254969E+00 
 2.646792E-01       4       4     1.216768E+07     3.592663E+02 
 2.646792E-01       4       5    -1.376911E+03     3.728566E-01 
 2.646792E-01       4       6     4.155950E+03     1.726791E-01 
 2.646792E-01       5       1    -1.229393E+05    -7.445138E+01 
 2.646792E-01       5       2    -3.713053E+01    -1.694638E+00 
 2.646792E-01       5       3     1.553088E+01     1.676204E+00 
 2.646792E-01       5       4    -1.990928E+03    -2.160336E+00 
 2.646792E-01       5       5     1.216753E+07     3.587439E+02 
 2.646792E-01       5       6     7.416917E+02    -2.318551E+00 
 2.646792E-01       6       1     1.870850E+02     5.556167E+00 
 2.646792E-01       6       2     2.822239E+02     7.767225E-01 
 2.646792E-01       6       3    -1.837619E+02     3.493927E+01 
 2.646792E-01       6       4     3.853046E+03     7.984301E-01 
 2.646792E-01       6       5     2.124692E+02    -4.631368E+00 
 2.646792E-01       6       6     2.640522E+07    -2.781326E+02 
 3.035564E-01       1       1     1.316181E+04     1.736006E+02 
 3.035564E-01       1       2     2.918251E+00     1.383737E-01 
 3.035564E-01       1       3    -2.677926E+00     5.169933E-04 
 3.035564E-01       1       4     7.283395E+01     5.505064E-01 
 3.035564E-01       1       5    -1.240781E+05    -3.779469E+02 
 3.035564E-01       1       6     1.781926E+02     3.522112E+00 
 3.035564E-01       2       1     2.105177E+00    -2.411008E-01 
 3.035564E-01       2       2     1.316408E+04     1.737127E+02 
 3.035564E-01       2       3    -4.087375E-01    -2.049231E-01 
 3.035564E-01       2       4     1.239978E+05     3.788305E+02 
 3.035564E-01       2       5     4.936052E+01     8.533634E-01 
 3.035564E-01       2       6     3.415614E+02     1.844430E-02 
 3.035564E-01       3       1    -4.201578E-01    -1.140726E-01 
 3.035564E-01       3       2    -3.305645E+00    -1.144888E-01 
 3.035564E-01       3       3     2.664149E+04     1.540752E+01 
 3.035564E-01       3       4     2.081860E+01    -1.067001E+00 
 3.035564E-01       3       5     1.393215E+00     4.608978E-01 
 3.035564E-01       3       6    -1.268856E+01     4.150744E+00 
 3.035564E-01       4       1     5.601355E+01    -2.523926E+00 
 3.035564E-01       4       2     1.248129E+05     3.585455E+02 
 3.035564E-01       4       3     7.330235E+01    -2.399069E+00 
 3.035564E-01       4       4     1.221714E+07     1.495788E+03 
 3.035564E-01       4       5    -1.343399E+03     4.659235E+00 
 3.035564E-01       4       6     4.153092E+03    -1.656648E+00 
 3.035564E-01       5       1    -1.247787E+05    -3.575582E+02 
 3.035564E-01       5       2    -3.965704E+01    -3.174557E+00 
 3.035564E-01       5       3     1.671104E+01     5.811435E-01 
 3.035564E-01       5       4    -2.060326E+03    -7.490377E+00 
 3.035564E-01       5       5     1.221704E+07     1.491899E+03 
 3.035564E-01       5       6     7.553048E+02    -8.771190E+00 
 3.035564E-01       6       1     1.918217E+02     1.084366E+01 
 3.035564E-01       6       2     2.857399E+02     1.515511E+00 
 3.035564E-01       6       3    -2.121225E+02     1.553227E+01 
 3.035564E-01       6       4     3.885085E+03     2.005257E+00 
 3.035564E-01       6       5     1.378169E+02    -2.354658E+01 
 3.035564E-01       6       6     2.656625E+07    -1.500082E+02 
 3.424336E-01       1       1     1.334521E+04     3.168341E+02 
 3.424336E-01       1       2     2.997032E+00     2.536973E-01 
 3.424336E-01       1       3    -2.897988E+00    -6.083986E-02 
 3.424336E-01       1       4     7.663992E+01     1.528027E+00 
 3.424336E-01       1       5    -1.266254E+05    -1.176994E+03 
 3.424336E-01       1       6     1.787745E+02     6.199975E+00 
 3.424336E-01       2       1     1.926402E+00    -4.527501E-01 
 3.424336E-01       2       2     1.334726E+04     3.170438E+02 
 3.424336E-01       2       3    -6.366644E-02     2.510031E-01 
 3.424336E-01       2       4     1.265405E+05     1.178318E+03 
 3.424336E-01       2       5     5.500041E+01     2.157709E+00 
 3.424336E-01       2       6     3.450693E+02     4.155006E-02 
 3.424336E-01       3       1    -2.520242E-01     1.091683E-01 
 3.424336E-01       3       2    -3.264800E+00     4.684698E-03 
 3.424336E-01       3       3     2.697100E+04     1.345667E+01 
 3.424336E-01       3       4     2.262710E+01     3.574082E-01 
 3.424336E-01       3       5     5.252459E-01    -3.472589E-01 
 3.424336E-01       3       6    -1.525707E+01    -1.578181E+00 
 3.424336E-01       4       1     5.465647E+01    -4.715148E+00 
 3.424336E-01       4       2     1.272990E+05     1.126203E+03 
 3.424336E-01       4       3     7.887298E+01     3.065989E+00 
 3.424336E-01       4       4     1.228367E+07     6.062444E+03 
 3.424336E-01       4       5    -1.286008E+03     1.672752E+01 
 3.424336E-01       4       6     4.170391E+03    -1.782795E+00 
 3.424336E-01       5       1    -1.272663E+05    -1.124327E+03 
 3.424336E-01       5       2    -4.285626E+01    -6.084483E+00 
 3.424336E-01       5       3     1.877252E+01    -4.053101E-01 
 3.424336E-01       5       4    -2.147117E+03    -2.272250E+01 
 3.424336E-01       5       5     1.228361E+07     6.054754E+03 
 3.424336E-01       5       6     7.681326E+02    -2.471861E+01 
 3.424336E-01       6       1     1.966849E+02     1.968069E+01 
 3.424336E-01       6       2     2.897921E+02     3.068293E+00 
 3.424336E-01       6       3    -2.398880E+02    -1.850827E+01 
 3.424336E-01       6       4     3.952152E+03     1.350140E+01 
 3.424336E-01       6       5     2.244933E+01    -6.878452E+01 
 3.424336E-01       6       6     2.676536E+07     6.292375E+02 
 3.813108E-01       1       1     1.352144E+04     5.360156E+02 
 3.813108E-01       1       2     3.038490E+00     4.288520E-01 
 3.813108E-01       1       3    -3.213243E+00    -1.907988E-01 
 3.813108E-01       1       4     8.094814E+01     3.730508E+00 
 3.813108E-01       1       5    -1.298445E+05    -2.930267E+03 
 3.813108E-01       1       6     1.779480E+02     1.023292E+01 
 3.813108E-01       2       1     1.770310E+00    -7.862684E-01 
 3.813108E-01       2       2     1.352318E+04     5.363118E+02 
 3.813108E-01       2       3     1.332897E-01     9.292272E-01 
 3.813108E-01       2       4     1.297521E+05     2.931501E+03 
 3.813108E-01       2       5     6.241950E+01     5.373639E+00 
 3.813108E-01       2       6     3.493004E+02    -8.532780E-02 
 3.813108E-01       3       1    -2.090101E-01     4.736366E-01 
 3.813108E-01       3       2    -3.271090E+00     1.546897E-01 
 3.813108E-01       3       3     2.744082E+04     1.348304E+02 
 3.813108E-01       3       4     2.413697E+01     2.489841E+00 
 3.813108E-01       3       5     9.890824E-01    -1.917562E+00 
 3.813108E-01       3       6    -1.428580E+01    -1.011920E+01 
 3.813108E-01       4       1     5.326278E+01    -7.825968E+00 
 3.813108E-01       4       2     1.304429E+05     2.820582E+03 
 3.813108E-01       4       3     8.320939E+01     1.149588E+01 
 3.813108E-01       4       4     1.237190E+07     1.918211E+04 
 3.813108E-01       4       5    -1.223948E+03     3.982484E+01 
 3.813108E-01       4       6     4.202011E+03     3.813151E+00 
 3.813108E-01       5       1    -1.304140E+05    -2.817777E+03 
 3.813108E-01       5       2    -4.550972E+01    -1.022177E+01 
 3.813108E-01       5       3     2.379487E+01    -1.020939E+00 
 3.813108E-01       5       4    -2.267566E+03    -5.871169E+01 
 3.813108E-01       5       5     1.237195E+07     1.917249E+04 
 3.813108E-01       5       6     7.912165E+02    -4.790347E+01 
 3.813108E-01       6       1     1.991092E+02     3.340012E+01 
 3.813108E-01       6       2     2.947208E+02     5.496323E+00 
 3.813108E-01       6       3    -2.560880E+02    -6.874427E+01 
 3.813108E-01       6       4     4.047111E+03     4.028392E+01 
 3.813108E-01       6       5    -1.130160E+02    -1.652468E+02 
 3.813108E-01       6       6     2.701369E+07     2.930345E+03 
 4.201880E-01       1       1     1.365041E+04     8.284560E+02 
 4.201880E-01       1       2     3.029118E+00     6.732271E-01 
 4.201880E-01       1       3    -3.588733E+00    -4.724990E-01 
 4.201880E-01       1       4     8.624766E+01     8.002873E+00 
 4.201880E-01       1       5    -1.334471E+05    -6.195602E+03 
 4.201880E-01       1       6     1.760724E+02     1.533511E+01 
 4.201880E-01       2       1     1.720902E+00    -1.240372E+00 
 4.201880E-01       2       2     1.365167E+04     8.288099E+02 
 4.201880E-01       2       3     3.336524E-02     1.780095E+00 
 4.201880E-01       2       4     1.333459E+05     6.195883E+03 
 4.201880E-01       2       5     7.087542E+01     1.113997E+01 
 4.201880E-01       2       6     3.546287E+02    -2.460908E-01 
 4.201880E-01       3       1    -3.400723E-01     9.016259E-01 
 4.201880E-01       3       2    -3.370680E+00     3.382629E-01 
 4.201880E-01       3       3     2.798353E+04     5.089522E+02 
 4.201880E-01       3       4     2.465816E+01     5.565939E+00 
 4.201880E-01       3       5     1.737250E+00    -3.492244E+00 
 4.201880E-01       3       6    -8.703850E+00    -1.916572E+01 
 4.201880E-01       4       1     5.304370E+01    -1.169132E+01 
 4.201880E-01       4       2     1.339687E+05     5.980427E+03 
 4.201880E-01       4       3     8.431761E+01     2.271633E+01 
 4.201880E-01       4       4     1.248798E+07     5.160404E+04 
 4.201880E-01       4       5    -1.149909E+03     8.092899E+01 
 4.201880E-01       4       6     4.212224E+03    -6.643949E-01 
 4.201880E-01       5       1    -1.339434E+05    -5.976080E+03 
 4.201880E-01       5       2    -4.765299E+01    -1.622754E+01 
 4.201880E-01       5       3     3.004508E+01     3.677406E-01 
 4.201880E-01       5       4    -2.426235E+03    -1.423325E+02 
 4.201880E-01       5       5     1.248812E+07     5.158633E+04 
 4.201880E-01       5       6     8.207694E+02    -1.020345E+02 
 4.201880E-01       6       1     1.972332E+02     5.151461E+01 
 4.201880E-01       6       2     3.001071E+02     9.360438E+00 
 4.201880E-01       6       3    -2.531730E+02    -1.304881E+02 
 4.201880E-01       6       4     4.149477E+03     8.542712E+01 
 4.201880E-01       6       5    -2.695813E+02    -3.491805E+02 
 4.201880E-01       6       6     2.732429E+07     1.018424E+04 
 4.590652E-01       1       1     1.369726E+04     1.174278E+03 
 4.590652E-01       1       2     2.942320E+00     9.574811E-01 
 4.590652E-01       1       3    -3.967526E+00    -9.859775E-01 
 4.590652E-01       1       4     9.235171E+01     1.506967E+01 
 4.590652E-01       1       5    -1.368035E+05    -1.153235E+04 
 4.590652E-01       1       6     1.710102E+02     2.040350E+01 
 4.590652E-01       2       1     1.828766E+00    -1.819781E+00 
 4.590652E-01       2       2     1.369786E+04     1.174557E+03 
 4.590652E-01       2       3    -4.870319E-01     2.647567E+00 
 4.590652E-01       2       4     1.366901E+05     1.152893E+04 
 4.590652E-01       2       5     7.983746E+01     2.078077E+01 
 4.590652E-01       2       6     3.620354E+02    -8.447965E-01 
 4.590652E-01       3       1    -7.364244E-01     1.288730E+00 
 4.590652E-01       3       2    -3.581596E+00     4.948485E-01 
 4.590652E-01       3       3     2.848845E+04     1.212031E+03 
 4.590652E-01       3       4     2.426783E+01     9.730845E+00 
 4.590652E-01       3       5     2.758957E+00    -5.464171E+00 
 4.590652E-01       3       6     4.674158E+00    -2.556513E+01 
 4.590652E-01       4       1     5.496361E+01    -1.658719E+01 
 4.590652E-01       4       2     1.372686E+05     1.115066E+04 
 4.590652E-01       4       3     8.093040E+01     3.628444E+01 
 4.590652E-01       4       4     1.263402E+07     1.195189E+05 
 4.590652E-01       4       5    -1.065966E+03     1.628016E+02 
 4.590652E-01       4       6     4.252344E+03     1.322881E+01 
 4.590652E-01       5       1    -1.372501E+05    -1.114632E+04 
 4.590652E-01       5       2    -4.797494E+01    -2.372693E+01 
 4.590652E-01       5       3     3.710669E+01     5.237117E+00 
 4.590652E-01       5       4    -2.611009E+03    -2.851049E+02 
 4.590652E-01       5       5     1.263429E+07     1.195235E+05 
 4.590652E-01       5       6     8.905840E+02    -1.740727E+02 
 4.590652E-01       6       1     1.870386E+02     7.261521E+01 
 4.590652E-01       6       2     3.061455E+02     1.420213E+01 
 4.590652E-01       6       3    -2.229015E+02    -1.946615E+02 
 4.590652E-01       6       4     4.281420E+03     1.813709E+02 
 4.590652E-01       6       5    -3.957274E+02    -6.442681E+02 
 4.590652E-01       6       6     2.771856E+07     3.160012E+04 
 4.979424E-01       1       1     1.363466E+04     1.528718E+03 
 4.979424E-01       1       2     2.699177E+00     1.250393E+00 
 4.979424E-01       1       3    -4.205464E+00    -1.765080E+00 
 4.979424E-01       1       4     9.663866E+01     2.529523E+01 
 4.979424E-01       1       5    -1.388375E+05    -1.922543E+04 
 4.979424E-01       1       6     1.634100E+02     2.520714E+01 
 4.979424E-01       2       1     2.192183E+00    -2.416353E+00 
 4.979424E-01       2       2     1.363447E+04     1.528623E+03 
 4.979424E-01       2       3    -1.413387E+00     3.273052E+00 
 4.979424E-01       2       4     1.387082E+05     1.921268E+04 
 4.979424E-01       2       5     8.730033E+01     3.478828E+01 
 4.979424E-01       2       6     3.722832E+02    -3.661421E-01 
 4.979424E-01       3       1    -1.391476E+00     1.483372E+00 
 4.979424E-01       3       2    -3.837244E+00     5.583385E-01 
 4.979424E-01       3       3     2.873461E+04     2.261673E+03 
 4.979424E-01       3       4     2.322291E+01     1.483782E+01 
 4.979424E-01       3       5     4.826425E+00    -7.441969E+00 
 4.979424E-01       3       6     2.207381E+01    -2.582309E+01 
 4.979424E-01       4       1     5.885752E+01    -2.124954E+01 
 4.979424E-01       4       2     1.392962E+05     1.861644E+04 
 4.979424E-01       4       3     7.248491E+01     4.907849E+01 
 4.979424E-01       4       4     1.280458E+07     2.454005E+05 
 4.979424E-01       4       5    -9.846540E+02     2.908963E+02 
 4.979424E-01       4       6     4.279541E+03     2.540789E+01 
 4.979424E-01       5       1    -1.392878E+05    -1.861516E+04 
 4.979424E-01       5       2    -4.609704E+01    -3.230203E+01 
 4.979424E-01       5       3     4.320244E+01     1.466596E+01 
 4.979424E-01       5       4    -2.802781E+03    -5.198560E+02 
 4.979424E-01       5       5     1.280510E+07     2.454890E+05 
 4.979424E-01       5       6     9.973565E+02    -2.535295E+02 
 4.979424E-01       6       1     1.666805E+02     9.319130E+01 
 4.979424E-01       6       2     3.127575E+02     2.193321E+01 
 4.979424E-01       6       3    -1.624394E+02    -2.452249E+02 
 4.979424E-01       6       4     4.400983E+03     3.355611E+02 
 4.979424E-01       6       5    -4.423061E+02    -1.057062E+03 
 4.979424E-01       6       6     2.822497E+07     8.787437E+04 
 5.368196E-01       1       1     1.346074E+04     1.834097E+03 
 5.368196E-01       1       2     2.316114E+00     1.488872E+00 
 5.368196E-01       1       3    -4.038452E+00    -2.814812E+00 
 5.368196E-01       1       4     9.629788E+01     3.834192E+01 
 5.368196E-01       1       5    -1.381037E+05    -2.904616E+04 
 5.368196E-01       1       6     1.535165E+02     2.857211E+01 
 5.368196E-01       2       1     2.807042E+00    -2.977730E+00 
 5.368196E-01       2       2     1.345974E+04     1.833214E+03 
 5.368196E-01       2       3    -2.625151E+00     3.401805E+00 
 5.368196E-01       2       4     1.379580E+05     2.901694E+04 
 5.368196E-01       2       5     9.211821E+01     5.372419E+01 
 5.368196E-01       2       6     3.862039E+02     1.009742E+00 
 5.368196E-01       3       1    -2.074935E+00     1.233720E+00 
 5.368196E-01       3       2    -4.182255E+00     4.586755E-01 
 5.368196E-01       3       3     2.848436E+04     3.499744E+03 
 5.368196E-01       3       4     1.770782E+01     1.899232E+01 
 5.368196E-01       3       5     8.012600E+00    -7.977134E+00 
 5.368196E-01       3       6     4.042067E+01    -1.327150E+01 
 5.368196E-01       4       1     6.272529E+01    -2.537330E+01 
 5.368196E-01       4       2     1.386492E+05     2.815814E+04 
 5.368196E-01       4       3     5.665865E+01     5.695902E+01 
 5.368196E-01       4       4     1.297822E+07     4.538153E+05 
 5.368196E-01       4       5    -9.120313E+02     4.823070E+02 
 5.368196E-01       4       6     4.324546E+03     4.283070E+01 
 5.368196E-01       5       1    -1.386525E+05    -2.816458E+04 
 5.368196E-01       5       2    -4.025568E+01    -4.071472E+01 
 5.368196E-01       5       3     4.504020E+01     2.908829E+01 
 5.368196E-01       5       4    -2.933373E+03    -8.752135E+02 
 5.368196E-01       5       5     1.297902E+07     4.540924E+05 
 5.368196E-01       5       6     1.153844E+03    -3.562829E+02 
 5.368196E-01       6       1     1.364422E+02     1.099740E+02 
 5.368196E-01       6       2     3.185944E+02     3.132366E+01 
 5.368196E-01       6       3    -8.108061E+01    -2.648414E+02 
 5.368196E-01       6       4     4.521493E+03     5.651843E+02 
 5.368196E-01       6       5    -3.696796E+02    -1.601845E+03 
 5.368196E-01       6       6     2.887915E+07     2.210454E+05 
 5.756969E-01       1       1     1.320482E+04     2.022238E+03 
 5.756969E-01       1       2     1.788691E+00     1.583724E+00 
 5.756969E-01       1       3    -3.373728E+00    -3.807115E+00 
 5.756969E-01       1       4     9.252342E+01     5.362550E+01 
 5.756969E-01       1       5    -1.329984E+05    -3.987217E+04 
 5.756969E-01       1       6     1.419053E+02     2.788540E+01 
 5.756969E-01       2       1     3.730052E+00    -3.346942E+00 
 5.756969E-01       2       2     1.320328E+04     2.020233E+03 
 5.756969E-01       2       3    -3.772864E+00     2.923377E+00 
 5.756969E-01       2       4     1.328430E+05     3.981989E+04 
 5.756969E-01       2       5     9.117913E+01     7.631319E+01 
 5.756969E-01       2       6     4.048490E+02     6.291411E+00 
 5.756969E-01       3       1    -2.599173E+00     5.809763E-01 
 5.756969E-01       3       2    -4.422613E+00     2.798118E-01 
 5.756969E-01       3       3     2.764591E+04     4.608756E+03 
 5.756969E-01       3       4     1.088671E+01     2.212160E+01 
 5.756969E-01       3       5     1.055761E+01    -8.367520E+00 
 5.756969E-01       3       6     4.951331E+01     7.013265E+00 
 5.756969E-01       4       1     7.050942E+01    -2.695007E+01 
 5.756969E-01       4       2     1.337715E+05     3.869350E+04 
 5.756969E-01       4       3     3.917668E+01     5.912390E+01 
 5.756969E-01       4       4     1.312282E+07     7.665052E+05 
 5.756969E-01       4       5    -9.209697E+02     7.292182E+02 
 5.756969E-01       4       6     4.422260E+03     8.722598E+01 
 5.756969E-01       5       1    -1.337803E+05    -3.871086E+04 
 5.756969E-01       5       2    -3.154099E+01    -4.835817E+01 
 5.756969E-01       5       3     3.803062E+01     4.291445E+01 
 5.756969E-01       5       4    -3.002909E+03    -1.380158E+03 
 5.756969E-01       5       5     1.312380E+07     7.670671E+05 
 5.756969E-01       5       6     1.474196E+03    -3.987466E+02 
 5.756969E-01       6       1     9.557684E+01     1.156497E+02 
 5.756969E-01       6       2     3.240022E+02     4.409022E+01 
 5.756969E-01       6       3    -9.792768E-01    -2.446075E+02 
 5.756969E-01       6       4     4.625924E+03     9.118283E+02 
 5.756969E-01       6       5    -2.129062E+01    -2.195155E+03 
 5.756969E-01       6       6     2.970855E+07     5.069947E+05 
 6.145741E-01       1       1     1.294562E+04     2.034108E+03 
 6.145741E-01       1       2     1.203967E+00     1.466786E+00 
 6.145741E-01       1       3    -2.272034E+00    -4.425135E+00 
 6.145741E-01       1       4     8.064985E+01     6.669871E+01 
 6.145741E-01       1       5    -1.222463E+05    -4.935972E+04 
 6.145741E-01       1       6     1.290222E+02     2.419636E+01 
 6.145741E-01       2       1     4.903874E+00    -3.407312E+00 
 6.145741E-01       2       2     1.294404E+04     2.030647E+03 
 6.145741E-01       2       3    -4.478046E+00     1.936819E+00 
 6.145741E-01       2       4     1.220853E+05     4.927368E+04 
 6.145741E-01       2       5     8.407274E+01     1.021662E+02 
 6.145741E-01       2       6     4.287865E+02     1.853956E+01 
 6.145741E-01       3       1    -2.703346E+00    -2.798809E-01 
 6.145741E-01       3       2    -4.582187E+00    -7.379889E-02 
 6.145741E-01       3       3     2.639220E+04     5.231892E+03 
 6.145741E-01       3       4     1.554071E+00     1.983362E+01 
 6.145741E-01       3       5     1.471168E+01    -8.061553E+00 
 6.145741E-01       3       6     4.847483E+01     3.064642E+01 
 6.145741E-01       4       1     7.587537E+01    -2.682812E+01 
 6.145741E-01       4       2     1.234227E+05     4.794735E+04 
 6.145741E-01       4       3     2.223782E+01     5.074346E+01 
 6.145741E-01       4       4     1.317892E+07     1.187885E+06 
 6.145741E-01       4       5    -9.675410E+02     1.039537E+03 
 6.145741E-01       4       6     4.481870E+03     1.354369E+02 
 6.145741E-01       5       1    -1.234371E+05    -4.798436E+04 
 6.145741E-01       5       2    -1.771368E+01    -5.061164E+01 
 6.145741E-01       5       3     2.563805E+01     5.245019E+01 
 6.145741E-01       5       4    -2.800846E+03    -1.961419E+03 
 6.145741E-01       5       5     1.318010E+07     1.188984E+06 
 6.145741E-01       5       6     1.786410E+03    -3.684412E+02 
 6.145741E-01       6       1     4.784514E+01     1.061101E+02 
 6.145741E-01       6       2     3.274514E+02     5.971329E+01 
 6.145741E-01       6       3     5.744023E+01    -1.907969E+02 
 6.145741E-01       6       4     4.541587E+03     1.306492E+03 
 6.145741E-01       6       5     5.368523E+02    -2.782977E+03 
 6.145741E-01       6       6     3.071732E+07     1.068505E+06 
 6.534513E-01       1       1     1.282332E+04     1.853784E+03 
 6.534513E-01       1       2     6.404312E-01     1.111793E+00 
 6.534513E-01       1       3    -1.067339E+00    -4.548569E+00 
 6.534513E-01       1       4     6.457977E+01     7.444617E+01 
 6.534513E-01       1       5    -1.059011E+05    -5.369270E+04 
 6.534513E-01       1       6     1.170397E+02     1.717739E+01 
 6.534513E-01       2       1     6.246029E+00    -2.940539E+00 
 6.534513E-01       2       2     1.282234E+04     1.849046E+03 
 6.534513E-01       2       3    -4.568948E+00     9.702142E-01 
 6.534513E-01       2       4     1.057476E+05     5.357144E+04 
 6.534513E-01       2       5     6.735193E+01     1.275340E+02 
 6.534513E-01       2       6     4.538310E+02     4.378038E+01 
 6.534513E-01       3       1    -2.355396E+00    -1.164531E+00 
 6.534513E-01       3       2    -4.557075E+00    -2.849477E-01 
 6.534513E-01       3       3     2.510132E+04     5.257362E+03 
 6.534513E-01       3       4    -6.296448E+00     1.429741E+01 
 6.534513E-01       3       5     2.032653E+01    -7.697938E+00 
 6.534513E-01       3       6     3.304808E+01     4.741871E+01 
 6.534513E-01       4       1     8.146256E+01    -2.486746E+01 
 6.534513E-01       4       2     1.076416E+05     5.221804E+04 
 6.534513E-01       4       3     1.181059E+01     3.916610E+01 
 6.534513E-01       4       4     1.307349E+07     1.690075E+06 
 6.534513E-01       4       5    -1.164001E+03     1.366060E+03 
 6.534513E-01       4       6     4.556693E+03     2.473189E+02 
 6.534513E-01       5       1    -1.076532E+05    -5.227406E+04 
 6.534513E-01       5       2    -2.356083E+00    -4.656962E+01 
 6.534513E-01       5       3     1.241309E+01     5.336569E+01 
 6.534513E-01       5       4    -2.277181E+03    -2.533119E+03 
 6.534513E-01       5       5     1.307462E+07     1.691782E+06 
 6.534513E-01       5       6     2.136145E+03    -1.811376E+02 
 6.534513E-01       6       1     4.545016E-01     7.567386E+01 
 6.534513E-01       6       2     3.256681E+02     7.921735E+01 
 6.534513E-01       6       3     7.678385E+01    -1.256197E+02 
 6.534513E-01       6       4     4.315188E+03     1.771857E+03 
 6.534513E-01       6       5     1.469555E+03    -3.215709E+03 
 6.534513E-01       6       6     3.183046E+07     2.076203E+06 
 6.923285E-01       1       1     1.302707E+04     1.592543E+03 
 6.923285E-01       1       2     2.107082E-01     5.587553E-01 
 6.923285E-01       1       3     6.582665E-02    -4.272649E+00 
 6.923285E-01       1       4     4.932661E+01     7.566480E+01 
 6.923285E-01       1       5    -8.707947E+04    -4.830796E+04 
 6.923285E-01       1       6     1.060323E+02     7.659230E+00 
 6.923285E-01       2       1     7.543951E+00    -1.721935E+00 
 6.923285E-01       2       2     1.302711E+04     1.586982E+03 
 6.923285E-01       2       3    -4.254562E+00     3.011284E-01 
 6.923285E-01       2       4     8.694977E+04     4.815720E+04 
 6.923285E-01       2       5     3.984552E+01     1.510084E+02 
 6.923285E-01       2       6     4.759193E+02     8.631198E+01 
 6.923285E-01       3       1    -1.535783E+00    -1.756674E+00 
 6.923285E-01       3       2    -4.518119E+00    -3.486070E-01 
 6.923285E-01       3       3     2.404790E+04     4.850125E+03 
 6.923285E-01       3       4    -8.169284E+00     9.166442E+00 
 6.923285E-01       3       5     2.718450E+01    -5.194965E+00 
 6.923285E-01       3       6     1.590871E+01     5.177787E+01 
 6.923285E-01       4       1     8.708329E+01    -2.172809E+01 
 6.923285E-01       4       2     8.949276E+04     4.709142E+04 
 6.923285E-01       4       3     8.242474E+00     2.982121E+01 
 6.923285E-01       4       4     1.273695E+07     2.202626E+06 
 6.923285E-01       4       5    -1.547190E+03     1.652849E+03 
 6.923285E-01       4       6     4.716678E+03     4.133942E+02 
 6.923285E-01       5       1    -8.949101E+04    -4.716022E+04 
 6.923285E-01       5       2     8.293214E+00    -3.199253E+01 
 6.923285E-01       5       3     3.264909E+00     4.877720E+01 
 6.923285E-01       5       4    -1.438786E+03    -2.805520E+03 
 6.923285E-01       5       5     1.273771E+07     2.204937E+06 
 6.923285E-01       5       6     2.446030E+03     5.073038E+01 
 6.923285E-01       6       1    -3.528323E+01     2.194156E+01 
 6.923285E-01       6       2     3.205789E+02     9.998487E+01 
 6.923285E-01       6       3     6.578562E+01    -7.318638E+01 
 6.923285E-01       6       4     3.902382E+03     2.154430E+03 
 6.923285E-01       6       5     2.697894E+03    -3.350603E+03 
 6.923285E-01       6       6     3.283649E+07     3.701441E+06 
 7.312057E-01       1       1     1.364353E+04     1.586876E+03 
 7.312057E-01       1       2    -1.093502E-01    -2.032120E-01 
 7.312057E-01       1       3     1.077787E+00    -3.650984E+00 
 7.312057E-01       1       4     3.704584E+01     7.460218E+01 
 7.312057E-01       1       5    -7.387548E+04    -3.110919E+04 
 7.312057E-01       1       6     9.367432E+01    -4.653934E+00 
 7.312057E-01       2       1     8.175257E+00     4.041222E-01 
 7.312057E-01       2       2     1.364465E+04     1.581252E+03 
 7.312057E-01       2       3    -3.780242E+00    -9.347382E-02 
 7.312057E-01       2       4     7.377506E+04     3.093646E+04 
 7.312057E-01       2       5    -1.206333E+00     1.585743E+02 
 7.312057E-01       2       6     4.795457E+02     1.473439E+02 
 7.312057E-01       3       1    -4.392384E-01    -1.928143E+00 
 7.312057E-01       3       2    -4.505211E+00    -3.728150E-01 
 7.312057E-01       3       3     2.333843E+04     4.229208E+03 
 7.312057E-01       3       4    -8.206801E+00     1.856186E+00 
 7.312057E-01       3       5     3.644688E+01     5.383209E+00 
 7.312057E-01       3       6     2.669091E+00     4.960962E+01 
 7.312057E-01       4       1     9.307417E+01    -1.646519E+01 
 7.312057E-01       4       2     7.678387E+04     3.057314E+04 
 7.312057E-01       4       3     5.880243E+00     1.895339E+01 
 7.312057E-01       4       4     1.213800E+07     2.553190E+06 
 7.312057E-01       4       5    -2.083604E+03     1.713683E+03 
 7.312057E-01       4       6     4.865765E+03     4.912515E+02 
 7.312057E-01       5       1    -7.677018E+04    -3.065117E+04 
 7.312057E-01       5       2     5.490285E+00    -1.948090E+01 
 7.312057E-01       5       3     6.712214E-01     4.580720E+01 
 7.312057E-01       5       4    -5.506287E+02    -2.635703E+03 
 7.312057E-01       5       5     1.213808E+07     2.556037E+06 
 7.312057E-01       5       6     2.653355E+03     5.536335E+02 
 7.312057E-01       6       1    -4.256656E+01    -4.822430E+01 
 7.312057E-01       6       2     3.074684E+02     1.213167E+02 
 7.312057E-01       6       3     4.102933E+01    -3.768023E+01 
 7.312057E-01       6       4     3.306904E+03     2.151173E+03 
 7.312057E-01       6       5     4.110886E+03    -2.748913E+03 
 7.312057E-01       6       6     3.334396E+07     5.996639E+06 
 7.700829E-01       1       1     1.434030E+04     2.226743E+03 
 7.700829E-01       1       2    -8.476825E-02    -1.237678E+00 
 7.700829E-01       1       3     1.968079E+00    -2.611038E+00 
 7.700829E-01       1       4     2.372117E+01     7.367080E+01 
 7.700829E-01       1       5    -7.584541E+04    -8.938915E+03 
 7.700829E-01       1       6     8.561427E+01    -2.299716E+01 
 7.700829E-01       2       1     7.229845E+00     2.816543E+00 
 7.700829E-01       2       2     1.434213E+04     2.221603E+03 
 7.700829E-01       2       3    -3.345554E+00    -1.574819E-01 
 7.700829E-01       2       4     7.577531E+04     8.758883E+03 
 7.700829E-01       2       5    -4.253977E+01     1.456114E+02 
 7.700829E-01       2       6     4.451305E+02     2.112569E+02 
 7.700829E-01       3       1     8.928058E-01    -1.411809E+00 
 7.700829E-01       3       2    -4.679086E+00    -4.396244E-01 
 7.700829E-01       3       3     2.290514E+04     3.573633E+03 
 7.700829E-01       3       4    -8.202263E+00    -1.643037E+00 
 7.700829E-01       3       5     3.562375E+01     2.289891E+01 
 7.700829E-01       3       6    -3.624305E-01     4.196284E+01 
 7.700829E-01       4       1     9.623545E+01    -8.335126E+00 
 7.700829E-01       4       2     7.874461E+04     9.332420E+03 
 7.700829E-01       4       3     4.535815E+00     9.178869E+00 
 7.700829E-01       4       4     1.141712E+07     2.564551E+06 
 7.700829E-01       4       5    -2.683135E+03     1.522700E+03 
 7.700829E-01       4       6     5.110946E+03     1.030798E+03 
 7.700829E-01       5       1    -7.872376E+04    -9.414889E+03 
 7.700829E-01       5       2    -3.145655E+00    -1.632835E+01 
 7.700829E-01       5       3    -3.475652E+00     4.759020E+01 
 7.700829E-01       5       4    -8.127038E+00    -2.033087E+03 
 7.700829E-01       5       5     1.141635E+07     2.567341E+06 
 7.700829E-01       5       6     2.812106E+03     1.069655E+03 
 7.700829E-01       6       1    -1.119848E+01    -1.117707E+02 
 7.700829E-01       6       2     2.840932E+02     1.406300E+02 
 7.700829E-01       6       3     1.453715E+01    -2.416725E+01 
 7.700829E-01       6       4     2.924672E+03     2.027218E+03 
 7.700829E-01       6       5     5.269150E+03    -1.454732E+03 
 7.700829E-01       6       6     3.287627E+07     8.685648E+06 
 8.089601E-01       1       1     1.447929E+04     3.369462E+03 
 8.089601E-01       1       2     7.352467E-01    -2.232749E+00 
 8.089601E-01       1       3     2.247313E+00    -9.947813E-01 
 8.089601E-01       1       4     5.094036E+00     6.660662E+01 
 8.089601E-01       1       5    -9.185248E+04     3.617957E+03 
 8.089601E-01       1       6     8.695999E+01    -4.271254E+01 
 8.089601E-01       2       1     4.950335E+00     4.038772E+00 
 8.089601E-01       2       2     1.448099E+04     3.365011E+03 
 8.089601E-01       2       3    -3.038438E+00     7.785852E-02 
 8.089601E-01       2       4     9.180580E+04    -3.800309E+03 
 8.089601E-01       2       5    -6.534318E+01     1.161550E+02 
 8.089601E-01       2       6     3.814607E+02     2.456667E+02 
 8.089601E-01       3       1     1.602073E+00     4.401183E-02 
 8.089601E-01       3       2    -4.876351E+00    -6.393862E-01 
 8.089601E-01       3       3     2.269500E+04     2.933440E+03 
 8.089601E-01       3       4    -1.020434E+01    -6.847246E+00 
 8.089601E-01       3       5     2.302315E+01     3.564359E+01 
 8.089601E-01       3       6     9.271944E+00     4.048368E+01 
 8.089601E-01       4       1     9.151935E+01    -2.435349E+00 
 8.089601E-01       4       2     9.417361E+04    -2.544696E+03 
 8.089601E-01       4       3     4.978032E+00    -3.074168E+00 
 8.089601E-01       4       4     1.086789E+07     2.233057E+06 
 8.089601E-01       4       5    -3.100834E+03     1.067669E+03 
 8.089601E-01       4       6     4.884223E+03     1.878377E+03 
 8.089601E-01       5       1    -9.415003E+04     2.453540E+03 
 8.089601E-01       5       2    -5.493994E+00    -1.825704E+01 
 8.089601E-01       5       3    -1.330560E+01     4.694905E+01 
 8.089601E-01       5       4     1.137117E+02    -1.409475E+03 
 8.089601E-01       5       5     1.086658E+07     2.235351E+06 
 8.089601E-01       5       6     2.812131E+03     1.584828E+03 
 8.089601E-01       6       1     4.398315E+01    -1.367878E+02 
 8.089601E-01       6       2     2.510898E+02     1.493035E+02 
 8.089601E-01       6       3    -4.437494E+00    -2.035171E+01 
 8.089601E-01       6       4     2.617954E+03     1.989764E+03 
 8.089601E-01       6       5     5.510560E+03     2.642309E+02 
 8.089601E-01       6       6     3.120816E+07     1.111455E+07 
 8.478373E-01       1       1     1.392860E+04     4.356355E+03 
 8.478373E-01       1       2     1.874829E+00    -2.363793E+00 
 8.478373E-01       1       3     1.421497E+00     6.433644E-01 
 8.478373E-01       1       4    -7.209474E+00     4.911570E+01 
 8.478373E-01       1       5    -1.084510E+05     1.020518E+03 
 8.478373E-01       1       6     9.321327E+01    -5.791870E+01 
 8.478373E-01       2       1     2.666770E+00     3.616322E+00 
 8.478373E-01       2       2     1.392926E+04     4.352368E+03 
 8.478373E-01       2       3    -3.137312E+00     5.092062E-01 
 8.478373E-01       2       4     1.084299E+05    -1.206920E+03 
 8.478373E-01       2       5    -6.894509E+01     9.241010E+01 
 8.478373E-01       2       6     3.196199E+02     2.397295E+02 
 8.478373E-01       3       1     1.171081E+00     1.663250E+00 
 8.478373E-01       3       2    -5.110907E+00    -9.034767E-01 
 8.478373E-01       3       3     2.267437E+04     2.301854E+03 
 8.478373E-01       3       4    -1.121213E+01    -1.477682E+01 
 8.478373E-01       3       5     6.441745E+00     3.670762E+01 
 8.478373E-01       3       6     1.656043E+01     5.180084E+01 
 8.478373E-01       4       1     8.472025E+01    -4.592841E+00 
 8.478373E-01       4       2     1.100361E+05     1.522001E+02 
 8.478373E-01       4       3     1.180419E+01    -1.516028E+01 
 8.478373E-01       4       4     1.062627E+07     1.815873E+06 
 8.478373E-01       4       5    -3.206211E+03     5.367110E+02 
 8.478373E-01       4       6     4.153183E+03     2.461423E+03 
 8.478373E-01       5       1    -1.100047E+05    -2.601667E+02 
 8.478373E-01       5       2    -5.699731E+00    -1.858851E+01 
 8.478373E-01       5       3    -2.256324E+01     3.731555E+01 
 8.478373E-01       5       4     2.697983E+01    -9.646942E+02 
 8.478373E-01       5       5     1.062496E+07     1.817741E+06 
 8.478373E-01       5       6     2.577271E+03     2.155887E+03 
 8.478373E-01       6       1     8.318602E+01    -1.272033E+02 
 8.478373E-01       6       2     2.209193E+02     1.396641E+02 
 8.478373E-01       6       3    -2.169299E+01    -1.952339E+01 
 8.478373E-01       6       4     2.390587E+03     1.894393E+03 
 8.478373E-01       6       5     4.888162E+03     1.704478E+03 
 8.478373E-01       6       6     2.867284E+07     1.256384E+07 
 8.867145E-01       1       1     1.312511E+04     4.844015E+03 
 8.867145E-01       1       2     2.640025E+00    -1.884256E+00 
 8.867145E-01       1       3    -5.528577E-01     1.733570E+00 
 8.867145E-01       1       4    -9.860629E+00     3.197858E+01 
 8.867145E-01       1       5    -1.167710E+05    -9.568677E+03 
 8.867145E-01       1       6     9.496895E+01    -6.465122E+01 
 8.867145E-01       2       1     1.325512E+00     2.235284E+00 
 8.867145E-01       2       2     1.312408E+04     4.839399E+03 
 8.867145E-01       2       3    -3.704682E+00     8.479910E-01 
 8.867145E-01       2       4     1.167786E+05     9.382589E+03 
 8.867145E-01       2       5    -6.844674E+01     8.233813E+01 
 8.867145E-01       2       6     2.828158E+02     2.139116E+02 
 8.867145E-01       3       1    -3.533760E-01     2.923736E+00 
 8.867145E-01       3       2    -5.181705E+00    -1.231087E+00 
 8.867145E-01       3       3     2.292159E+04     1.703367E+03 
 8.867145E-01       3       4    -5.356864E+00    -2.466521E+01 
 8.867145E-01       3       5    -2.465858E+00     2.644157E+01 
 8.867145E-01       3       6     1.680551E+01     7.647893E+01 
 8.867145E-01       4       1     8.480791E+01    -1.224548E+01 
 8.867145E-01       4       2     1.178666E+05     1.048521E+04 
 8.867145E-01       4       3     2.730182E+01    -2.360570E+01 
 8.867145E-01       4       4     1.056668E+07     1.511269E+06 
 8.867145E-01       4       5    -3.090067E+03     1.166627E+02 
 8.867145E-01       4       6     3.333960E+03     2.520183E+03 
 8.867145E-01       5       1    -1.178110E+05    -1.060991E+04 
 8.867145E-01       5       2    -6.092477E+00    -1.573391E+01 
 8.867145E-01       5       3    -2.095122E+01     2.152294E+01 
 8.867145E-01       5       4    -1.211313E+02    -6.296331E+02 
 8.867145E-01       5       5     1.056533E+07     1.513124E+06 
 8.867145E-01       5       6     2.146806E+03     2.556017E+03 
 8.867145E-01       6       1     9.018309E+01    -1.094922E+02 
 8.867145E-01       6       2     2.014842E+02     1.214380E+02 
 8.867145E-01       6       3    -4.022674E+01    -2.361838E+01 
 8.867145E-01       6       4     2.251315E+03     1.794097E+03 
 8.867145E-01       6       5     3.953119E+03     2.477738E+03 
 8.867145E-01       6       6     2.602746E+07     1.272917E+07 
 9.255917E-01       1       1     1.244649E+04     4.950146E+03 
 9.255917E-01       1       2     2.871463E+00    -1.267322E+00 
 9.255917E-01       1       3    -3.437495E+00     8.033649E-01 
 9.255917E-01       1       4    -7.848661E+00     1.743900E+01 
 9.255917E-01       1       5    -1.168492E+05    -2.082152E+04 
 9.255917E-01       1       6     8.833252E+01    -6.856107E+01 
 9.255917E-01       2       1     8.393249E-01     7.217705E-01 
 9.255917E-01       2       2     1.244389E+04     4.943455E+03 
 9.255917E-01       2       3    -4.823591E+00     5.197271E-01 
 9.255917E-01       2       4     1.168845E+05     2.064229E+04 
 9.255917E-01       2       5    -7.235182E+01     7.475948E+01 
 9.255917E-01       2       6     2.717330E+02     1.861491E+02 
 9.255917E-01       3       1    -2.722875E+00     2.600382E+00 
 9.255917E-01       3       2    -5.346708E+00    -1.681063E+00 
 9.255917E-01       3       3     2.362187E+04     1.416695E+03 
 9.255917E-01       3       4     8.127278E+00    -2.939062E+01 
 9.255917E-01       3       5     2.130123E-01     1.585479E+01 
 9.255917E-01       3       6    -3.755799E+00     1.166417E+02 
 9.255917E-01       4       1     9.515100E+01    -2.011405E+01 
 9.255917E-01       4       2     1.177603E+05     2.138376E+04 
 9.255917E-01       4       3     4.898242E+01    -1.796965E+01 
 9.255917E-01       4       4     1.054875E+07     1.317684E+06 
 9.255917E-01       4       5    -2.957799E+03    -2.049754E+02 
 9.255917E-01       4       6     2.518308E+03     2.444010E+03 
 9.255917E-01       5       1    -1.176772E+05    -2.151312E+04 
 9.255917E-01       5       2    -2.672671E+00    -1.829318E+01 
 9.255917E-01       5       3    -1.397813E+00     1.230853E+01 
 9.255917E-01       5       4    -2.948616E+02    -4.800861E+02 
 9.255917E-01       5       5     1.054735E+07     1.319471E+06 
 9.255917E-01       5       6     1.761441E+03     2.674240E+03 
 9.255917E-01       6       1     7.654260E+01    -1.006445E+02 
 9.255917E-01       6       2     1.947441E+02     1.020448E+02 
 9.255917E-01       6       3    -6.341900E+01    -4.097673E+01 
 9.255917E-01       6       4     2.012543E+03     1.883174E+03 
 9.255917E-01       6       5     3.107310E+03     2.761008E+03 
 9.255917E-01       6       6     2.399855E+07     1.187074E+07 
 9.644689E-01       1       1     1.202494E+04     4.912054E+03 
 9.644689E-01       1       2     2.776187E+00    -8.314267E-01 
 9.644689E-01       1       3    -4.083886E+00    -3.398542E+00 
 9.644689E-01       1       4    -2.721059E+00     4.555545E+00 
 9.644689E-01       1       5    -1.114407E+05    -2.938744E+04 
 9.644689E-01       1       6     7.074748E+01    -8.226396E+01 
 9.644689E-01       2       1     1.048491E+00    -8.479115E-01 
 9.644689E-01       2       2     1.202162E+04     4.901938E+03 
 9.644689E-01       2       3    -5.122922E+00    -1.045481E+00 
 9.644689E-01       2       4     1.115066E+05     2.922076E+04 
 9.644689E-01       2       5    -8.352929E+01     6.785299E+01 
 9.644689E-01       2       6     2.763787E+02     1.703511E+02 
 9.644689E-01       3       1    -3.820193E+00    -2.265017E-01 
 9.644689E-01       3       2    -5.216567E+00    -2.301208E+00 
 9.644689E-01       3       3     2.419071E+04     2.162247E+03 
 9.644689E-01       3       4     2.028324E+01    -1.883046E+01 
 9.644689E-01       3       5     1.200674E+01     2.230274E+01 
 9.644689E-01       3       6    -6.886516E+01     1.316406E+02 
 9.644689E-01       4       1     1.100653E+02    -2.003470E+01 
 9.644689E-01       4       2     1.124024E+05     2.965474E+04 
 9.644689E-01       4       3     5.203084E+01     1.074449E+01 
 9.644689E-01       4       4     1.051375E+07     1.175773E+06 
 9.644689E-01       4       5    -2.779265E+03    -4.450423E+02 
 9.644689E-01       4       6     1.768812E+03     2.192070E+03 
 9.644689E-01       5       1    -1.122851E+05    -2.978076E+04 
 9.644689E-01       5       2    -1.499645E+00    -1.582434E+01 
 9.644689E-01       5       3     1.509396E+01     4.054064E+01 
 9.644689E-01       5       4    -5.382535E+02    -4.011799E+02 
 9.644689E-01       5       5     1.051204E+07     1.177562E+06 
 9.644689E-01       5       6     1.551421E+03     2.662523E+03 
 9.644689E-01       6       1     4.971784E+01    -1.122794E+02 
 9.644689E-01       6       2     1.951710E+02     8.929399E+01 
 9.644689E-01       6       3    -5.784363E+01    -8.830057E+01 
 9.644689E-01       6       4     1.554773E+03     2.002075E+03 
 9.644689E-01       6       5     2.584170E+03     2.756861E+03 
 9.644689E-01       6       6     2.297847E+07     1.056590E+07 
 1.003346E+00       1       1     1.186248E+04     4.960034E+03 
 1.003346E+00       1       2     2.457175E+00    -7.078006E-01 
 1.003346E+00       1       3    -6.339909E-01    -5.160684E+00 
 1.003346E+00       1       4     5.069043E+00    -8.122831E+00 
 1.003346E+00       1       5    -1.028440E+05    -3.410207E+04 
 1.003346E+00       1       6     4.447385E+01    -1.132900E+02 
 1.003346E+00       2       1     2.032277E+00    -2.455354E+00 
 1.003346E+00       2       2     1.186019E+04     4.945186E+03 
 1.003346E+00       2       3    -3.965292E+00    -1.758035E+00 
 1.003346E+00       2       4     1.029391E+05     3.395894E+04 
 1.003346E+00       2       5    -9.517957E+01     5.312289E+01 
 1.003346E+00       2       6     2.972482E+02     1.720577E+02 
 1.003346E+00       3       1    -1.727771E+00    -1.820487E+00 
 1.003346E+00       3       2    -4.882289E+00    -2.678399E+00 
 1.003346E+00       3       3     2.345890E+04     2.827157E+03 
 1.003346E+00       3       4     1.437032E+01    -1.000308E+01 
 1.003346E+00       3       5     3.162430E+00     3.430045E+01 
 1.003346E+00       3       6    -1.229954E+02     9.179055E+01 
 1.003346E+00       4       1     1.281090E+02    -1.182375E+01 
 1.003346E+00       4       2     1.040120E+05     3.422176E+04 
 1.003346E+00       4       3     2.677427E+01     1.709961E+01 
 1.003346E+00       4       4     1.046565E+07     1.034951E+06 
 1.003346E+00       4       5    -2.507721E+03    -6.448969E+02 
 1.003346E+00       4       6     1.008733E+03     1.730868E+03 
 1.003346E+00       5       1    -1.038578E+05    -3.432968E+04 
 1.003346E+00       5       2    -2.280731E+00    -1.203021E+01 
 1.003346E+00       5       3    -1.029286E+01     6.031874E+01 
 1.003346E+00       5       4    -6.942893E+02    -4.570333E+02 
 1.003346E+00       5       5     1.046363E+07     1.036478E+06 
 1.003346E+00       5       6     1.516476E+03     2.786293E+03 
 1.003346E+00       6       1     1.692769E+01    -1.510206E+02 
 1.003346E+00       6       2     2.037095E+02     7.789653E+01 
 1.003346E+00       6       3    -1.445783E+01    -9.512906E+01 
 1.003346E+00       6       4     8.220552E+02     1.966978E+03 
 1.003346E+00       6       5     2.212677E+03     2.828956E+03 
 1.003346E+00       6       6     2.301762E+07     9.511752E+06 
 1.042223E+00       1       1     1.181809E+04     5.361170E+03 
 1.042223E+00       1       2     2.114000E+00    -9.875035E-01 
 1.042223E+00       1       3     1.534577E+00    -4.090383E+00 
 1.042223E+00       1       4     2.011580E+01    -1.686492E+01 
 1.042223E+00       1       5    -9.267794E+04    -3.429447E+04 
 1.042223E+00       1       6     1.951556E+01    -1.867152E+02 
 1.042223E+00       2       1     4.523928E+00    -3.617002E+00 
 1.042223E+00       2       2     1.182067E+04     5.340839E+03 
 1.042223E+00       2       3    -3.563105E+00    -1.440626E+00 
 1.042223E+00       2       4     9.279862E+04     3.418928E+04 
 1.042223E+00       2       5    -1.020070E+02     2.850190E+01 
 1.042223E+00       2       6     3.126319E+02     2.179550E+02 
 1.042223E+00       3       1    -2.539831E-01    -1.291550E+00 
 1.042223E+00       3       2    -4.815732E+00    -3.047948E+00 
 1.042223E+00       3       3     2.273189E+04     2.553151E+03 
 1.042223E+00       3       4     9.734381E+00    -1.266215E+01 
 1.042223E+00       3       5    -7.746354E+00     3.215115E+01 
 1.042223E+00       3       6    -1.442760E+02     4.083995E+01 
 1.042223E+00       4       1     1.460028E+02     1.016555E+01 
 1.042223E+00       4       2     9.411044E+04     3.448253E+04 
 1.042223E+00       4       3     1.677780E+01     2.395062E+00 
 1.042223E+00       4       4     1.043346E+07     8.792718E+05 
 1.042223E+00       4       5    -2.157412E+03    -7.279876E+02 
 1.042223E+00       4       6     1.426008E+02     8.264264E+02 
 1.042223E+00       5       1    -9.392007E+04    -3.454984E+04 
 1.042223E+00       5       2    -4.430139E+00    -9.603125E+00 
 1.042223E+00       5       3    -3.038506E+01     5.092243E+01 
 1.042223E+00       5       4    -7.261571E+02    -5.721175E+02 
 1.042223E+00       5       5     1.043136E+07     8.803276E+05 
 1.042223E+00       5       6     1.377018E+03     3.097362E+03 
 1.042223E+00       6       1    -8.749563E+00    -2.409923E+02 
 1.042223E+00       6       2     2.194315E+02     8.462224E+01 
 1.042223E+00       6       3     3.161968E+00    -7.623188E+01 
 1.042223E+00       6       4    -1.337750E+02     1.412778E+03 
 1.042223E+00       6       5     1.796542E+03     2.972100E+03 
 1.042223E+00       6       6     2.370993E+07     9.441914E+06 
 1.081101E+00       1       1     1.137460E+04     6.296831E+03 
 1.081101E+00       1       2     2.612011E+00    -1.759251E+00 
 1.081101E+00       1       3     2.560908E+00    -2.990687E+00 
 1.081101E+00       1       4     3.936909E+01    -1.372548E+01 
 1.081101E+00       1       5    -8.303533E+04    -2.872217E+04 
 1.081101E+00       1       6     5.609288E+01    -3.165192E+02 
 1.081101E+00       2       1     8.394341E+00    -1.533344E+00 
 1.081101E+00       2       2     1.138792E+04     6.275275E+03 
 1.081101E+00       2       3    -3.730551E+00    -1.554553E+00 
 1.081101E+00       2       4     8.315486E+04     2.867520E+04 
 1.081101E+00       2       5    -8.884443E+01    -3.749203E+00 
 1.081101E+00       2       6     2.582128E+02     3.057094E+02 
 1.081101E+00       3       1     3.301600E-01    -6.704432E-01 
 1.081101E+00       3       2    -4.370061E+00    -3.809377E+00 
 1.081101E+00       3       3     2.243012E+04     2.084663E+03 
 1.081101E+00       3       4     1.149328E+01    -1.564415E+01 
 1.081101E+00       3       5    -1.276547E+01     2.725118E+01 
 1.081101E+00       3       6    -1.417919E+02    -9.912905E+00 
 1.081101E+00       4       1     1.442561E+02     5.001639E+01 
 1.081101E+00       4       2     8.460694E+04     2.925323E+04 
 1.081101E+00       4       3     2.001407E+01    -9.567576E+00 
 1.081101E+00       4       4     1.043951E+07     7.237053E+05 
 1.081101E+00       4       5    -1.774361E+03    -5.994838E+02 
 1.081101E+00       4       6    -1.719447E+02    -7.953906E+02 
 1.081101E+00       5       1    -8.441343E+04    -2.924770E+04 
 1.081101E+00       5       2    -6.945071E+00    -1.260415E+01 
 1.081101E+00       5       3    -3.732065E+01     3.889060E+01 
 1.081101E+00       5       4    -6.197500E+02    -6.590731E+02 
 1.081101E+00       5       5     1.043776E+07     7.244050E+05 
 1.081101E+00       5       6     8.778251E+02     3.429117E+03 
 1.081101E+00       6       1     4.962029E+01    -3.943883E+02 
 1.081101E+00       6       2     2.128410E+02     1.223551E+02 
 1.081101E+00       6       3     5.793674E+00    -6.380379E+01 
 1.081101E+00       6       4    -7.171434E+02     8.657871E+01 
 1.081101E+00       6       5     1.117738E+03     2.908480E+03 
 1.081101E+00       6       6     2.397427E+07     1.069278E+07 
 1.119978E+00       1       1     9.785901E+03     7.053142E+03 
 1.119978E+00       1       2     4.041874E+00    -8.750750E-01 
 1.119978E+00       1       3     3.151856E+00    -1.600349E+00 
 1.119978E+00       1       4     4.646694E+01     1.046547E+00 
 1.119978E+00       1       5    -7.898806E+04    -1.786690E+04 
 1.119978E+00       1       6     2.414222E+02    -4.041387E+02 
 1.119978E+00       2       1     7.793525E+00     4.539812E+00 
 1.119978E+00       2       2     9.808224E+03     7.042391E+03 
 1.119978E+00       2       3    -3.505237E+00    -2.122537E+00 
 1.119978E+00       2       4     7.905906E+04     1.786050E+04 
 1.119978E+00       2       5    -5.465333E+01    -1.162302E+01 
 1.119978E+00       2       6     9.603079E+01     2.869541E+02 
 1.119978E+00       3       1     8.099068E-01    -2.732010E-02 
 1.119978E+00       3       2    -3.271257E+00    -4.188013E+00 
 1.119978E+00       3       3     2.234978E+04     1.678199E+03 
 1.119978E+00       3       4     1.234819E+01    -1.350146E+01 
 1.119978E+00       3       5    -1.486064E+01     2.421211E+01 
 1.119978E+00       3       6    -1.146651E+02    -5.377288E+01 
 1.119978E+00       4       1     1.072086E+02     7.506073E+01 
 1.119978E+00       4       2     8.028409E+04     1.881319E+04 
 1.119978E+00       4       3     2.556842E+01    -1.305503E+01 
 1.119978E+00       4       4     1.048013E+07     5.968818E+05 
 1.119978E+00       4       5    -1.657611E+03    -2.335872E+02 
 1.119978E+00       4       6     8.150264E+02    -2.305094E+03 
 1.119978E+00       5       1    -8.015455E+04    -1.875048E+04 
 1.119978E+00       5       2    -3.213773E+00    -1.737162E+01 
 1.119978E+00       5       3    -3.636374E+01     3.066492E+01 
 1.119978E+00       5       4    -4.905175E+02    -5.872032E+02 
 1.119978E+00       5       5     1.047872E+07     5.976651E+05 
 1.119978E+00       5       6     4.097573E+02     3.307742E+03 
 1.119978E+00       6       1     2.799348E+02    -4.747939E+02 
 1.119978E+00       6       2     1.507088E+02     1.201403E+02 
 1.119978E+00       6       3     9.786995E+00    -5.975705E+01 
 1.119978E+00       6       4    -1.099179E+02    -1.349527E+03 
 1.119978E+00       6       5     7.953543E+02     2.348473E+03 
 1.119978E+00       6       6     2.267286E+07     1.233720E+07 
 1.158855E+00       1       1     7.878750E+03     6.320614E+03 
 1.158855E+00       1       2     2.783236E+00     7.815977E-01 
 1.158855E+00       1       3     2.880048E+00    -2.035994E-01 
 1.158855E+00       1       4     4.128724E+01     6.280645E+00 
 1.158855E+00       1       5    -8.303043E+04    -8.941861E+03 
 1.158855E+00       1       6     4.211169E+02    -2.940120E+02 
 1.158855E+00       2       1     1.851580E+00     5.362416E+00 
 1.158855E+00       2       2     7.894970E+03     6.321259E+03 
 1.158855E+00       2       3    -2.699910E+00    -2.306865E+00 
 1.158855E+00       2       4     8.305011E+04     8.919522E+03 
 1.158855E+00       2       5    -3.823915E+01     1.062956E+01 
 1.158855E+00       2       6     6.436789E+01     1.292940E+02 
 1.158855E+00       3       1     4.929773E-01     8.155361E-01 
 1.158855E+00       3       2    -2.161773E+00    -3.614601E+00 
 1.158855E+00       3       3     2.236314E+04     1.357125E+03 
 1.158855E+00       3       4     1.136891E+01    -1.344615E+01 
 1.158855E+00       3       5    -1.648820E+01     2.154292E+01 
 1.158855E+00       3       6    -7.142543E+01    -7.581186E+01 
 1.158855E+00       4       1     7.540516E+01     5.988473E+01 
 1.158855E+00       4       2     8.379012E+04     9.902094E+03 
 1.158855E+00       4       3     3.058830E+01    -1.352513E+01 
 1.158855E+00       4       4     1.052599E+07     5.056384E+05 
 1.158855E+00       4       5    -1.789763E+03     4.403659E+00 
 1.158855E+00       4       6     2.577063E+03    -2.377204E+03 
 1.158855E+00       5       1    -8.374012E+04    -9.861035E+03 
 1.158855E+00       5       2     3.456338E+00    -7.410313E+00 
 1.158855E+00       5       3    -3.673853E+01     2.540367E+01 
 1.158855E+00       5       4    -4.585650E+02    -4.240032E+02 
 1.158855E+00       5       5     1.052470E+07     5.066420E+05 
 1.158855E+00       5       6     1.767266E+02     3.179546E+03 
 1.158855E+00       6       1     4.768209E+02    -3.176358E+02 
 1.158855E+00       6       2     1.536239E+02     5.399846E+01 
 1.158855E+00       6       3     1.671477E+01    -5.719324E+01 
 1.158855E+00       6       4     1.170890E+03    -1.618901E+03 
 1.158855E+00       6       5     9.430446E+02     2.155633E+03 
 1.158855E+00       6       6     2.016504E+07     1.279617E+07 
 1.197732E+00       1       1     7.098969E+03     4.788860E+03 
 1.197732E+00       1       2     9.475127E-01    -2.352753E-01 
 1.197732E+00       1       3     2.311649E+00     6.469046E-01 
 1.197732E+00       1       4     4.303993E+01     5.891982E+00 
 1.197732E+00       1       5    -8.922079E+04    -6.236437E+03 
 1.197732E+00       1       6     4.485010E+02    -1.319580E+02 
 1.197732E+00       2       1    -2.753346E-01     1.692096E+00 
 1.197732E+00       2       2     7.106528E+03     4.788650E+03 
 1.197732E+00       2       3    -2.213132E+00    -1.936211E+00 
 1.197732E+00       2       4     8.922803E+04     6.177053E+03 
 1.197732E+00       2       5    -4.835411E+01     2.411263E+01 
 1.197732E+00       2       6     1.520723E+02     8.269782E+01 
 1.197732E+00       3       1     3.277407E-01     1.246941E+00 
 1.197732E+00       3       2    -1.926414E+00    -2.720392E+00 
 1.197732E+00       3       3     2.242077E+04     1.096289E+03 
 1.197732E+00       3       4     9.050145E+00    -1.520886E+01 
 1.197732E+00       3       5    -2.024375E+01     1.692067E+01 
 1.197732E+00       3       6    -3.530037E+01    -6.837649E+01 
 1.197732E+00       4       1     7.395102E+01     4.249990E+01 
 1.197732E+00       4       2     8.966258E+04     6.853503E+03 
 1.197732E+00       4       3     3.116757E+01    -1.341624E+01 
 1.197732E+00       4       4     1.056957E+07     4.333267E+05 
 1.197732E+00       4       5    -2.007930E+03     8.108138E+00 
 1.197732E+00       4       6     3.083723E+03    -1.362554E+03 
 1.197732E+00       5       1    -8.963562E+04    -6.872434E+03 
 1.197732E+00       5       2    -1.633294E-01     7.884660E-01 
 1.197732E+00       5       3    -3.785696E+01     1.961237E+01 
 1.197732E+00       5       4    -4.844219E+02    -3.310668E+02 
 1.197732E+00       5       5     1.056826E+07     4.346337E+05 
 1.197732E+00       5       6    -1.966997E+02     3.113534E+03 
 1.197732E+00       6       1     4.784808E+02    -1.225547E+02 
 1.197732E+00       6       2     2.063985E+02     6.187755E+01 
 1.197732E+00       6       3     2.332974E+01    -4.650525E+01 
 1.197732E+00       6       4     1.647293E+03    -1.046961E+03 
 1.197732E+00       6       5     9.919960E+02     2.178945E+03 
 1.197732E+00       6       6     1.786178E+07     1.171334E+07 
 1.236609E+00       1       1     7.189403E+03     3.599151E+03 
 1.236609E+00       1       2     9.102298E-01    -1.812348E+00 
 1.236609E+00       1       3     1.548680E+00     1.217560E+00 
 1.236609E+00       1       4     4.267640E+01     9.487565E+00 
 1.236609E+00       1       5    -9.310186E+04    -7.498931E+03 
 1.236609E+00       1       6     3.890121E+02    -2.388656E+01 
 1.236609E+00       2       1     5.441947E-01    -7.005591E-01 
 1.236609E+00       2       2     7.195515E+03     3.594303E+03 
 1.236609E+00       2       3    -2.109652E+00    -1.548641E+00 
 1.236609E+00       2       4     9.312933E+04     7.412997E+03 
 1.236609E+00       2       5    -5.867268E+01     2.329526E+01 
 1.236609E+00       2       6     1.852824E+02     1.143246E+02 
 1.236609E+00       3       1    -1.698858E-01     1.627456E+00 
 1.236609E+00       3       2    -2.093166E+00    -2.290199E+00 
 1.236609E+00       3       3     2.247867E+04     8.857146E+02 
 1.236609E+00       3       4     8.919907E+00    -1.918926E+01 
 1.236609E+00       3       5    -2.077429E+01     1.100637E+01 
 1.236609E+00       3       6    -1.049022E+01    -4.814058E+01 
 1.236609E+00       4       1     7.856081E+01     3.982665E+01 
 1.236609E+00       4       2     9.351190E+04     7.754478E+03 
 1.236609E+00       4       3     3.168348E+01    -1.524953E+01 
 1.236609E+00       4       4     1.059992E+07     3.802844E+05 
 1.236609E+00       4       5    -2.069059E+03    -1.173037E+02 
 1.236609E+00       4       6     2.673009E+03    -7.003350E+02 
 1.236609E+00       5       1    -9.346522E+04    -7.815823E+03 
 1.236609E+00       5       2    -5.737407E+00     3.645517E+00 
 1.236609E+00       5       3    -3.637002E+01     1.272086E+01 
 1.236609E+00       5       4    -4.975399E+02    -2.453527E+02 
 1.236609E+00       5       5     1.059828E+07     3.818106E+05 
 1.236609E+00       5       6    -4.243535E+02     2.744987E+03 
 1.236609E+00       6       1     3.901806E+02    -2.072723E+01 
 1.236609E+00       6       2     2.046256E+02     1.143433E+02 
 1.236609E+00       6       3     2.826108E+01    -3.251709E+01 
 1.236609E+00       6       4     1.400507E+03    -5.506142E+02 
 1.236609E+00       6       5     8.657586E+02     2.079246E+03 
 1.236609E+00       6       6     1.663049E+07     9.797529E+06 
 1.275487E+00       1       1     7.463011E+03     2.825359E+03 
 1.275487E+00       1       2     1.800065E+00    -3.014005E+00 
 1.275487E+00       1       3     3.769552E-01     1.151886E+00 
 1.275487E+00       1       4     4.025280E+01     9.087503E+00 
 1.275487E+00       1       5    -9.381009E+04    -9.081831E+03 
 1.275487E+00       1       6     2.972798E+02     4.312858E+00 
 1.275487E+00       2       1     2.054644E+00    -1.694811E+00 
 1.275487E+00       2       2     7.471027E+03     2.819811E+03 
 1.275487E+00       2       3    -2.173246E+00    -1.263111E+00 
 1.275487E+00       2       4     9.387095E+04     9.003718E+03 
 1.275487E+00       2       5    -6.966561E+01     1.522297E+01 
 1.275487E+00       2       6     1.791656E+02     1.287456E+02 
 1.275487E+00       3       1    -9.524833E-01     1.643888E+00 
 1.275487E+00       3       2    -2.000062E+00    -2.202761E+00 
 1.275487E+00       3       3     2.255419E+04     6.942057E+02 
 1.275487E+00       3       4     1.464048E+01    -2.326460E+01 
 1.275487E+00       3       5    -1.370556E+01     7.744490E+00 
 1.275487E+00       3       6    -7.241972E+00    -1.757006E+01 
 1.275487E+00       4       1     7.704249E+01     4.241735E+01 
 1.275487E+00       4       2     9.437304E+04     9.099672E+03 
 1.275487E+00       4       3     3.536821E+01    -1.745125E+01 
 1.275487E+00       4       4     1.062213E+07     3.277332E+05 
 1.275487E+00       4       5    -2.096859E+03    -2.224538E+02 
 1.275487E+00       4       6     2.163942E+03    -6.714901E+02 
 1.275487E+00       5       1    -9.428523E+04    -9.167154E+03 
 1.275487E+00       5       2    -1.513021E+01     4.526231E+00 
 1.275487E+00       5       3    -2.695783E+01     9.861819E+00 
 1.275487E+00       5       4    -6.004284E+02    -1.666618E+02 
 1.275487E+00       5       5     1.061996E+07     3.291107E+05 
 1.275487E+00       5       6    -2.791423E+02     2.541221E+03 
 1.275487E+00       6       1     2.947856E+02    -1.346607E+01 
 1.275487E+00       6       2     1.638543E+02     1.431265E+02 
 1.275487E+00       6       3     2.366773E+01    -1.739572E+01 
 1.275487E+00       6       4     9.097057E+02    -5.139275E+02 
 1.275487E+00       6       5     1.025754E+03     2.088659E+03 
 1.275487E+00       6       6     1.665250E+07     7.929972E+06 
 1.314364E+00       1       1     7.875319E+03     2.140707E+03 
 1.314364E+00       1       2     3.068726E+00    -3.382683E+00 
 1.314364E+00       1       3     5.178601E-01     3.908051E-01 
 1.314364E+00       1       4     4.181391E+01     6.129186E+00 
 1.314364E+00       1       5    -9.375377E+04    -8.975833E+03 
 1.314364E+00       1       6     2.498299E+02    -2.518271E+01 
 1.314364E+00       2       1     3.186647E+00    -1.407237E+00 
 1.314364E+00       2       2     7.882146E+03     2.136392E+03 
 1.314364E+00       2       3    -2.449791E+00    -1.295667E+00 
 1.314364E+00       2       4     9.381539E+04     8.918242E+03 
 1.314364E+00       2       5    -6.893471E+01     4.329684E+00 
 1.314364E+00       2       6     1.738356E+02     1.398455E+02 
 1.314364E+00       3       1    -9.274276E-01     9.579872E-01 
 1.314364E+00       3       2    -2.153729E+00    -1.892480E+00 
 1.314364E+00       3       3     2.266423E+04     5.474276E+02 
 1.314364E+00       3       4     1.724633E+01    -2.338790E+01 
 1.314364E+00       3       5    -1.546212E+01     1.263430E+01 
 1.314364E+00       3       6    -2.301473E+01    -1.824488E+01 
 1.314364E+00       4       1     7.184245E+01     4.181401E+01 
 1.314364E+00       4       2     9.450504E+04     8.902977E+03 
 1.314364E+00       4       3     3.719949E+01    -1.814714E+01 
 1.314364E+00       4       4     1.064780E+07     2.709202E+05 
 1.314364E+00       4       5    -2.015805E+03    -2.942744E+02 
 1.314364E+00       4       6     1.524789E+03    -1.284168E+03 
 1.314364E+00       5       1    -9.440314E+04    -8.959471E+03 
 1.314364E+00       5       2    -2.005136E+01     1.685128E+00 
 1.314364E+00       5       3    -2.861824E+01     1.569744E+01 
 1.314364E+00       5       4    -6.596517E+02    -1.457843E+02 
 1.314364E+00       5       5     1.064548E+07     2.719662E+05 
 1.314364E+00       5       6    -1.719625E+02     2.452049E+03 
 1.314364E+00       6       1     2.614416E+02    -5.068914E+01 
 1.314364E+00       6       2     1.065243E+02     1.443748E+02 
 1.314364E+00       6       3     1.590921E+01    -1.853236E+01 
 1.314364E+00       6       4     1.320277E+02    -1.193374E+03 
 1.314364E+00       6       5     9.948170E+02     2.179423E+03 
 1.314364E+00       6       6     1.753087E+07     6.977508E+06 
 1.353241E+00       1       1     8.723453E+03     1.711264E+03 
 1.353241E+00       1       2     3.560065E+00    -3.681799E+00 
 1.353241E+00       1       3     9.000945E-01     7.192727E-01 
 1.353241E+00       1       4     4.434985E+01     1.068477E+00 
 1.353241E+00       1       5    -9.506808E+04    -8.551786E+03 
 1.353241E+00       1       6     2.088810E+02    -5.281490E+01 
 1.353241E+00       2       1     2.990146E+00    -1.363599E+00 
 1.353241E+00       2       2     8.727261E+03     1.704769E+03 
 1.353241E+00       2       3    -2.326369E+00    -1.378964E+00 
 1.353241E+00       2       4     9.512048E+04     8.489168E+03 
 1.353241E+00       2       5    -6.392143E+01     2.117384E+00 
 1.353241E+00       2       6     1.604683E+02     1.883279E+02 
 1.353241E+00       3       1    -3.783997E-01     1.073019E+00 
 1.353241E+00       3       2    -2.350172E+00    -1.585434E+00 
 1.353241E+00       3       3     2.276159E+04     4.311697E+02 
 1.353241E+00       3       4     2.217102E+01    -2.332110E+01 
 1.353241E+00       3       5    -1.880251E+01     1.055489E+01 
 1.353241E+00       3       6    -1.755959E+01    -1.890034E+01 
 1.353241E+00       4       1     6.736286E+01     3.253099E+01 
 1.353241E+00       4       2     9.597835E+04     8.487710E+03 
 1.353241E+00       4       3     4.265491E+01    -1.960609E+01 
 1.353241E+00       4       4     1.068342E+07     2.191205E+05 
 1.353241E+00       4       5    -1.915519E+03    -2.622147E+02 
 1.353241E+00       4       6     1.536421E+03    -2.270873E+03 
 1.353241E+00       5       1    -9.587506E+04    -8.546686E+03 
 1.353241E+00       5       2    -2.492667E+01     2.468840E+00 
 1.353241E+00       5       3    -3.207876E+01     1.303030E+01 
 1.353241E+00       5       4    -7.519673E+02    -1.070937E+02 
 1.353241E+00       5       5     1.068109E+07     2.199431E+05 
 1.353241E+00       5       6     2.535423E+02     2.479222E+03 
 1.353241E+00       6       1     2.335772E+02    -7.267681E+01 
 1.353241E+00       6       2     5.892844E+01     1.284912E+02 
 1.353241E+00       6       3     1.778186E+01    -1.188699E+01 
 1.353241E+00       6       4     1.990123E+02    -2.404445E+03 
 1.353241E+00       6       5     1.194269E+03     2.258106E+03 
 1.353241E+00       6       6     1.815669E+07     7.212030E+06 
 1.392118E+00       1       1     9.741177E+03     2.230503E+03 
 1.392118E+00       1       2     6.743655E+00    -5.561399E+00 
 1.392118E+00       1       3     5.168819E-01     1.477386E+00 
 1.392118E+00       1       4     6.275333E+01    -2.032191E+00 
 1.392118E+00       1       5    -9.686921E+04    -1.057658E+04 
 1.392118E+00       1       6     1.948315E+02    -1.417254E+02 
 1.392118E+00       2       1     5.128963E+00    -3.058375E+00 
 1.392118E+00       2       2     9.746145E+03     2.217725E+03 
 1.392118E+00       2       3    -2.464757E+00    -1.378173E+00 
 1.392118E+00       2       4     9.694267E+04     1.049315E+04 
 1.392118E+00       2       5    -7.843290E+01     1.793893E+00 
 1.392118E+00       2       6     1.004744E+01     2.181591E+02 
 1.392118E+00       3       1    -2.968767E-01     1.973442E+00 
 1.392118E+00       3       2    -3.178426E+00    -1.582390E+00 
 1.392118E+00       3       3     2.285601E+04     3.308017E+02 
 1.392118E+00       3       4     2.336906E+01    -2.115327E+01 
 1.392118E+00       3       5    -1.924171E+01     5.420740E+00 
 1.392118E+00       3       6    -1.897631E+01    -1.779729E+01 
 1.392118E+00       4       1     8.708710E+01     2.540248E+01 
 1.392118E+00       4       2     9.788922E+04     1.060028E+04 
 1.392118E+00       4       3     4.579022E+01    -1.771169E+01 
 1.392118E+00       4       4     1.072215E+07     1.816070E+05 
 1.392118E+00       4       5    -1.976376E+03    -2.421871E+02 
 1.392118E+00       4       6     2.136995E+03    -2.952546E+03 
 1.392118E+00       5       1    -9.775989E+04    -1.067295E+04 
 1.392118E+00       5       2    -4.089225E+01     2.376378E+00 
 1.392118E+00       5       3    -3.083433E+01     8.148227E+00 
 1.392118E+00       5       4    -8.064172E+02    -1.025506E+02 
 1.392118E+00       5       5     1.071975E+07     1.822864E+05 
 1.392118E+00       5       6     3.723537E+02     3.198119E+03 
 1.392118E+00       6       1     2.332797E+02    -1.478652E+02 
 1.392118E+00       6       2    -4.638308E+01     8.140276E+01 
 1.392118E+00       6       3     1.634519E+01    -1.473758E+00 
 1.392118E+00       6       4     9.356159E+02    -3.365506E+03 
 1.392118E+00       6       5     1.248202E+03     2.919345E+03 
 1.392118E+00       6       6     1.777727E+07     7.760466E+06 
 1.430995E+00       1       1     9.610230E+03     3.538490E+03 
 1.430995E+00       1       2     1.114175E+01     1.618880E+00 
 1.430995E+00       1       3    -5.879393E-01     1.505086E+00 
 1.430995E+00       1       4     7.537068E+01     3.137099E+01 
 1.430995E+00       1       5    -9.485266E+04    -1.411312E+04 
 1.430995E+00       1       6     2.849918E+02    -2.325925E+02 
 1.430995E+00       2       1     7.137921E+00     2.446566E+00 
 1.430995E+00       2       2     9.620992E+03     3.523978E+03 
 1.430995E+00       2       3    -2.543718E+00    -1.839439E+00 
 1.430995E+00       2       4     9.496836E+04     1.405414E+04 
 1.430995E+00       2       5    -8.310189E+01    -3.212186E+01 
 1.430995E+00       2       6    -7.781053E+01    -9.553020E+00 
 1.430995E+00       3       1    -1.443892E+00     2.574234E+00 
 1.430995E+00       3       2    -3.439704E+00    -2.801273E+00 
 1.430995E+00       3       3     2.294067E+04     2.502659E+02 
 1.430995E+00       3       4     2.616236E+01    -2.202326E+01 
 1.430995E+00       3       5    -1.566655E+01     1.586283E+00 
 1.430995E+00       3       6    -1.643359E+01    -1.672453E+01 
 1.430995E+00       4       1     9.303903E+01     5.738272E+01 
 1.430995E+00       4       2     9.586482E+04     1.427733E+04 
 1.430995E+00       4       3     4.745303E+01    -1.645038E+01 
 1.430995E+00       4       4     1.074901E+07     1.547735E+05 
 1.430995E+00       4       5    -1.980444E+03    -3.653768E+02 
 1.430995E+00       4       6     3.157178E+03    -3.494374E+03 
 1.430995E+00       5       1    -9.569262E+04    -1.431901E+04 
 1.430995E+00       5       2    -5.007990E+01    -3.521355E+01 
 1.430995E+00       5       3    -2.787182E+01     5.897873E+00 
 1.430995E+00       5       4    -8.783654E+02    -2.292602E+02 
 1.430995E+00       5       5     1.074653E+07     1.551047E+05 
 1.430995E+00       5       6    -3.549643E+02     4.028872E+03 
 1.430995E+00       6       1     3.239278E+02    -2.055168E+02 
 1.430995E+00       6       2    -4.377285E+01    -1.365360E+02 
 1.430995E+00       6       3     1.119977E+01     6.913143E+00 
 1.430995E+00       6       4     2.239678E+03    -3.822995E+03 
 1.430995E+00       6       5     5.819142E+02     3.613943E+03 
 1.430995E+00       6       6     1.672549E+07     7.751030E+06 
 1.469873E+00       1       1     8.337948E+03     3.810643E+03 
 1.469873E+00       1       2     2.973090E+00     4.125611E+00 
 1.469873E+00       1       3    -9.568081E-01     5.834207E-01 
 1.469873E+00       1       4     4.579334E+01     4.060378E+01 
 1.469873E+00       1       5    -9.049166E+04    -1.334270E+04 
 1.469873E+00       1       6     4.726936E+02    -1.868447E+02 
 1.469873E+00       2       1     8.709631E-01     7.148724E-01 
 1.469873E+00       2       2     8.354412E+03     3.795517E+03 
 1.469873E+00       2       3    -1.957848E+00    -1.961730E+00 
 1.469873E+00       2       4     9.061431E+04     1.332877E+04 
 1.469873E+00       2       5    -5.402059E+01    -3.457547E+01 
 1.469873E+00       2       6     1.162710E+02    -1.121522E+02 
 1.469873E+00       3       1    -2.349608E+00     1.810551E+00 
 1.469873E+00       3       2    -2.225776E+00    -3.473736E+00 
 1.469873E+00       3       3     2.303202E+04     1.863720E+02 
 1.469873E+00       3       4     3.070022E+01    -1.924586E+01 
 1.469873E+00       3       5    -1.337543E+01     1.788436E+00 
 1.469873E+00       3       6    -1.961199E+01    -1.430373E+01 
 1.469873E+00       4       1     6.603572E+01     5.700609E+01 
 1.469873E+00       4       2     9.139531E+04     1.354327E+04 
 1.469873E+00       4       3     5.086782E+01    -1.362354E+01 
 1.469873E+00       4       4     1.077265E+07     1.197008E+05 
 1.469873E+00       4       5    -1.847941E+03    -3.605832E+02 
 1.469873E+00       4       6     4.302188E+03    -2.960941E+03 
 1.469873E+00       5       1    -9.122093E+04    -1.353992E+04 
 1.469873E+00       5       2    -1.445918E+01    -4.086982E+01 
 1.469873E+00       5       3    -2.676917E+01     5.901705E+00 
 1.469873E+00       5       4    -7.769418E+02    -2.319493E+02 
 1.469873E+00       5       5     1.077037E+07     1.197484E+05 
 1.469873E+00       5       6    -1.725975E+03     3.832369E+03 
 1.469873E+00       6       1     4.735758E+02    -1.425742E+02 
 1.469873E+00       6       2     1.738675E+02    -1.795383E+02 
 1.469873E+00       6       3    -3.873794E+00     1.126421E+01 
 1.469873E+00       6       4     3.371625E+03    -3.103596E+03 
 1.469873E+00       6       5    -6.824118E+02     3.371693E+03 
 1.469873E+00       6       6     1.563633E+07     6.903019E+06 
 1.508750E+00       1       1     7.727086E+03     3.095162E+03 
 1.508750E+00       1       2     2.602650E+00    -2.644967E-01 
 1.508750E+00       1       3    -6.059013E-01     3.678456E-04 
 1.508750E+00       1       4     4.208273E+01     3.079392E+01 
 1.508750E+00       1       5    -8.927802E+04    -1.043340E+04 
 1.508750E+00       1       6     4.620936E+02     1.769172E+01 
 1.508750E+00       2       1     4.350559E+00    -2.694522E+00 
 1.508750E+00       2       2     7.749532E+03     3.085294E+03 
 1.508750E+00       2       3    -1.885602E+00    -1.754280E+00 
 1.508750E+00       2       4     8.938136E+04     1.044988E+04 
 1.508750E+00       2       5    -5.654461E+01    -3.422009E+01 
 1.508750E+00       2       6     2.101669E+02    -2.697401E+01 
 1.508750E+00       3       1    -2.198157E+00     8.711802E-01 
 1.508750E+00       3       2    -1.439361E+00    -2.939406E+00 
 1.508750E+00       3       3     2.313008E+04     1.363542E+02 
 1.508750E+00       3       4     3.120387E+01    -1.439950E+01 
 1.508750E+00       3       5    -1.316186E+01     2.170237E+00 
 1.508750E+00       3       6    -2.426990E+01    -1.306176E+01 
 1.508750E+00       4       1     6.852274E+01     5.183982E+01 
 1.508750E+00       4       2     9.013363E+04     1.056519E+04 
 1.508750E+00       4       3     4.984734E+01    -1.045698E+01 
 1.508750E+00       4       4     1.081059E+07     8.774387E+04 
 1.508750E+00       4       5    -1.849556E+03    -3.684664E+02 
 1.508750E+00       4       6     4.270877E+03    -2.024349E+03 
 1.508750E+00       5       1    -8.997859E+04    -1.053453E+04 
 1.508750E+00       5       2    -1.320422E+01    -2.995250E+01 
 1.508750E+00       5       3    -2.615833E+01     5.110265E+00 
 1.508750E+00       5       4    -8.199155E+02    -2.242419E+02 
 1.508750E+00       5       5     1.080853E+07     8.770811E+04 
 1.508750E+00       5       6    -1.942953E+03     2.664787E+03 
 1.508750E+00       6       1     4.369758E+02     4.045213E+01 
 1.508750E+00       6       2     2.531252E+02    -6.051869E+01 
 1.508750E+00       6       3    -1.571723E+01     5.455240E+00 
 1.508750E+00       6       4     3.382087E+03    -2.200170E+03 
 1.508750E+00       6       5    -8.188682E+02     2.302434E+03 
 1.508750E+00       6       6     1.530037E+07     5.369088E+06 
 1.547627E+00       1       1     7.721619E+03     2.537834E+03 
 1.547627E+00       1       2     4.376645E+00    -8.943678E-01 
 1.547627E+00       1       3     6.061588E-02    -2.787161E-01 
 1.547627E+00       1       4     4.158305E+01     3.057794E+01 
 1.547627E+00       1       5    -8.953096E+04    -8.668427E+03 
 1.547627E+00       1       6     3.311110E+02     2.077553E+01 
 1.547627E+00       2       1     7.026697E+00    -8.132873E-01 
 1.547627E+00       2       2     7.745174E+03     2.533916E+03 
 1.547627E+00       2       3    -1.711485E+00    -1.885296E+00 
 1.547627E+00       2       4     8.961128E+04     8.698612E+03 
 1.547627E+00       2       5    -4.969716E+01    -4.359263E+01 
 1.547627E+00       2       6     1.996354E+02     6.149819E+01 
 1.547627E+00       3       1    -1.678852E+00     4.873745E-01 
 1.547627E+00       3       2    -1.279784E+00    -2.476026E+00 
 1.547627E+00       3       3     2.319203E+04     1.085596E+02 
 1.547627E+00       3       4     2.921745E+01    -1.366969E+01 
 1.547627E+00       3       5    -1.182172E+01     3.718993E+00 
 1.547627E+00       3       6    -2.283021E+01    -2.694583E+01 
 1.547627E+00       4       1     6.511457E+01     5.696663E+01 
 1.547627E+00       4       2     9.039045E+04     8.752793E+03 
 1.547627E+00       4       3     4.906796E+01    -1.100732E+01 
 1.547627E+00       4       4     1.084184E+07     6.743415E+04 
 1.547627E+00       4       5    -1.769196E+03    -3.910828E+02 
 1.547627E+00       4       6     3.695784E+03    -1.773426E+03 
 1.547627E+00       5       1    -9.026075E+04    -8.710148E+03 
 1.547627E+00       5       2    -1.464067E+01    -2.906061E+01 
 1.547627E+00       5       3    -2.521193E+01     7.230114E+00 
 1.547627E+00       5       4    -8.229513E+02    -2.415472E+02 
 1.547627E+00       5       5     1.083999E+07     6.739660E+04 
 1.547627E+00       5       6    -1.379720E+03     2.389381E+03 
 1.547627E+00       6       1     3.105934E+02     2.569790E+01 
 1.547627E+00       6       2     2.198717E+02     4.105455E+01 
 1.547627E+00       6       3    -1.414364E+01    -9.123336E+00 
 1.547627E+00       6       4     2.833626E+03    -1.944604E+03 
 1.547627E+00       6       5    -3.546119E+02     2.120001E+03 
 1.547627E+00       6       6     1.604842E+07     4.276134E+06 
 1.586504E+00       1       1     7.877144E+03     2.266199E+03 
 1.586504E+00       1       2     5.828569E+00    -2.270760E-01 
 1.586504E+00       1       3     5.402298E-01     3.300582E-01 
 1.586504E+00       1       4     4.485960E+01     3.205397E+01 
 1.586504E+00       1       5    -8.993194E+04    -7.636282E+03 
 1.586504E+00       1       6     3.369851E+02    -4.962167E+01 
 1.586504E+00       2       1     7.876930E+00     1.814488E+00 
 1.586504E+00       2       2     7.900719E+03     2.267486E+03 
 1.586504E+00       2       3    -1.298473E+00    -1.780011E+00 
 1.586504E+00       2       4     9.000187E+04     7.674761E+03 
 1.586504E+00       2       5    -4.030684E+01    -4.934297E+01 
 1.586504E+00       2       6     1.188676E+02     1.066062E+02 
 1.586504E+00       3       1    -1.270287E+00     8.271289E-01 
 1.586504E+00       3       2    -1.080470E+00    -2.293348E+00 
 1.586504E+00       3       3     2.325028E+04     7.864719E+01 
 1.586504E+00       3       4     3.201048E+01    -1.460613E+01 
 1.586504E+00       3       5    -1.596732E+01     2.289668E+00 
 1.586504E+00       3       6    -4.000776E+00    -2.361139E+01 
 1.586504E+00       4       1     6.044153E+01     6.087491E+01 
 1.586504E+00       4       2     9.083574E+04     7.710129E+03 
 1.586504E+00       4       3     5.144613E+01    -1.228770E+01 
 1.586504E+00       4       4     1.087139E+07     5.262342E+04 
 1.586504E+00       4       5    -1.710423E+03    -3.825903E+02 
 1.586504E+00       4       6     3.498144E+03    -2.219457E+03 
 1.586504E+00       5       1    -9.071602E+04    -7.658521E+03 
 1.586504E+00       5       2    -1.231889E+01    -3.026726E+01 
 1.586504E+00       5       3    -2.977316E+01     5.038147E+00 
 1.586504E+00       5       4    -7.835668E+02    -2.276358E+02 
 1.586504E+00       5       5     1.086957E+07     5.257310E+04 
 1.586504E+00       5       6    -1.379898E+03     2.606485E+03 
 1.586504E+00       6       1     3.241139E+02    -4.596306E+01 
 1.586504E+00       6       2     1.258078E+02     7.259828E+01 
 1.586504E+00       6       3    -2.583431E+00    -3.058731E+00 
 1.586504E+00       6       4     2.590332E+03    -2.364269E+03 
 1.586504E+00       6       5    -2.652892E+02     2.390916E+03 
 1.586504E+00       6       6     1.678110E+07     4.153569E+06 
 1.625381E+00       1       1     7.942442E+03     2.268086E+03 
 1.625381E+00       1       2     6.867675E+00     2.686197E+00 
 1.625381E+00       1       3     4.963311E-01     8.775892E-01 
 1.625381E+00       1       4     4.417741E+01     4.475186E+01 
 1.625381E+00       1       5    -9.013721E+04    -7.146274E+03 
 1.625381E+00       1       6     4.192181E+02    -5.599302E+01 
 1.625381E+00       2       1     7.129828E+00     6.302935E+00 
 1.625381E+00       2       2     7.963991E+03     2.276934E+03 
 1.625381E+00       2       3    -1.233468E+00    -1.515749E+00 
 1.625381E+00       2       4     9.019048E+04     7.199766E+03 
 1.625381E+00       2       5    -2.660692E+01    -5.832239E+01 
 1.625381E+00       2       6    -1.674091E+00     4.219538E+01 
 1.625381E+00       3       1    -1.095661E+00     1.115826E+00 
 1.625381E+00       3       2    -9.767028E-01    -1.897096E+00 
 1.625381E+00       3       3     2.332107E+04     5.087494E+01 
 1.625381E+00       3       4     3.315279E+01    -1.112906E+01 
 1.625381E+00       3       5    -1.517108E+01    -6.928252E-01 
 1.625381E+00       3       6    -8.570245E+00    -1.124786E+01 
 1.625381E+00       4       1     5.184045E+01     7.099790E+01 
 1.625381E+00       4       2     9.105322E+04     7.253114E+03 
 1.625381E+00       4       3     5.317833E+01    -9.857677E+00 
 1.625381E+00       4       4     1.090014E+07     4.127581E+04 
 1.625381E+00       4       5    -1.636068E+03    -3.587166E+02 
 1.625381E+00       4       6     3.663279E+03    -2.680509E+03 
 1.625381E+00       5       1    -9.095711E+04    -7.187507E+03 
 1.625381E+00       5       2    -7.478700E+00    -3.793259E+01 
 1.625381E+00       5       3    -2.843545E+01     6.966925E-01 
 1.625381E+00       5       4    -7.611377E+02    -2.279259E+02 
 1.625381E+00       5       5     1.089842E+07     4.120355E+04 
 1.625381E+00       5       6    -1.687453E+03     2.741032E+03 
 1.625381E+00       6       1     4.002089E+02    -4.936680E+01 
 1.625381E+00       6       2     2.699264E+01    -3.777069E+00 
 1.625381E+00       6       3    -5.616916E+00     6.256168E+00 
 1.625381E+00       6       4     2.860589E+03    -2.856044E+03 
 1.625381E+00       6       5    -5.896320E+02     2.608081E+03 
 1.625381E+00       6       6     1.698732E+07     4.361246E+06 
 1.664259E+00       1       1     7.628381E+03     2.288798E+03 
 1.664259E+00       1       2     1.043437E+00     6.477086E+00 
 1.664259E+00       1       3     1.895064E-01     1.558151E+00 
 1.664259E+00       1       4     1.809130E+01     5.568148E+01 
 1.664259E+00       1       5    -8.955752E+04    -6.600978E+03 
 1.664259E+00       1       6     5.086521E+02     1.034541E+01 
 1.664259E+00       2       1    -2.211151E+00     9.343223E+00 
 1.664259E+00       2       2     7.638450E+03     2.302646E+03 
 1.664259E+00       2       3    -1.089488E+00    -1.257213E+00 
 1.664259E+00       2       4     8.956874E+04     6.661194E+03 
 1.664259E+00       2       5     7.537231E+00    -5.117437E+01 
 1.664259E+00       2       6     1.853428E+01    -1.564564E+02 
 1.664259E+00       3       1    -1.333561E+00     1.633008E+00 
 1.664259E+00       3       2    -9.113006E-01    -1.479262E+00 
 1.664259E+00       3       3     2.336983E+04     3.391025E+01 
 1.664259E+00       3       4     3.309755E+01    -7.616225E+00 
 1.664259E+00       3       5    -1.268643E+01    -2.959992E+00 
 1.664259E+00       3       6    -1.208515E+01    -1.146040E+01 
 1.664259E+00       4       1     1.665784E+01     7.178162E+01 
 1.664259E+00       4       2     9.041117E+04     6.738746E+03 
 1.664259E+00       4       3     5.364275E+01    -6.927712E+00 
 1.664259E+00       4       4     1.092254E+07     3.223761E+04 
 1.664259E+00       4       5    -1.549346E+03    -2.936370E+02 
 1.664259E+00       4       6     4.316357E+03    -3.044086E+03 
 1.664259E+00       5       1    -9.036194E+04    -6.676405E+03 
 1.664259E+00       5       2     1.294603E+01    -3.471492E+01 
 1.664259E+00       5       3    -2.581534E+01    -2.247204E+00 
 1.664259E+00       5       4    -7.288997E+02    -2.069341E+02 
 1.664259E+00       5       5     1.092099E+07     3.216345E+04 
 1.664259E+00       5       6    -2.297278E+03     2.572008E+03 
 1.664259E+00       6       1     4.776459E+02     1.023422E+01 
 1.664259E+00       6       2     7.306889E+01    -1.730650E+02 
 1.664259E+00       6       3    -1.271524E+01     9.010399E+00 
 1.664259E+00       6       4     3.578519E+03    -3.163269E+03 
 1.664259E+00       6       5    -1.195967E+03     2.518020E+03 
 1.664259E+00       6       6     1.672622E+07     4.520820E+06 
 1.703136E+00       1       1     7.263816E+03     1.669841E+03 
 1.703136E+00       1       2    -2.145629E+00    -3.664418E+00 
 1.703136E+00       1       3    -8.980646E-01     1.623257E+00 
 1.703136E+00       1       4     4.780822E+00     1.967862E+01 
 1.703136E+00       1       5    -8.932497E+04    -4.662415E+03 
 1.703136E+00       1       6     5.174520E+02     2.883744E+02 
 1.703136E+00       2       1    -4.893492E+00    -4.933178E+00 
 1.703136E+00       2       2     7.265613E+03     1.673064E+03 
 1.703136E+00       2       3    -1.344656E+00    -8.345671E-01 
 1.703136E+00       2       4     8.930778E+04     4.679137E+03 
 1.703136E+00       2       5     3.042583E+00    -3.493415E+00 
 1.703136E+00       2       6     2.455758E+02    -1.659589E+02 
 1.703136E+00       3       1    -2.276631E+00     1.802744E+00 
 1.703136E+00       3       2    -1.360081E+00    -1.026961E+00 
 1.703136E+00       3       3     2.342593E+04     2.244287E+01 
 1.703136E+00       3       4     3.092632E+01    -5.336676E+00 
 1.703136E+00       3       5    -9.331820E+00    -3.696302E+00 
 1.703136E+00       3       6    -1.041301E+01    -1.738342E+01 
 1.703136E+00       4       1     1.194294E+01     2.207966E+01 
 1.703136E+00       4       2     9.011745E+04     4.730488E+03 
 1.703136E+00       4       3     5.247271E+01    -4.622624E+00 
 1.703136E+00       4       4     1.094443E+07     2.216136E+04 
 1.703136E+00       4       5    -1.564570E+03    -1.472160E+02 
 1.703136E+00       4       6     5.241754E+03    -2.547762E+03 
 1.703136E+00       5       1    -9.008578E+04    -4.721454E+03 
 1.703136E+00       5       2     4.207834E+00    -6.402781E-01 
 1.703136E+00       5       3    -2.256370E+01    -2.815346E+00 
 1.703136E+00       5       4    -7.930251E+02    -1.080472E+02 
 1.703136E+00       5       5     1.094292E+07     2.224164E+04 
 1.703136E+00       5       6    -2.433980E+03     1.410872E+03 
 1.703136E+00       6       1     4.880351E+02     2.631724E+02 
 1.703136E+00       6       2     2.714571E+02    -1.369268E+02 
 1.703136E+00       6       3    -2.300664E+01     5.803367E+00 
 1.703136E+00       6       4     4.387290E+03    -2.565693E+03 
 1.703136E+00       6       5    -1.526019E+03     1.465422E+03 
 1.703136E+00       6       6     1.610122E+07     4.186878E+06 
 1.742013E+00       1       1     7.626079E+03     1.106176E+03 
 1.742013E+00       1       2     5.532378E+00    -3.945474E+00 
 1.742013E+00       1       3    -1.356101E+00     6.834414E-01 
 1.742013E+00       1       4     2.523096E+01     1.195539E+01 
 1.742013E+00       1       5    -9.063171E+04    -3.459105E+03 
 1.742013E+00       1       6     1.548339E+02     2.994296E+02 
 1.742013E+00       2       1     4.840089E+00    -4.860544E+00 
 1.742013E+00       2       2     7.634071E+03     1.103143E+03 
 1.742013E+00       2       3    -1.701966E+00    -1.043253E+00 
 1.742013E+00       2       4     9.063369E+04     3.445561E+03 
 1.742013E+00       2       5    -2.679434E+01    -1.223271E+01 
 1.742013E+00       2       6     2.460452E+02    -7.352405E+00 
 1.742013E+00       3       1    -2.557409E+00     9.176637E-01 
 1.742013E+00       3       2    -1.755972E+00    -1.249287E+00 
 1.742013E+00       3       3     2.347705E+04     1.421213E+01 
 1.742013E+00       3       4     2.898517E+01    -5.104352E+00 
 1.742013E+00       3       5    -8.298480E+00    -1.647890E+00 
 1.742013E+00       3       6    -5.051419E+00    -1.669540E+01 
 1.742013E+00       4       1     4.118243E+01     1.976177E+01 
 1.742013E+00       4       2     9.146251E+04     3.444960E+03 
 1.742013E+00       4       3     5.037970E+01    -4.552272E+00 
 1.742013E+00       4       4     1.096901E+07     1.641045E+04 
 1.742013E+00       4       5    -1.669941E+03    -1.741898E+02 
 1.742013E+00       4       6     4.942931E+03    -1.702089E+03 
 1.742013E+00       5       1    -9.140039E+04    -3.463414E+03 
 1.742013E+00       5       2    -1.697979E+01    -1.235364E+01 
 1.742013E+00       5       3    -1.953852E+01    -7.322486E-01 
 1.742013E+00       5       4    -8.171209E+02    -1.296572E+02 
 1.742013E+00       5       5     1.096744E+07     1.656376E+04 
 1.742013E+00       5       6    -1.285118E+03     1.132907E+03 
 1.742013E+00       6       1     1.550574E+02     2.621244E+02 
 1.742013E+00       6       2     2.315981E+02     9.894235E+00 
 1.742013E+00       6       3    -1.925063E+01    -7.494866E-01 
 1.742013E+00       6       4     3.993062E+03    -1.822921E+03 
 1.742013E+00       6       5    -5.498309E+02     1.162979E+03 
 1.742013E+00       6       6     1.601251E+07     3.217024E+06 
 1.780890E+00       1       1     7.993100E+03     9.597278E+02 
 1.780890E+00       1       2     7.409798E+00    -8.193015E-01 
 1.780890E+00       1       3    -9.147078E-01     1.533223E-01 
 1.780890E+00       1       4     3.388832E+01     1.813114E+01 
 1.780890E+00       1       5    -9.157077E+04    -3.166492E+03 
 1.780890E+00       1       6     1.061212E+02     8.137523E+01 
 1.780890E+00       2       1     6.998772E+00    -1.060351E+00 
 1.780890E+00       2       2     8.003819E+03     9.586017E+02 
 1.780890E+00       2       3    -1.714504E+00    -1.344869E+00 
 1.780890E+00       2       4     9.159396E+04     3.151823E+03 
 1.780890E+00       2       5    -2.763683E+01    -2.306162E+01 
 1.780890E+00       2       6     1.872158E+02     1.273399E+01 
 1.780890E+00       3       1    -2.206083E+00     4.676376E-01 
 1.780890E+00       3       2    -1.779329E+00    -1.479170E+00 
 1.780890E+00       3       3     2.350978E+04     9.632043E+00 
 1.780890E+00       3       4     2.792116E+01    -6.123983E+00 
 1.780890E+00       3       5    -7.315193E+00     3.739888E-01 
 1.780890E+00       3       6    -1.503495E+00    -1.262860E+01 
 1.780890E+00       4       1     4.727901E+01     2.950286E+01 
 1.780890E+00       4       2     9.245719E+04     3.133539E+03 
 1.780890E+00       4       3     4.977037E+01    -5.623025E+00 
 1.780890E+00       4       4     1.098621E+07     1.374137E+04 
 1.780890E+00       4       5    -1.655313E+03    -1.964532E+02 
 1.780890E+00       4       6     4.607027E+03    -1.772710E+03 
 1.780890E+00       5       1    -9.237434E+04    -3.150907E+03 
 1.780890E+00       5       2    -1.576500E+01    -2.164710E+01 
 1.780890E+00       5       3    -1.928995E+01     1.517108E+00 
 1.780890E+00       5       4    -8.061302E+02    -1.440048E+02 
 1.780890E+00       5       5     1.098461E+07     1.389112E+04 
 1.780890E+00       5       6    -1.033073E+03     1.796848E+03 
 1.780890E+00       6       1     1.298446E+02     6.205011E+01 
 1.780890E+00       6       2     1.576293E+02     8.964850E+00 
 1.780890E+00       6       3    -1.284260E+01    -3.308858E-01 
 1.780890E+00       6       4     3.661278E+03    -1.876163E+03 
 1.780890E+00       6       5    -2.544948E+02     1.668610E+03 
 1.780890E+00       6       6     1.655780E+07     2.673872E+06 
 1.819768E+00       1       1     8.306248E+03     9.086651E+02 
 1.819768E+00       1       2     7.126679E+00     1.839077E+00 
 1.819768E+00       1       3    -4.077200E-01     1.475297E-01 
 1.819768E+00       1       4     3.387042E+01     2.457993E+01 
 1.819768E+00       1       5    -9.233633E+04    -2.891243E+03 
 1.819768E+00       1       6     1.656387E+02    -1.205778E+01 
 1.819768E+00       2       1     5.851236E+00     1.908506E+00 
 1.819768E+00       2       2     8.317481E+03     9.063060E+02 
 1.819768E+00       2       3    -1.263707E+00    -1.498278E+00 
 1.819768E+00       2       4     9.237746E+04     2.874135E+03 
 1.819768E+00       2       5    -2.718435E+01    -3.010344E+01 
 1.819768E+00       2       6     1.367371E+02     2.829661E+01 
 1.819768E+00       3       1    -1.717421E+00     3.965705E-01 
 1.819768E+00       3       2    -1.604010E+00    -1.672078E+00 
 1.819768E+00       3       3     2.355557E+04     6.285453E+00 
 1.819768E+00       3       4     2.862031E+01    -6.085741E+00 
 1.819768E+00       3       5    -9.737053E+00     1.118786E-01 
 1.819768E+00       3       6    -3.124202E+00    -2.312257E+00 
 1.819768E+00       4       1     4.255329E+01     3.517518E+01 
 1.819768E+00       4       2     9.326730E+04     2.860879E+03 
 1.819768E+00       4       3     5.167977E+01    -5.628181E+00 
 1.819768E+00       4       4     1.100557E+07     1.109294E+04 
 1.819768E+00       4       5    -1.632019E+03    -1.887714E+02 
 1.819768E+00       4       6     4.485725E+03    -1.891630E+03 
 1.819768E+00       5       1    -9.316698E+04    -2.877772E+03 
 1.819768E+00       5       2    -1.859531E+01    -2.867851E+01 
 1.819768E+00       5       3    -2.152420E+01     9.031399E-01 
 1.819768E+00       5       4    -8.174895E+02    -1.414570E+02 
 1.819768E+00       5       5     1.100389E+07     1.123189E+04 
 1.819768E+00       5       6    -1.211985E+03     2.270049E+03 
 1.819768E+00       6       1     1.934500E+02     8.422494E-01 
 1.819768E+00       6       2     1.079069E+02    -9.502960E+00 
 1.819768E+00       6       3    -1.294474E+01     9.860306E+00 
 1.819768E+00       6       4     3.625754E+03    -2.126487E+03 
 1.819768E+00       6       5    -4.647000E+02     2.061676E+03 
 1.819768E+00       6       6     1.701585E+07     2.623511E+06 
 1.858645E+00       1       1     8.641361E+03     1.103226E+03 
 1.858645E+00       1       2     7.401572E+00     3.399885E+00 
 1.858645E+00       1       3    -2.314977E-01     5.212817E-01 
 1.858645E+00       1       4     3.772345E+01     2.592781E+01 
 1.858645E+00       1       5    -9.329611E+04    -3.181881E+03 
 1.858645E+00       1       6     2.186465E+02    -6.438852E+01 
 1.858645E+00       2       1     5.855624E+00     1.815244E+00 
 1.858645E+00       2       2     8.656328E+03     1.102290E+03 
 1.858645E+00       2       3    -1.093663E+00    -1.306269E+00 
 1.858645E+00       2       4     9.335784E+04     3.188031E+03 
 1.858645E+00       2       5    -2.382680E+01    -4.199682E+01 
 1.858645E+00       2       6     3.025322E+01    -3.913290E+01 
 1.858645E+00       3       1    -1.473938E+00     7.081741E-01 
 1.858645E+00       3       2    -1.368884E+00    -1.691719E+00 
 1.858645E+00       3       3     2.357681E+04     3.759999E+00 
 1.858645E+00       3       4     2.966594E+01    -5.169099E+00 
 1.858645E+00       3       5    -9.877283E+00    -1.525295E+00 
 1.858645E+00       3       6    -1.277550E+01     8.882967E-01 
 1.858645E+00       4       1     4.414534E+01     2.852581E+01 
 1.858645E+00       4       2     9.425862E+04     3.183449E+03 
 1.858645E+00       4       3     5.201126E+01    -4.128692E+00 
 1.858645E+00       4       4     1.101964E+07     1.042489E+04 
 1.858645E+00       4       5    -1.629595E+03    -1.885374E+02 
 1.858645E+00       4       6     4.510678E+03    -2.150734E+03 
 1.858645E+00       5       1    -9.413600E+04    -3.175108E+03 
 1.858645E+00       5       2    -1.559667E+01    -4.683117E+01 
 1.858645E+00       5       3    -2.072128E+01    -7.888520E-01 
 1.858645E+00       5       4    -8.596518E+02    -1.743283E+02 
 1.858645E+00       5       5     1.101786E+07     1.043292E+04 
 1.858645E+00       5       6    -1.763864E+03     2.504869E+03 
 1.858645E+00       6       1     2.172808E+02    -3.011052E+01 
 1.858645E+00       6       2     4.288014E+01    -9.587493E+01 
 1.858645E+00       6       3    -2.578581E+01     1.468986E+01 
 1.858645E+00       6       4     3.761940E+03    -2.433929E+03 
 1.858645E+00       6       5    -8.659467E+02     2.253169E+03 
 1.858645E+00       6       6     1.715983E+07     2.795410E+06 
 1.897522E+00       1       1     8.536649E+03     1.570942E+03 
 1.897522E+00       1       2     2.418793E+00     9.011265E+00 
 1.897522E+00       1       3    -3.831744E-01     9.051639E-01 
 1.897522E+00       1       4     3.058882E+01     4.266534E+01 
 1.897522E+00       1       5    -9.317407E+04    -4.192781E+03 
 1.897522E+00       1       6     3.677862E+02    -1.226787E+02 
 1.897522E+00       2       1     2.999321E+00     6.616242E+00 
 1.897522E+00       2       2     8.552582E+03     1.574403E+03 
 1.897522E+00       2       3    -9.703967E-01    -1.041871E+00 
 1.897522E+00       2       4     9.322595E+04     4.232050E+03 
 1.897522E+00       2       5     2.504450E+00    -5.370214E+01 
 1.897522E+00       2       6     1.287478E+02    -2.724995E+02 
 1.897522E+00       3       1    -1.627584E+00     1.070761E+00 
 1.897522E+00       3       2    -9.677667E-01    -1.530166E+00 
 1.897522E+00       3       3     2.362094E+04     2.064136E+00 
 1.897522E+00       3       4     2.950516E+01    -4.277440E+00 
 1.897522E+00       3       5    -8.705770E+00    -2.783184E+00 
 1.897522E+00       3       6    -2.097059E+01    -7.362746E+00 
 1.897522E+00       4       1     4.624413E+01     4.186399E+01 
 1.897522E+00       4       2     9.412822E+04     4.231686E+03 
 1.897522E+00       4       3     5.152349E+01    -3.013400E+00 
 1.897522E+00       4       4     1.103602E+07     1.204681E+04 
 1.897522E+00       4       5    -1.623862E+03    -2.160920E+02 
 1.897522E+00       4       6     5.054851E+03    -2.496046E+03 
 1.897522E+00       5       1    -9.401588E+04    -4.190707E+03 
 1.897522E+00       5       2     2.084010E+01    -5.653822E+01 
 1.897522E+00       5       3    -1.994272E+01    -2.354186E+00 
 1.897522E+00       5       4    -7.892358E+02    -2.066598E+02 
 1.897522E+00       5       5     1.103436E+07     1.189606E+04 
 1.897522E+00       5       6    -2.469046E+03     2.293360E+03 
 1.897522E+00       6       1     3.416625E+02    -9.891162E+01 
 1.897522E+00       6       2     1.781508E+02    -2.930674E+02 
 1.897522E+00       6       3    -3.382097E+01     8.736800E+00 
 1.897522E+00       6       4     4.450102E+03    -2.720726E+03 
 1.897522E+00       6       5    -1.513096E+03     2.113276E+03 
 1.897522E+00       6       6     1.690751E+07     2.827789E+06 
 1.936399E+00       1       1     8.017407E+03     1.474327E+03 
 1.936399E+00       1       2    -2.738722E+00    -3.046360E-01 
 1.936399E+00       1       3    -7.985565E-01     9.299795E-01 
 1.936399E+00       1       4     1.336905E+01     3.019314E+01 
 1.936399E+00       1       5    -9.207102E+04    -3.809831E+03 
 1.936399E+00       1       6     4.874425E+02     9.573368E+01 
 1.936399E+00       2       1    -9.235365E-01    -6.078001E-01 
 1.936399E+00       2       2     8.030563E+03     1.479266E+03 
 1.936399E+00       2       3    -1.149450E+00    -6.876558E-01 
 1.936399E+00       2       4     9.208846E+04     3.858146E+03 
 1.936399E+00       2       5     1.257555E+01    -1.589215E+01 
 1.936399E+00       2       6     3.569412E+02    -7.460078E+01 
 1.936399E+00       3       1    -2.142716E+00     1.047749E+00 
 1.936399E+00       3       2    -1.032746E+00    -8.819267E-01 
 1.936399E+00       3       3     2.363488E+04     1.144921E+00 
 1.936399E+00       3       4     2.898739E+01    -2.553828E+00 
 1.936399E+00       3       5    -6.515186E+00    -2.719637E+00 
 1.936399E+00       3       6    -1.220081E+01    -1.939747E+01 
 1.936399E+00       4       1     3.101328E+01     3.579224E+01 
 1.936399E+00       4       2     9.298590E+04     3.852077E+03 
 1.936399E+00       4       3     5.093219E+01    -1.992857E+00 
 1.936399E+00       4       4     1.104268E+07     1.040391E+04 
 1.936399E+00       4       5    -1.577944E+03    -1.454689E+02 
 1.936399E+00       4       6     5.618398E+03    -1.619736E+03 
 1.936399E+00       5       1    -9.290773E+04    -3.803703E+03 
 1.936399E+00       5       2     2.679750E+01    -1.134748E+01 
 1.936399E+00       5       3    -1.786239E+01    -2.422824E+00 
 1.936399E+00       5       4    -7.590477E+02    -1.204735E+02 
 1.936399E+00       5       5     1.104120E+07     1.022767E+04 
 1.936399E+00       5       6    -2.618212E+03     1.260175E+03 
 1.936399E+00       6       1     4.471609E+02     1.007385E+02 
 1.936399E+00       6       2     3.905314E+02    -5.605784E+01 
 1.936399E+00       6       3    -3.364023E+01    -5.508345E+00 
 1.936399E+00       6       4     4.926403E+03    -1.679376E+03 
 1.936399E+00       6       5    -1.670930E+03     1.128603E+03 
 1.936399E+00       6       6     1.667757E+07     2.389463E+06 
 1.975276E+00       1       1     7.982645E+03     1.081156E+03 
 1.975276E+00       1       2     3.714406E+00    -1.604509E+00 
 1.975276E+00       1       3    -9.975986E-01     6.008484E-01 
 1.975276E+00       1       4     1.997471E+01     2.438806E+01 
 1.975276E+00       1       5    -9.216526E+04    -2.780166E+03 
 1.975276E+00       1       6     3.326975E+02     1.943557E+02 
 1.975276E+00       2       1     4.223139E+00    -6.945570E-01 
 1.975276E+00       2       2     7.994823E+03     1.087630E+03 
 1.975276E+00       2       3    -1.468211E+00    -8.930811E-01 
 1.975276E+00       2       4     9.216504E+04     2.813254E+03 
 1.975276E+00       2       5    -7.743188E+00    -1.542998E+01 
 1.975276E+00       2       6     1.830477E+02     1.333870E+01 
 1.975276E+00       3       1    -2.246963E+00     6.822168E-01 
 1.975276E+00       3       2    -1.514665E+00    -9.014414E-01 
 1.975276E+00       3       3     2.367358E+04     5.608960E-01 
 1.975276E+00       3       4     2.731880E+01    -2.617913E+00 
 1.975276E+00       3       5    -6.172826E+00    -1.702798E+00 
 1.975276E+00       3       6     1.817795E+00    -1.422183E+01 
 1.975276E+00       4       1     3.272651E+01     3.112301E+01 
 1.975276E+00       4       2     9.308010E+04     2.802260E+03 
 1.975276E+00       4       3     4.948037E+01    -2.482127E+00 
 1.975276E+00       4       4     1.105545E+07     7.403852E+03 
 1.975276E+00       4       5    -1.608445E+03    -1.274015E+02 
 1.975276E+00       4       6     4.935330E+03    -1.423357E+03 
 1.975276E+00       5       1    -9.301842E+04    -2.768964E+03 
 1.975276E+00       5       2     1.760206E+00    -1.176046E+01 
 1.975276E+00       5       3    -1.715109E+01    -1.524343E+00 
 1.975276E+00       5       4    -8.206338E+02    -1.075735E+02 
 1.975276E+00       5       5     1.105406E+07     7.317576E+03 
 1.975276E+00       5       6    -1.799048E+03     1.016480E+03 
 1.975276E+00       6       1     2.955683E+02     1.738275E+02 
 1.975276E+00       6       2     1.922081E+02     4.148121E+01 
 1.975276E+00       6       3    -2.083513E+01    -6.894097E+00 
 1.975276E+00       6       4     4.165300E+03    -1.436649E+03 
 1.975276E+00       6       5    -8.845954E+02     9.313849E+02 
 1.975276E+00       6       6     1.692189E+07     1.878609E+06 
 2.014154E+00       1       1     8.117456E+03     9.151912E+02 
 2.014154E+00       1       2     4.989137E+00     1.002568E+00 
 2.014154E+00       1       3    -8.121146E-01     3.213050E-01 
 2.014154E+00       1       4     2.063435E+01     2.538320E+01 
 2.014154E+00       1       5    -9.262257E+04    -2.317086E+03 
 2.014154E+00       1       6     2.836576E+02     1.693559E+02 
 2.014154E+00       2       1     4.564620E+00     1.699821E+00 
 2.014154E+00       2       2     8.128066E+03     9.224565E+02 
 2.014154E+00       2       3    -1.278715E+00    -1.013084E+00 
 2.014154E+00       2       4     9.262304E+04     2.337206E+03 
 2.014154E+00       2       5    -8.319866E+00    -2.294060E+01 
 2.014154E+00       2       6     1.243474E+02    -7.322191E+01 
 2.014154E+00       3       1    -2.115174E+00     3.824382E-01 
 2.014154E+00       3       2    -1.480382E+00    -1.054416E+00 
 2.014154E+00       3       3     2.368925E+04     1.943013E-01 
 2.014154E+00       3       4     2.724379E+01    -2.794121E+00 
 2.014154E+00       3       5    -5.634668E+00    -7.400062E-01 
 2.014154E+00       3       6     1.785991E+00    -7.972813E-01 
 2.014154E+00       4       1     3.175304E+01     2.937215E+01 
 2.014154E+00       4       2     9.353260E+04     2.326684E+03 
 2.014154E+00       4       3     5.073160E+01    -2.587408E+00 
 2.014154E+00       4       4     1.106492E+07     5.944714E+03 
 2.014154E+00       4       5    -1.610728E+03    -1.199155E+02 
 2.014154E+00       4       6     4.771920E+03    -1.834284E+03 
 2.014154E+00       5       1    -9.347322E+04    -2.307997E+03 
 2.014154E+00       5       2    -4.740978E-01    -2.093522E+01 
 2.014154E+00       5       3    -1.706344E+01    -6.197980E-01 
 2.014154E+00       5       4    -8.146408E+02    -1.088032E+02 
 2.014154E+00       5       5     1.106353E+07     5.934733E+03 
 2.014154E+00       5       6    -1.772480E+03     1.319827E+03 
 2.014154E+00       6       1     2.662673E+02     1.362843E+02 
 2.014154E+00       6       2     1.099699E+02    -4.715216E+01 
 2.014154E+00       6       3    -1.753024E+01     3.235446E+00 
 2.014154E+00       6       4     3.952831E+03    -1.883175E+03 
 2.014154E+00       6       5    -8.653740E+02     1.300560E+03 
 2.014154E+00       6       6     1.733338E+07     1.776351E+06 
 2.053031E+00       1       1     8.202791E+03     8.568703E+02 
 2.053031E+00       1       2     3.988908E+00     2.744375E+00 
 2.053031E+00       1       3    -5.374897E-01     3.699360E-01 
 2.053031E+00       1       4     1.898807E+01     2.576772E+01 
 2.053031E+00       1       5    -9.295309E+04    -2.100387E+03 
 2.053031E+00       1       6     2.299822E+02     1.908584E+02 
 2.053031E+00       2       1     3.021820E+00     3.022005E+00 
 2.053031E+00       2       2     8.210952E+03     8.657557E+02 
 2.053031E+00       2       3    -1.135424E+00    -9.637507E-01 
 2.053031E+00       2       4     9.295472E+04     2.117436E+03 
 2.053031E+00       2       5    -1.341457E+00    -2.520904E+01 
 2.053031E+00       2       6     1.478921E+02    -1.802773E+02 
 2.053031E+00       3       1    -1.738939E+00     3.857550E-01 
 2.053031E+00       3       2    -1.420130E+00    -1.025876E+00 
 2.053031E+00       3       3     2.372484E+04     4.009188E-04 
 2.053031E+00       3       4     2.695367E+01    -2.598352E+00 
 2.053031E+00       3       5    -7.005211E+00    -6.557428E-01 
 2.053031E+00       3       6    -9.995093E+00     2.662876E+00 
 2.053031E+00       4       1     3.008505E+01     2.669607E+01 
 2.053031E+00       4       2     9.388181E+04     2.106066E+03 
 2.053031E+00       4       3     4.986086E+01    -2.343997E+00 
 2.053031E+00       4       4     1.107644E+07     5.139547E+03 
 2.053031E+00       4       5    -1.607185E+03    -1.110932E+02 
 2.053031E+00       4       6     5.174531E+03    -2.121229E+03 
 2.053031E+00       5       1    -9.381719E+04    -2.092018E+03 
 2.053031E+00       5       2     6.246848E+00    -2.438426E+01 
 2.053031E+00       5       3    -1.754051E+01    -6.855540E-01 
 2.053031E+00       5       4    -8.317973E+02    -1.089299E+02 
 2.053031E+00       5       5     1.107502E+07     5.147748E+03 
 2.053031E+00       5       6    -1.816761E+03     1.261673E+03 
 2.053031E+00       6       1     2.350672E+02     1.654286E+02 
 2.053031E+00       6       2     1.162107E+02    -1.746135E+02 
 2.053031E+00       6       3    -2.741713E+01     7.482999E+00 
 2.053031E+00       6       4     4.337780E+03    -2.267364E+03 
 2.053031E+00       6       5    -1.033790E+03     1.222564E+03 
 2.053031E+00       6       6     1.748083E+07     1.898791E+06 
 2.091908E+00       1       1     8.206266E+03     8.167253E+02 
 2.091908E+00       1       2     1.544298E+00     2.630410E+00 
 2.091908E+00       1       3    -4.978648E-01     7.178819E-01 
 2.091908E+00       1       4     1.326295E+01     2.471751E+01 
 2.091908E+00       1       5    -9.310828E+04    -1.919611E+03 
 2.091908E+00       1       6     1.690726E+02     1.162181E+02 
 2.091908E+00       2       1     4.785952E-02     2.021659E+00 
 2.091908E+00       2       2     8.207925E+03     8.224913E+02 
 2.091908E+00       2       3    -1.150817E+00    -6.871361E-01 
 2.091908E+00       2       4     9.310529E+04     1.934355E+03 
 2.091908E+00       2       5     4.322042E+00    -1.587065E+01 
 2.091908E+00       2       6     3.372364E+02    -2.053477E+02 
 2.091908E+00       3       1    -1.701833E+00     7.265456E-01 
 2.091908E+00       3       2    -1.470560E+00    -8.631755E-01 
 2.091908E+00       3       3     2.373033E+04    -5.886478E-02 
 2.091908E+00       3       4     2.668642E+01    -2.284631E+00 
 2.091908E+00       3       5    -6.163866E+00    -1.303012E+00 
 2.091908E+00       3       6    -1.578630E+01    -6.217214E+00 
 2.091908E+00       4       1     2.648564E+01     2.363215E+01 
 2.091908E+00       4       2     9.402847E+04     1.923431E+03 
 2.091908E+00       4       3     5.026510E+01    -1.815807E+00 
 2.091908E+00       4       4     1.108313E+07     4.487710E+03 
 2.091908E+00       4       5    -1.600781E+03    -9.115181E+01 
 2.091908E+00       4       6     5.763995E+03    -1.830369E+03 
 2.091908E+00       5       1    -9.396813E+04    -1.912224E+03 
 2.091908E+00       5       2     1.025474E+01    -1.574865E+01 
 2.091908E+00       5       3    -1.720279E+01    -1.380695E+00 
 2.091908E+00       5       4    -8.096328E+02    -9.219853E+01 
 2.091908E+00       5       5     1.108172E+07     4.484197E+03 
 2.091908E+00       5       6    -1.814757E+03     1.177948E+03 
 2.091908E+00       6       1     1.783524E+02     1.083972E+02 
 2.091908E+00       6       2     3.189589E+02    -2.273795E+02 
 2.091908E+00       6       3    -3.275348E+01     6.184947E-01 
 2.091908E+00       6       4     5.006525E+03    -2.025769E+03 
 2.091908E+00       6       5    -1.052823E+03     1.067707E+03 
 2.091908E+00       6       6     1.738369E+07     1.934913E+06 
 2.130785E+00       1       1     8.216435E+03     6.246589E+02 
 2.130785E+00       1       2     3.703278E+00    -3.791641E-01 
 2.130785E+00       1       3    -1.004384E+00     6.918391E-01 
 2.130785E+00       1       4     1.684801E+01     1.558112E+01 
 2.130785E+00       1       5    -9.331332E+04    -1.466966E+03 
 2.130785E+00       1       6     1.887270E+02     1.388504E+02 
 2.130785E+00       2       1     3.337522E+00    -2.194496E+00 
 2.130785E+00       2       2     8.224271E+03     6.245647E+02 
 2.130785E+00       2       3    -1.497330E+00    -8.125911E-01 
 2.130785E+00       2       4     9.331534E+04     1.474409E+03 
 2.130785E+00       2       5    -1.244537E+01    -1.217126E+01 
 2.130785E+00       2       6     3.053498E+02     1.798280E+01 
 2.130785E+00       3       1    -2.038303E+00     7.457526E-01 
 2.130785E+00       3       2    -1.731665E+00    -1.042948E+00 
 2.130785E+00       3       3     2.376042E+04    -7.178962E-02 
 2.130785E+00       3       4     2.612751E+01    -2.695087E+00 
 2.130785E+00       3       5    -5.909443E+00    -1.180074E+00 
 2.130785E+00       3       6    -7.477939E+00    -1.585648E+01 
 2.130785E+00       4       1     3.326501E+01     1.394356E+01 
 2.130785E+00       4       2     9.425895E+04     1.459563E+03 
 2.130785E+00       4       3     4.889755E+01    -2.140541E+00 
 2.130785E+00       4       4     1.109271E+07     3.397267E+03 
 2.130785E+00       4       5    -1.646756E+03    -8.248338E+01 
 2.130785E+00       4       6     5.449262E+03    -1.042243E+03 
 2.130785E+00       5       1    -9.419025E+04    -1.454022E+03 
 2.130785E+00       5       2    -2.627552E+00    -1.568119E+01 
 2.130785E+00       5       3    -1.581728E+01    -1.249671E+00 
 2.130785E+00       5       4    -8.448480E+02    -8.518075E+01 
 2.130785E+00       5       5     1.109131E+07     3.397785E+03 
 2.130785E+00       5       6    -1.580379E+03     9.929142E+02 
 2.130785E+00       6       1     1.901392E+02     1.395710E+02 
 2.130785E+00       6       2     3.108535E+02     1.042451E+01 
 2.130785E+00       6       3    -2.502528E+01    -8.634609E+00 
 2.130785E+00       6       4     4.854750E+03    -1.158355E+03 
 2.130785E+00       6       5    -7.402032E+02     8.125298E+02 
 2.130785E+00       6       6     1.721479E+07     1.683951E+06 
 2.169662E+00       1       1     8.395340E+03     5.314749E+02 
 2.169662E+00       1       2     4.352622E+00     2.167858E+00 
 2.169662E+00       1       3    -9.551148E-01     3.090295E-01 
 2.169662E+00       1       4     1.990135E+01     1.854147E+01 
 2.169662E+00       1       5    -9.378648E+04    -1.266601E+03 
 2.169662E+00       1       6     1.569903E+02     4.548942E+01 
 2.169662E+00       2       1     4.913908E+00     1.267742E+00 
 2.169662E+00       2       2     8.404171E+03     5.344035E+02 
 2.169662E+00       2       3    -1.216838E+00    -1.046953E+00 
 2.169662E+00       2       4     9.379156E+04     1.271787E+03 
 2.169662E+00       2       5    -7.477730E+00    -2.376161E+01 
 2.169662E+00       2       6     1.899404E+02    -1.986024E+01 
 2.169662E+00       3       1    -2.031679E+00     4.167382E-01 
 2.169662E+00       3       2    -1.498340E+00    -1.217899E+00 
 2.169662E+00       3       3     2.376222E+04    -8.903416E-02 
 2.169662E+00       3       4     2.661087E+01    -2.928599E+00 
 2.169662E+00       3       5    -5.913337E+00    -5.360231E-01 
 2.169662E+00       3       6     3.489447E+00    -1.721129E+00 
 2.169662E+00       4       1     3.633100E+01     1.999936E+01 
 2.169662E+00       4       2     9.473625E+04     1.262091E+03 
 2.169662E+00       4       3     5.032535E+01    -2.447695E+00 
 2.169662E+00       4       4     1.109909E+07     2.913630E+03 
 2.169662E+00       4       5    -1.613467E+03    -9.671505E+01 
 2.169662E+00       4       6     4.985972E+03    -1.308563E+03 
 2.169662E+00       5       1    -9.466556E+04    -1.257822E+03 
 2.169662E+00       5       2     2.937392E+00    -2.443300E+01 
 2.169662E+00       5       3    -1.534916E+01    -5.367135E-01 
 2.169662E+00       5       4    -8.221406E+02    -9.033649E+01 
 2.169662E+00       5       5     1.109767E+07     2.934296E+03 
 2.169662E+00       5       6    -1.530521E+03     1.421516E+03 
 2.169662E+00       6       1     1.490351E+02     4.696417E+01 
 2.169662E+00       6       2     1.848255E+02    -2.068023E+01 
 2.169662E+00       6       3    -1.783321E+01     4.115620E+00 
 2.169662E+00       6       4     4.302561E+03    -1.391092E+03 
 2.169662E+00       6       5    -6.389739E+02     1.284608E+03 
 2.169662E+00       6       6     1.744625E+07     1.316855E+06 
 2.208540E+00       1       1     8.551586E+03     5.215117E+02 
 2.208540E+00       1       2     3.282404E+00     2.757557E+00 
 2.208540E+00       1       3    -6.902441E-01     3.344964E-01 
 2.208540E+00       1       4     1.738776E+01     1.812086E+01 
 2.208540E+00       1       5    -9.418511E+04    -1.175811E+03 
 2.208540E+00       1       6     2.018864E+02     3.655672E+01 
 2.208540E+00       2       1     3.107034E+00     2.239157E+00 
 2.208540E+00       2       2     8.561173E+03     5.247056E+02 
 2.208540E+00       2       3    -1.032539E+00    -9.303609E-01 
 2.208540E+00       2       4     9.420009E+04     1.181935E+03 
 2.208540E+00       2       5    -3.989674E+00    -2.643356E+01 
 2.208540E+00       2       6     1.614043E+02    -9.000363E+01 
 2.208540E+00       3       1    -1.819969E+00     4.090034E-01 
 2.208540E+00       3       2    -1.341116E+00    -1.138439E+00 
 2.208540E+00       3       3     2.379350E+04    -2.176355E-01 
 2.208540E+00       3       4     2.630737E+01    -2.420082E+00 
 2.208540E+00       3       5    -6.315941E+00    -8.295189E-01 
 2.208540E+00       3       6    -9.345994E+00     6.625165E+00 
 2.208540E+00       4       1     3.108042E+01     1.872376E+01 
 2.208540E+00       4       2     9.515579E+04     1.176497E+03 
 2.208540E+00       4       3     4.975590E+01    -1.941027E+00 
 2.208540E+00       4       4     1.110702E+07     2.545543E+03 
 2.208540E+00       4       5    -1.614200E+03    -8.816522E+01 
 2.208540E+00       4       6     5.139392E+03    -1.585592E+03 
 2.208540E+00       5       1    -9.507582E+04    -1.170827E+03 
 2.208540E+00       5       2     5.827537E+00    -2.633237E+01 
 2.208540E+00       5       3    -1.622358E+01    -9.113894E-01 
 2.208540E+00       5       4    -8.265437E+02    -8.564804E+01 
 2.208540E+00       5       5     1.110559E+07     2.564372E+03 
 2.208540E+00       5       6    -1.800848E+03     1.449830E+03 
 2.208540E+00       6       1     1.991919E+02     3.430784E+01 
 2.208540E+00       6       2     1.602815E+02    -9.760916E+01 
 2.208540E+00       6       3    -2.737536E+01     1.068628E+01 
 2.208540E+00       6       4     4.501927E+03    -1.725971E+03 
 2.208540E+00       6       5    -9.455739E+02     1.363464E+03 
 2.208540E+00       6       6     1.771887E+07     1.318774E+06 
 2.247417E+00       1       1     8.695570E+03     6.473306E+02 
 2.247417E+00       1       2     3.780883E+00     4.010642E+00 
 2.247417E+00       1       3    -5.672235E-01     5.268638E-01 
 2.247417E+00       1       4     2.482099E+01     1.738520E+01 
 2.247417E+00       1       5    -9.461040E+04    -1.369826E+03 
 2.247417E+00       1       6     1.954574E+02    -1.183604E+01 
 2.247417E+00       2       1     4.329247E+00     2.418437E+00 
 2.247417E+00       2       2     8.706360E+03     6.528907E+02 
 2.247417E+00       2       3    -1.014302E+00    -6.576313E-01 
 2.247417E+00       2       4     9.462747E+04     1.391392E+03 
 2.247417E+00       2       5     4.679703E+00    -2.868210E+01 
 2.247417E+00       2       6     2.015531E+02    -2.110588E+02 
 2.247417E+00       3       1    -1.814133E+00     6.020604E-01 
 2.247417E+00       3       2    -1.202218E+00    -9.618738E-01 
 2.247417E+00       3       3     2.378883E+04    -2.291511E-01 
 2.247417E+00       3       4     2.649000E+01    -1.944648E+00 
 2.247417E+00       3       5    -5.792694E+00    -1.394729E+00 
 2.247417E+00       3       6    -1.748201E+01     1.202196E-01 
 2.247417E+00       4       1     4.051819E+01     1.323395E+01 
 2.247417E+00       4       2     9.558157E+04     1.379849E+03 
 2.247417E+00       4       3     4.954790E+01    -1.330186E+00 
 2.247417E+00       4       4     1.111053E+07     2.827466E+03 
 2.247417E+00       4       5    -1.636128E+03    -7.878174E+01 
 2.247417E+00       4       6     5.409688E+03    -1.660407E+03 
 2.247417E+00       5       1    -9.549818E+04    -1.359179E+03 
 2.247417E+00       5       2     1.652200E+01    -2.973159E+01 
 2.247417E+00       5       3    -1.669767E+01    -1.387648E+00 
 2.247417E+00       5       4    -8.292445E+02    -8.680394E+01 
 2.247417E+00       5       5     1.110909E+07     2.786470E+03 
 2.247417E+00       5       6    -1.901680E+03     1.385885E+03 
 2.247417E+00       6       1     1.851789E+02    -5.330078E-01 
 2.247417E+00       6       2     2.069449E+02    -2.126633E+02 
 2.247417E+00       6       3    -3.730142E+01     4.423646E+00 
 2.247417E+00       6       4     4.767078E+03    -1.770021E+03 
 2.247417E+00       6       5    -1.024095E+03     1.253178E+03 
 2.247417E+00       6       6     1.779401E+07     1.398074E+06 
 2.286294E+00       1       1     8.552569E+03     8.959952E+02 
 2.286294E+00       1       2    -4.753127E+00     3.899237E+00 
 2.286294E+00       1       3    -9.691747E-01     7.971077E-01 
 2.286294E+00       1       4     1.245462E+01     2.850646E+01 
 2.286294E+00       1       5    -9.444635E+04    -1.805030E+03 
 2.286294E+00       1       6     4.933273E+02    -7.590536E+01 
 2.286294E+00       2       1    -3.169344E+00     4.675066E+00 
 2.286294E+00       2       2     8.559979E+03     9.046537E+02 
 2.286294E+00       2       3    -1.289041E+00    -4.609762E-01 
 2.286294E+00       2       4     9.444349E+04     1.842561E+03 
 2.286294E+00       2       5     2.694649E+01    -1.380531E+01 
 2.286294E+00       2       6     4.002113E+02    -8.102908E+01 
 2.286294E+00       3       1    -2.111007E+00     8.261857E-01 
 2.286294E+00       3       2    -1.349031E+00    -6.995035E-01 
 2.286294E+00       3       3     2.381952E+04    -2.031232E-01 
 2.286294E+00       3       4     2.542408E+01    -1.374214E+00 
 2.286294E+00       3       5    -5.228636E+00    -1.593867E+00 
 2.286294E+00       3       6    -1.685883E+01    -1.399684E+01 
 2.286294E+00       4       1     3.256824E+01     2.886972E+01 
 2.286294E+00       4       2     9.539628E+04     1.822229E+03 
 2.286294E+00       4       3     4.885302E+01    -8.808494E-01 
 2.286294E+00       4       4     1.111948E+07     3.613618E+03 
 2.286294E+00       4       5    -1.537731E+03    -6.886088E+01 
 2.286294E+00       4       6     5.671527E+03    -1.138183E+03 
 2.286294E+00       5       1    -9.533646E+04    -1.785397E+03 
 2.286294E+00       5       2     3.459476E+01    -7.552458E+00 
 2.286294E+00       5       3    -1.406006E+01    -1.689596E+00 
 2.286294E+00       5       4    -7.848221E+02    -6.161919E+01 
 2.286294E+00       5       5     1.111813E+07     3.521461E+03 
 2.286294E+00       5       6    -2.383728E+03     1.272346E+03 
 2.286294E+00       6       1     4.561375E+02    -7.436678E+01 
 2.286294E+00       6       2     4.283021E+02    -6.804081E+01 
 2.286294E+00       6       3    -3.878091E+01    -9.235060E+00 
 2.286294E+00       6       4     5.223154E+03    -1.186473E+03 
 2.286294E+00       6       5    -1.580588E+03     1.135898E+03 
 2.286294E+00       6       6     1.768698E+07     1.400388E+06 
 2.325171E+00       1       1     8.305395E+03     6.250001E+02 
 2.325171E+00       1       2     4.642455E+00    -2.633988E+00 
 2.325171E+00       1       3    -1.096827E+00     2.441574E-01 
 2.325171E+00       1       4     1.639179E+01     1.488719E+01 
 2.325171E+00       1       5    -9.409338E+04    -1.275116E+03 
 2.325171E+00       1       6     2.603129E+02     3.899221E+02 
 2.325171E+00       2       1     4.392623E+00    -2.509536E+00 
 2.325171E+00       2       2     8.309708E+03     6.294991E+02 
 2.325171E+00       2       3    -1.283894E+00    -8.456061E-01 
 2.325171E+00       2       4     9.407663E+04     1.282928E+03 
 2.325171E+00       2       5    -8.203812E+00    -1.155531E+00 
 2.325171E+00       2       6     2.050593E+02    -8.856295E+01 
 2.325171E+00       3       1    -2.270695E+00     1.893904E-01 
 2.325171E+00       3       2    -1.425213E+00    -8.217795E-01 
 2.325171E+00       3       3     2.381145E+04    -1.517572E-01 
 2.325171E+00       3       4     2.498881E+01    -1.641090E+00 
 2.325171E+00       3       5    -4.610236E+00    -2.834176E-01 
 2.325171E+00       3       6     2.306883E+00    -8.815698E+00 
 2.325171E+00       4       1     3.405658E+01     1.464280E+01 
 2.325171E+00       4       2     9.505562E+04     1.258259E+03 
 2.325171E+00       4       3     4.876000E+01    -1.657717E+00 
 2.325171E+00       4       4     1.111995E+07     2.476662E+03 
 2.325171E+00       4       5    -1.625682E+03    -4.346792E+01 
 2.325171E+00       4       6     5.157341E+03    -1.300576E+03 
 2.325171E+00       5       1    -9.500617E+04    -1.253391E+03 
 2.325171E+00       5       2    -2.935947E+00    -1.040894E+00 
 2.325171E+00       5       3    -1.434333E+01    -5.934222E-01 
 2.325171E+00       5       4    -8.161830E+02    -4.365570E+01 
 2.325171E+00       5       5     1.111865E+07     2.486585E+03 
 2.325171E+00       5       6    -1.778845E+03     4.663151E+02 
 2.325171E+00       6       1     2.409617E+02     3.590431E+02 
 2.325171E+00       6       2     1.767877E+02    -3.278289E+01 
 2.325171E+00       6       3    -1.743940E+01    -7.286132E+00 
 2.325171E+00       6       4     4.429418E+03    -1.244262E+03 
 2.325171E+00       6       5    -8.955425E+02     3.926000E+02 
 2.325171E+00       6       6     1.766745E+07     1.101029E+06 
 2.364048E+00       1       1     8.446798E+03     4.548325E+02 
 2.364048E+00       1       2     4.312668E+00     1.803162E+00 
 2.364048E+00       1       3    -7.325211E-01     1.771118E-01 
 2.364048E+00       1       4     1.577434E+01     1.880481E+01 
 2.364048E+00       1       5    -9.443609E+04    -9.323354E+02 
 2.364048E+00       1       6     9.323425E+01     1.961085E+02 
 2.364048E+00       2       1     3.894845E+00     1.765787E+00 
 2.364048E+00       2       2     8.454037E+03     4.609424E+02 
 2.364048E+00       2       3    -1.025259E+00    -7.409666E-01 
 2.364048E+00       2       4     9.443317E+04     9.394517E+02 
 2.364048E+00       2       5    -3.275779E+00    -1.684337E+01 
 2.364048E+00       2       6     2.666053E+02    -1.394393E+02 
 2.364048E+00       3       1    -1.899029E+00     1.297655E-01 
 2.364048E+00       3       2    -1.443766E+00    -7.329449E-01 
 2.364048E+00       3       3     2.384053E+04    -8.631797E-02 
 2.364048E+00       3       4     2.524526E+01    -1.627970E+00 
 2.364048E+00       3       5    -5.638274E+00     1.350534E-01 
 2.364048E+00       3       6    -3.009130E+00     4.801797E+00 
 2.364048E+00       4       1     3.529929E+01     1.820345E+01 
 2.364048E+00       4       2     9.541495E+04     9.255338E+02 
 2.364048E+00       4       3     5.095888E+01    -1.562543E+00 
 2.364048E+00       4       4     1.112919E+07     1.806218E+03 
 2.364048E+00       4       5    -1.602711E+03    -6.523151E+01 
 2.364048E+00       4       6     5.456400E+03    -1.475369E+03 
 2.364048E+00       5       1    -9.534928E+04    -9.211815E+02 
 2.364048E+00       5       2    -1.073939E+00    -1.755412E+01 
 2.364048E+00       5       3    -1.616395E+01    -2.242829E-01 
 2.364048E+00       5       4    -8.486319E+02    -6.733436E+01 
 2.364048E+00       5       5     1.112783E+07     1.829186E+03 
 2.364048E+00       5       6    -1.452888E+03     8.965210E+02 
 2.364048E+00       6       1     9.504346E+01     1.702563E+02 
 2.364048E+00       6       2     2.088666E+02    -1.376745E+02 
 2.364048E+00       6       3    -2.346711E+01     7.144412E+00 
 2.364048E+00       6       4     4.831657E+03    -1.587597E+03 
 2.364048E+00       6       5    -8.663355E+02     8.759965E+02 
 2.364048E+00       6       6     1.792098E+07     9.904096E+05 
 2.402926E+00       1       1     8.556754E+03     4.341066E+02 
 2.402926E+00       1       2     3.504307E+00     2.881125E+00 
 2.402926E+00       1       3    -4.752896E-01     3.753178E-01 
 2.402926E+00       1       4     1.522388E+01     2.009686E+01 
 2.402926E+00       1       5    -9.472728E+04    -8.529426E+02 
 2.402926E+00       1       6     5.282286E+01     8.377541E+01 
 2.402926E+00       2       1     2.813278E+00     2.408162E+00 
 2.402926E+00       2       2     8.560373E+03     4.412596E+02 
 2.402926E+00       2       3    -1.180157E+00    -6.239603E-01 
 2.402926E+00       2       4     9.472473E+04     8.678354E+02 
 2.402926E+00       2       5     4.093748E-01    -2.074234E+01 
 2.402926E+00       2       6     3.192427E+02    -1.299201E+02 
 2.402926E+00       3       1    -1.745811E+00     3.446177E-01 
 2.402926E+00       3       2    -1.547550E+00    -6.847080E-01 
 2.402926E+00       3       3     2.384318E+04    -7.452869E-02 
 2.402926E+00       3       4     2.552406E+01    -1.477526E+00 
 2.402926E+00       3       5    -5.421884E+00    -4.592647E-01 
 2.402926E+00       3       6    -1.376889E+01     2.468627E+00 
 2.402926E+00       4       1     3.116784E+01     1.880839E+01 
 2.402926E+00       4       2     9.570628E+04     8.597957E+02 
 2.402926E+00       4       3     4.907625E+01    -1.291642E+00 
 2.402926E+00       4       4     1.113141E+07     1.624995E+03 
 2.402926E+00       4       5    -1.611203E+03    -7.441215E+01 
 2.402926E+00       4       6     5.740124E+03    -1.200604E+03 
 2.402926E+00       5       1    -9.563837E+04    -8.466414E+02 
 2.402926E+00       5       2     6.346333E+00    -2.114895E+01 
 2.402926E+00       5       3    -1.680174E+01    -9.278000E-01 
 2.402926E+00       5       4    -8.633952E+02    -7.806961E+01 
 2.402926E+00       5       5     1.113004E+07     1.615257E+03 
 2.402926E+00       5       6    -1.488269E+03     1.046068E+03 
 2.402926E+00       6       1     6.677166E+01     7.777369E+01 
 2.402926E+00       6       2     2.889838E+02    -1.701629E+02 
 2.402926E+00       6       3    -3.385874E+01     5.345347E+00 
 2.402926E+00       6       4     5.024532E+03    -1.378549E+03 
 2.402926E+00       6       5    -7.694783E+02     9.666236E+02 
 2.402926E+00       6       6     1.804728E+07     1.049601E+06 
 2.441803E+00       1       1     8.587546E+03     4.638053E+02 
 2.441803E+00       1       2     3.986681E-01     3.495395E+00 
 2.441803E+00       1       3    -6.263277E-01     6.620505E-01 
 2.441803E+00       1       4     9.555878E+00     1.640414E+01 
 2.441803E+00       1       5    -9.488504E+04    -8.495347E+02 
 2.441803E+00       1       6     2.042066E+02    -8.441760E+01 
 2.441803E+00       2       1    -3.700971E-01     2.394441E+00 
 2.441803E+00       2       2     8.589891E+03     4.660817E+02 
 2.441803E+00       2       3    -1.347597E+00    -6.797249E-01 
 2.441803E+00       2       4     9.487761E+04     8.633306E+02 
 2.441803E+00       2       5     6.838434E+00    -1.688796E+01 
 2.441803E+00       2       6     3.586243E+02    -3.666169E+01 
 2.441803E+00       3       1    -1.787584E+00     6.579240E-01 
 2.441803E+00       3       2    -1.689409E+00    -8.655734E-01 
 2.441803E+00       3       3     2.385725E+04    -5.996632E-02 
 2.441803E+00       3       4     2.494674E+01    -1.654937E+00 
 2.441803E+00       3       5    -5.093872E+00    -1.036851E+00 
 2.441803E+00       3       6    -1.343368E+01    -8.586804E+00 
 2.441803E+00       4       1     2.486708E+01     1.338514E+01 
 2.441803E+00       4       2     9.584461E+04     8.524003E+02 
 2.441803E+00       4       3     4.896602E+01    -1.307783E+00 
 2.441803E+00       4       4     1.113865E+07     1.538672E+03 
 2.441803E+00       4       5    -1.610512E+03    -5.778072E+01 
 2.441803E+00       4       6     5.512450E+03    -8.629281E+02 
 2.441803E+00       5       1    -9.578513E+04    -8.403290E+02 
 2.441803E+00       5       2     1.340845E+01    -1.606440E+01 
 2.441803E+00       5       3    -1.523940E+01    -1.425504E+00 
 2.441803E+00       5       4    -8.351897E+02    -5.941827E+01 
 2.441803E+00       5       5     1.113731E+07     1.513300E+03 
 2.441803E+00       5       6    -1.736560E+03     1.251036E+03 
 2.441803E+00       6       1     1.999237E+02    -7.327889E+01 
 2.441803E+00       6       2     3.860948E+02    -6.912277E+01 
 2.441803E+00       6       3    -3.358961E+01    -4.576862E+00 
 2.441803E+00       6       4     5.074767E+03    -9.751859E+02 
 2.441803E+00       6       5    -8.855946E+02     1.100714E+03 
 2.441803E+00       6       6     1.801567E+07     1.097004E+06 
 2.480680E+00       1       1     8.584189E+03     3.657470E+02 
 2.480680E+00       1       2     3.366855E+00     9.502297E-01 
 2.480680E+00       1       3    -1.150388E+00     4.690405E-01 
 2.480680E+00       1       4     1.741552E+01     1.042303E+01 
 2.480680E+00       1       5    -9.499107E+04    -7.055188E+02 
 2.480680E+00       1       6     2.113224E+02     1.521216E+02 
 2.480680E+00       2       1     4.402999E+00    -8.121139E-01 
 2.480680E+00       2       2     8.592137E+03     3.693633E+02 
 2.480680E+00       2       3    -1.151039E+00    -8.508654E-01 
 2.480680E+00       2       4     9.498273E+04     7.152647E+02 
 2.480680E+00       2       5    -1.259518E+00    -1.491244E+01 
 2.480680E+00       2       6     2.118963E+02    -5.922037E+01 
 2.480680E+00       3       1    -2.206566E+00     4.829235E-01 
 2.480680E+00       3       2    -1.403216E+00    -1.003354E+00 
 2.480680E+00       3       3     2.385866E+04    -2.836494E-02 
 2.480680E+00       3       4     2.485143E+01    -1.833930E+00 
 2.480680E+00       3       5    -4.547898E+00    -6.639183E-01 
 2.480680E+00       3       6    -1.375053E+00    -4.897432E+00 
 2.480680E+00       4       1     3.816420E+01     7.034344E+00 
 2.480680E+00       4       2     9.598272E+04     6.936128E+02 
 2.480680E+00       4       3     4.866561E+01    -1.494912E+00 
 2.480680E+00       4       4     1.114239E+07     1.284678E+03 
 2.480680E+00       4       5    -1.635330E+03    -4.600793E+01 
 2.480680E+00       4       6     5.161601E+03    -1.161820E+03 
 2.480680E+00       5       1    -9.592174E+04    -6.849777E+02 
 2.480680E+00       5       2     8.777793E+00    -1.615467E+01 
 2.480680E+00       5       3    -1.351398E+01    -8.839617E-01 
 2.480680E+00       5       4    -8.403728E+02    -4.600192E+01 
 2.480680E+00       5       5     1.114107E+07     1.279366E+03 
 2.480680E+00       5       6    -1.765553E+03     9.892301E+02 
 2.480680E+00       6       1     1.956560E+02     1.566169E+02 
 2.480680E+00       6       2     2.237518E+02    -2.815917E+01 
 2.480680E+00       6       3    -1.993094E+01    -3.029134E+00 
 2.480680E+00       6       4     4.633050E+03    -1.134201E+03 
 2.480680E+00       6       5    -8.501417E+02     8.443063E+02 
 2.480680E+00       6       6     1.793748E+07     9.264300E+05 
 2.519557E+00       1       1     8.685643E+03     3.360559E+02 
 2.519557E+00       1       2     2.225839E+00     2.386905E+00 
 2.519557E+00       1       3    -8.598601E-01     2.526395E-01 
 2.519557E+00       1       4     1.742488E+01     1.399252E+01 
 2.519557E+00       1       5    -9.521731E+04    -6.385855E+02 
 2.519557E+00       1       6     1.770352E+02     7.638244E+01 
 2.519557E+00       2       1     3.030409E+00     2.232235E+00 
 2.519557E+00       2       2     8.692386E+03     3.412280E+02 
 2.519557E+00       2       3    -1.091240E+00    -7.302233E-01 
 2.519557E+00       2       4     9.521219E+04     6.423678E+02 
 2.519557E+00       2       5     2.478222E+00    -1.618154E+01 
 2.519557E+00       2       6     2.471279E+02    -1.364196E+02 
 2.519557E+00       3       1    -2.074264E+00     2.661617E-01 
 2.519557E+00       3       2    -1.279424E+00    -8.520798E-01 
 2.519557E+00       3       3     2.384934E+04    -4.502666E-02 
 2.519557E+00       3       4     2.538689E+01    -1.595876E+00 
 2.519557E+00       3       5    -4.669045E+00    -1.916135E-01 
 2.519557E+00       3       6    -8.132896E+00     5.244890E+00 
 2.519557E+00       4       1     3.527021E+01     1.319433E+01 
 2.519557E+00       4       2     9.621560E+04     6.357957E+02 
 2.519557E+00       4       3     4.795034E+01    -1.323544E+00 
 2.519557E+00       4       4     1.114095E+07     1.127419E+03 
 2.519557E+00       4       5    -1.653001E+03    -4.602130E+01 
 2.519557E+00       4       6     5.540155E+03    -1.275978E+03 
 2.519557E+00       5       1    -9.615030E+04    -6.327233E+02 
 2.519557E+00       5       2     1.159641E+01    -1.476037E+01 
 2.519557E+00       5       3    -1.478240E+01    -5.224954E-01 
 2.519557E+00       5       4    -8.568408E+02    -4.477469E+01 
 2.519557E+00       5       5     1.113961E+07     1.155814E+03 
 2.519557E+00       5       6    -1.815459E+03     9.858786E+02 
 2.519557E+00       6       1     1.644823E+02     5.715610E+01 
 2.519557E+00       6       2     2.330981E+02    -1.186211E+02 
 2.519557E+00       6       3    -2.772649E+01     6.046229E+00 
 2.519557E+00       6       4     4.912925E+03    -1.317703E+03 
 2.519557E+00       6       5    -8.487207E+02     9.399160E+02 
 2.519557E+00       6       6     1.813546E+07     7.857918E+05 
 2.558435E+00       1       1     8.795920E+03     3.634803E+02 
 2.558435E+00       1       2     2.416135E+00     2.015620E+00 
 2.558435E+00       1       3    -7.992611E-01     2.652826E-01 
 2.558435E+00       1       4     1.777730E+01     9.875831E+00 
 2.558435E+00       1       5    -9.547363E+04    -6.354063E+02 
 2.558435E+00       1       6     1.660872E+02     3.418234E+01 
 2.558435E+00       2       1     2.573390E+00     1.065790E+00 
 2.558435E+00       2       2     8.803866E+03     3.706143E+02 
 2.558435E+00       2       3    -1.022169E+00    -4.542552E-01 
 2.558435E+00       2       4     9.547095E+04     6.500405E+02 
 2.558435E+00       2       5     8.987355E+00    -1.557852E+01 
 2.558435E+00       2       6     2.897472E+02    -1.573039E+02 
 2.558435E+00       3       1    -1.957297E+00     3.054105E-01 
 2.558435E+00       3       2    -1.271602E+00    -6.384155E-01 
 2.558435E+00       3       3     2.386999E+04    -4.796199E-02 
 2.558435E+00       3       4     2.571376E+01    -1.115238E+00 
 2.558435E+00       3       5    -5.437372E+00    -3.985978E-01 
 2.558435E+00       3       6    -1.557270E+01    -2.515906E-02 
 2.558435E+00       4       1     3.657926E+01     6.209005E+00 
 2.558435E+00       4       2     9.646663E+04     6.464975E+02 
 2.558435E+00       4       3     4.922234E+01    -8.269993E-01 
 2.558435E+00       4       4     1.114938E+07     1.073187E+03 
 2.558435E+00       4       5    -1.637658E+03    -3.706328E+01 
 2.558435E+00       4       6     5.546846E+03    -1.048728E+03 
 2.558435E+00       5       1    -9.639350E+04    -6.321050E+02 
 2.558435E+00       5       2     1.625969E+01    -1.526059E+01 
 2.558435E+00       5       3    -1.492126E+01    -6.386871E-01 
 2.558435E+00       5       4    -8.459499E+02    -4.489518E+01 
 2.558435E+00       5       5     1.114804E+07     1.061607E+03 
 2.558435E+00       5       6    -1.713520E+03     9.743155E+02 
 2.558435E+00       6       1     1.701727E+02     4.350674E+01 
 2.558435E+00       6       2     2.744718E+02    -1.464387E+02 
 2.558435E+00       6       3    -3.371903E+01     1.108536E+00 
 2.558435E+00       6       4     4.891869E+03    -1.085928E+03 
 2.558435E+00       6       5    -9.756369E+02     8.702200E+02 
 2.558435E+00       6       6     1.825175E+07     8.331708E+05 
 2.597312E+00       1       1     8.803236E+03     5.535275E+02 
 2.597312E+00       1       2    -3.242888E+00     4.823323E+00 
 2.597312E+00       1       3    -6.045651E-01     3.917261E-01 
 2.597312E+00       1       4     2.040274E+01     2.395078E+01 
 2.597312E+00       1       5    -9.558870E+04    -9.187558E+02 
 2.597312E+00       1       6     3.580110E+02    -4.178334E+01 
 2.597312E+00       2       1    -5.820033E-01     5.932036E+00 
 2.597312E+00       2       2     8.800405E+03     5.649682E+02 
 2.597312E+00       2       3    -1.321180E+00    -4.166093E-01 
 2.597312E+00       2       4     9.556433E+04     9.421141E+02 
 2.597312E+00       2       5     1.765890E+01    -9.491214E+00 
 2.597312E+00       2       6     3.970183E+02    -7.072793E+01 
 2.597312E+00       3       1    -2.011539E+00     4.774927E-01 
 2.597312E+00       3       2    -1.500408E+00    -5.749767E-01 
 2.597312E+00       3       3     2.386470E+04     3.756633E-02 
 2.597312E+00       3       4     2.505141E+01    -9.413765E-01 
 2.597312E+00       3       5    -4.060063E+00    -5.760511E-01 
 2.597312E+00       3       6    -1.073254E+01    -7.903058E+00 
 2.597312E+00       4       1     4.000951E+01     2.276659E+01 
 2.597312E+00       4       2     9.655002E+04     9.268822E+02 
 2.597312E+00       4       3     4.929435E+01    -7.289635E-01 
 2.597312E+00       4       4     1.114905E+07     1.507742E+03 
 2.597312E+00       4       5    -1.575469E+03    -3.998664E+01 
 2.597312E+00       4       6     5.545798E+03    -9.127830E+02 
 2.597312E+00       5       1    -9.650040E+04    -9.051734E+02 
 2.597312E+00       5       2     2.187198E+01    -3.241885E+00 
 2.597312E+00       5       3    -1.629070E+01    -7.365356E-01 
 2.597312E+00       5       4    -9.079071E+02    -3.622797E+01 
 2.597312E+00       5       5     1.114779E+07     1.474702E+03 
 2.597312E+00       5       6    -1.961152E+03     1.053043E+03 
 2.597312E+00       6       1     3.231633E+02    -4.675008E+01 
 2.597312E+00       6       2     3.899782E+02    -7.405901E+01 
 2.597312E+00       6       3    -3.747198E+01    -5.951291E+00 
 2.597312E+00       6       4     4.942280E+03    -9.220126E+02 
 2.597312E+00       6       5    -1.149924E+03     9.391674E+02 
 2.597312E+00       6       6     1.824382E+07     8.761713E+05 
 2.636189E+00       1       1     8.553003E+03     3.814004E+02 
 2.636189E+00       1       2     6.073901E+00    -1.365565E+00 
 2.636189E+00       1       3    -8.281476E-01     1.959458E-01 
 2.636189E+00       1       4     1.582850E+01     1.447967E+01 
 2.636189E+00       1       5    -9.527778E+04    -6.608731E+02 
 2.636189E+00       1       6     1.073115E+02     3.776281E+02 
 2.636189E+00       2       1     4.619304E+00    -1.869359E+00 
 2.636189E+00       2       2     8.560725E+03     3.828597E+02 
 2.636189E+00       2       3    -1.196921E+00    -7.071087E-01 
 2.636189E+00       2       4     9.527683E+04     6.625833E+02 
 2.636189E+00       2       5    -9.317036E+00    -6.328618E+00 
 2.636189E+00       2       6     2.921066E+02    -1.341791E+02 
 2.636189E+00       3       1    -2.133439E+00     9.319497E-02 
 2.636189E+00       3       2    -1.389179E+00    -6.147448E-01 
 2.636189E+00       3       3     2.388418E+04     9.955303E-02 
 2.636189E+00       3       4     2.485383E+01    -1.016037E+00 
 2.636189E+00       3       5    -4.214357E+00    -3.661877E-02 
 2.636189E+00       3       6    -2.145609E-01    -2.521339E+00 
 2.636189E+00       4       1     3.317691E+01     1.139868E+01 
 2.636189E+00       4       2     9.626800E+04     6.359605E+02 
 2.636189E+00       4       3     4.897275E+01    -1.164475E+00 
 2.636189E+00       4       4     1.115550E+07     1.070533E+03 
 2.636189E+00       4       5    -1.652363E+03    -3.881624E+01 
 2.636189E+00       4       6     5.437108E+03    -1.254934E+03 
 2.636189E+00       5       1    -9.619941E+04    -6.351925E+02 
 2.636189E+00       5       2    -8.105844E+00    -8.112768E+00 
 2.636189E+00       5       3    -1.475985E+01    -4.413253E-01 
 2.636189E+00       5       4    -8.920773E+02    -4.216400E+01 
 2.636189E+00       5       5     1.115417E+07     1.079593E+03 
 2.636189E+00       5       6    -1.607612E+03     4.587912E+02 
 2.636189E+00       6       1     1.033384E+02     3.557986E+02 
 2.636189E+00       6       2     2.494469E+02    -1.006358E+02 
 2.636189E+00       6       3    -2.208172E+01    -3.352306E+00 
 2.636189E+00       6       4     4.823244E+03    -1.225124E+03 
 2.636189E+00       6       5    -7.081348E+02     3.888737E+02 
 2.636189E+00       6       6     1.817477E+07     7.464945E+05 
 2.675066E+00       1       1     8.690179E+03     2.748455E+02 
 2.675066E+00       1       2     3.694301E+00     2.315713E+00 
 2.675066E+00       1       3    -7.820204E-01     2.393990E-01 
 2.675066E+00       1       4     1.382070E+01     1.363238E+01 
 2.675066E+00       1       5    -9.552880E+04    -4.839203E+02 
 2.675066E+00       1       6     3.488981E+01     7.993450E+01 
 2.675066E+00       2       1     3.265931E+00     1.562956E+00 
 2.675066E+00       2       2     8.695224E+03     2.817144E+02 
 2.675066E+00       2       3    -1.175077E+00    -6.422262E-01 
 2.675066E+00       2       4     9.552386E+04     4.972326E+02 
 2.675066E+00       2       5    -2.111231E+00    -1.708402E+01 
 2.675066E+00       2       6     3.387180E+02    -8.679424E+01 
 2.675066E+00       3       1    -1.866432E+00     1.885846E-01 
 2.675066E+00       3       2    -1.537743E+00    -5.742099E-01 
 2.675066E+00       3       3     2.389112E+04     1.899431E-01 
 2.675066E+00       3       4     2.422213E+01    -1.112519E+00 
 2.675066E+00       3       5    -4.606562E+00     5.088360E-02 
 2.675066E+00       3       6    -1.107556E+01     5.492303E+00 
 2.675066E+00       4       1     3.316303E+01     1.161038E+01 
 2.675066E+00       4       2     9.654156E+04     4.831343E+02 
 2.675066E+00       4       3     4.844695E+01    -1.168572E+00 
 2.675066E+00       4       4     1.115885E+07     8.360949E+02 
 2.675066E+00       4       5    -1.644680E+03    -5.097959E+01 
 2.675066E+00       4       6     5.690693E+03    -9.174162E+02 
 2.675066E+00       5       1    -9.647554E+04    -4.711083E+02 
 2.675066E+00       5       2     5.660127E+00    -1.793427E+01 
 2.675066E+00       5       3    -1.359073E+01    -3.551780E-01 
 2.675066E+00       5       4    -8.670387E+02    -5.142933E+01 
 2.675066E+00       5       5     1.115752E+07     8.312211E+02 
 2.675066E+00       5       6    -1.540151E+03     8.708524E+02 
 2.675066E+00       6       1     4.285033E+01     6.752978E+01 
 2.675066E+00       6       2     2.945821E+02    -1.143630E+02 
 2.675066E+00       6       3    -2.776668E+01     6.007096E+00 
 2.675066E+00       6       4     5.164719E+03    -1.041162E+03 
 2.675066E+00       6       5    -6.859095E+02     8.442159E+02 
 2.675066E+00       6       6     1.834830E+07     6.494958E+05 
 2.713943E+00       1       1     8.772654E+03     2.777175E+02 
 2.713943E+00       1       2     2.380007E+00     3.595917E+00 
 2.713943E+00       1       3    -6.553692E-01     3.814371E-01 
 2.713943E+00       1       4     1.301173E+01     1.119529E+01 
 2.713943E+00       1       5    -9.572799E+04    -4.563954E+02 
 2.713943E+00       1       6     1.019533E+02    -2.871994E+01 
 2.713943E+00       2       1     2.256999E+00     2.608788E+00 
 2.713943E+00       2       2     8.775293E+03     2.838145E+02 
 2.713943E+00       2       3    -1.211948E+00    -6.281050E-01 
 2.713943E+00       2       4     9.571635E+04     4.726914E+02 
 2.713943E+00       2       5     5.857919E+00    -1.895615E+01 
 2.713943E+00       2       6     3.220090E+02    -7.058910E+01 
 2.713943E+00       3       1    -1.814552E+00     3.421938E-01 
 2.713943E+00       3       2    -1.561556E+00    -6.631893E-01 
 2.713943E+00       3       3     2.388076E+04     1.727098E-01 
 2.713943E+00       3       4     2.472506E+01    -1.141789E+00 
 2.713943E+00       3       5    -5.149695E+00    -4.704737E-01 
 2.713943E+00       3       6    -1.501975E+01    -6.249896E-01 
 2.713943E+00       4       1     3.116119E+01     9.391395E+00 
 2.713943E+00       4       2     9.672801E+04     4.658993E+02 
 2.713943E+00       4       3     4.877314E+01    -1.043775E+00 
 2.713943E+00       4       4     1.115672E+07     7.743725E+02 
 2.713943E+00       4       5    -1.629121E+03    -4.606448E+01 
 2.713943E+00       4       6     5.485952E+03    -7.458694E+02 
 2.713943E+00       5       1    -9.666515E+04    -4.511872E+02 
 2.713943E+00       5       2     1.372259E+01    -1.780174E+01 
 2.713943E+00       5       3    -1.440897E+01    -9.471799E-01 
 2.713943E+00       5       4    -8.422298E+02    -4.791467E+01 
 2.713943E+00       5       5     1.115542E+07     7.495666E+02 
 2.713943E+00       5       6    -1.632508E+03     1.012249E+03 
 2.713943E+00       6       1     1.044141E+02    -2.011024E+01 
 2.713943E+00       6       2     3.251531E+02    -1.155652E+02 
 2.713943E+00       6       3    -3.363533E+01     6.728533E-02 
 2.713943E+00       6       4     4.898676E+03    -8.571467E+02 
 2.713943E+00       6       5    -8.351007E+02     9.104699E+02 
 2.713943E+00       6       6     1.843083E+07     6.916872E+05 
 2.752821E+00       1       1     8.776295E+03     3.165296E+02 
 2.752821E+00       1       2    -1.085864E+00     1.187281E+00 
 2.752821E+00       1       3    -9.020520E-01     6.344444E-01 
 2.752821E+00       1       4     1.489399E+01     7.100012E+00 
 2.752821E+00       1       5    -9.583128E+04    -4.814424E+02 
 2.752821E+00       1       6     3.330192E+02    -1.073185E+00 
 2.752821E+00       2       1    -1.233012E+00     1.077997E-01 
 2.752821E+00       2       2     8.780519E+03     3.178028E+02 
 2.752821E+00       2       3    -1.094970E+00    -7.307980E-01 
 2.752821E+00       2       4     9.580945E+04     4.921682E+02 
 2.752821E+00       2       5     1.430815E+01    -1.188167E+01 
 2.752821E+00       2       6     2.647684E+02    -3.514598E+01 
 2.752821E+00       3       1    -2.029904E+00     6.490431E-01 
 2.752821E+00       3       2    -1.446848E+00    -8.953181E-01 
 2.752821E+00       3       3     2.390490E+04     1.886979E-01 
 2.752821E+00       3       4     2.557035E+01    -1.274708E+00 
 2.752821E+00       3       5    -2.773266E+00    -5.792941E-01 
 2.752821E+00       3       6    -7.486347E+00    -7.486283E+00 
 2.752821E+00       4       1     3.184852E+01     2.220707E+00 
 2.752821E+00       4       2     9.680055E+04     4.757379E+02 
 2.752821E+00       4       3     5.031397E+01    -1.042913E+00 
 2.752821E+00       4       4     1.116524E+07     7.509585E+02 
 2.752821E+00       4       5    -1.580383E+03    -2.812734E+01 
 2.752821E+00       4       6     5.191100E+03    -8.974844E+02 
 2.752821E+00       5       1    -9.674252E+04    -4.671708E+02 
 2.752821E+00       5       2     1.511319E+01    -8.275857E+00 
 2.752821E+00       5       3    -1.271748E+01    -7.314877E-01 
 2.752821E+00       5       4    -8.787528E+02    -2.573156E+01 
 2.752821E+00       5       5     1.116403E+07     7.379714E+02 
 2.752821E+00       5       6    -1.852031E+03     9.853038E+02 
 2.752821E+00       6       1     3.221396E+02     3.475471E+00 
 2.752821E+00       6       2     3.239422E+02    -3.043305E+01 
 2.752821E+00       6       3    -3.197396E+01    -4.867308E+00 
 2.752821E+00       6       4     4.845272E+03    -8.583408E+02 
 2.752821E+00       6       5    -1.134806E+03     8.793683E+02 
 2.752821E+00       6       6     1.841219E+07     7.240773E+05 
 2.791698E+00       1       1     8.804442E+03     2.494475E+02 
 2.791698E+00       1       2     1.387415E+00     1.449391E+00 
 2.791698E+00       1       3    -1.165987E+00     2.044658E-01 
 2.791698E+00       1       4     1.998101E+01     1.158123E+01 
 2.791698E+00       1       5    -9.591675E+04    -4.283994E+02 
 2.791698E+00       1       6     1.510279E+02     1.219499E+02 
 2.791698E+00       2       1     2.867875E+00     1.244992E+00 
 2.791698E+00       2       2     8.809332E+03     2.566085E+02 
 2.791698E+00       2       3    -1.116722E+00    -5.523374E-01 
 2.791698E+00       2       4     9.589859E+04     4.334878E+02 
 2.791698E+00       2       5     5.617280E+00    -8.785812E+00 
 2.791698E+00       2       6     2.889670E+02    -1.529259E+02 
 2.791698E+00       3       1    -2.185386E+00     2.106326E-01 
 2.791698E+00       3       2    -1.265156E+00    -5.965639E-01 
 2.791698E+00       3       3     2.390661E+04     2.021869E-01 
 2.791698E+00       3       4     2.502050E+01    -8.849912E-01 
 2.791698E+00       3       5    -4.501590E+00     4.258323E-02 
 2.791698E+00       3       6    -4.389287E+00     4.717310E+00 
 2.791698E+00       4       1     3.972600E+01     9.002634E+00 
 2.791698E+00       4       2     9.692449E+04     4.135274E+02 
 2.791698E+00       4       3     4.769959E+01    -7.949888E-01 
 2.791698E+00       4       4     1.116796E+07     6.792700E+02 
 2.791698E+00       4       5    -1.655370E+03    -2.787283E+01 
 2.791698E+00       4       6     5.601341E+03    -1.152717E+03 
 2.791698E+00       5       1    -9.686448E+04    -4.082148E+02 
 2.791698E+00       5       2     1.211087E+01    -7.770654E+00 
 2.791698E+00       5       3    -1.348705E+01     1.102671E-01 
 2.791698E+00       5       4    -9.153205E+02    -2.695217E+01 
 2.791698E+00       5       5     1.116669E+07     6.942103E+02 
 2.791698E+00       5       6    -1.800976E+03     7.807415E+02 
 2.791698E+00       6       1     1.228934E+02     1.070513E+02 
 2.791698E+00       6       2     2.648894E+02    -1.061868E+02 
 2.791698E+00       6       3    -2.689263E+01     3.192372E+00 
 2.791698E+00       6       4     5.058752E+03    -1.168400E+03 
 2.791698E+00       6       5    -8.411508E+02     6.748349E+02 
 2.791698E+00       6       6     1.839709E+07     5.762281E+05 
 2.830575E+00       1       1     8.868460E+03     2.420490E+02 
 2.830575E+00       1       2     1.409998E+00     8.585225E-01 
 2.830575E+00       1       3    -8.464285E-01     8.852330E-02 
 2.830575E+00       1       4     1.553914E+01     1.071772E+01 
 2.830575E+00       1       5    -9.604940E+04    -3.866561E+02 
 2.830575E+00       1       6     1.368303E+02     7.251000E+01 
 2.830575E+00       2       1     1.786090E+00     1.029143E+00 
 2.830575E+00       2       2     8.872876E+03     2.487826E+02 
 2.830575E+00       2       3    -1.137523E+00    -4.112479E-01 
 2.830575E+00       2       4     9.604317E+04     3.923096E+02 
 2.830575E+00       2       5     3.781860E+00    -9.469736E+00 
 2.830575E+00       2       6     3.494398E+02    -1.173303E+02 
 2.830575E+00       3       1    -1.997599E+00     1.694468E-01 
 2.830575E+00       3       2    -1.295613E+00    -4.995068E-01 
 2.830575E+00       3       3     2.389689E+04     1.389175E-01 
 2.830575E+00       3       4     2.462415E+01    -8.308392E-01 
 2.830575E+00       3       5    -4.815828E+00    -7.020506E-02 
 2.830575E+00       3       6    -1.273679E+01     2.591409E+00 
 2.830575E+00       4       1     3.498348E+01     7.779961E+00 
 2.830575E+00       4       2     9.706793E+04     3.856074E+02 
 2.830575E+00       4       3     4.774536E+01    -7.743475E-01 
 2.830575E+00       4       4     1.116449E+07     6.035402E+02 
 2.830575E+00       4       5    -1.668533E+03    -2.882771E+01 
 2.830575E+00       4       6     5.580728E+03    -7.942534E+02 
 2.830575E+00       5       1    -9.699709E+04    -3.801555E+02 
 2.830575E+00       5       2     1.066953E+01    -8.187566E+00 
 2.830575E+00       5       3    -1.435436E+01    -1.678490E-01 
 2.830575E+00       5       4    -8.844479E+02    -3.410369E+01 
 2.830575E+00       5       5     1.116318E+07     6.136040E+02 
 2.830575E+00       5       6    -1.706763E+03     7.415057E+02 
 2.830575E+00       6       1     1.516931E+02     5.920816E+01 
 2.830575E+00       6       2     3.060483E+02    -1.087409E+02 
 2.830575E+00       6       3    -3.227838E+01     8.151616E-01 
 2.830575E+00       6       4     5.033381E+03    -8.256538E+02 
 2.830575E+00       6       5    -8.038864E+02     6.876180E+02 
 2.830575E+00       6       6     1.853873E+07     5.575152E+05 
 2.869452E+00       1       1     8.934160E+03     3.267028E+02 
 2.869452E+00       1       2     1.289351E+00     2.924060E+00 
 2.869452E+00       1       3    -7.291768E-01     1.325685E-01 
 2.869452E+00       1       4     1.897407E+01     1.336030E+01 
 2.869452E+00       1       5    -9.619778E+04    -4.856372E+02 
 2.869452E+00       1       6     1.848443E+02    -1.668749E+00 
 2.869452E+00       2       1     3.178723E+00     3.150428E+00 
 2.869452E+00       2       2     8.931736E+03     3.357667E+02 
 2.869452E+00       2       3    -1.379438E+00    -3.222192E-01 
 2.869452E+00       2       4     9.617328E+04     5.016380E+02 
 2.869452E+00       2       5     3.939615E+00    -1.060964E+01 
 2.869452E+00       2       6     3.758470E+02    -7.588110E+01 
 2.869452E+00       3       1    -1.895473E+00     2.801610E-01 
 2.869452E+00       3       2    -1.547566E+00    -4.443387E-01 
 2.869452E+00       3       3     2.392265E+04     1.414002E-01 
 2.869452E+00       3       4     2.460252E+01    -5.696494E-01 
 2.869452E+00       3       5    -5.318978E+00    -3.172729E-01 
 2.869452E+00       3       6    -1.245473E+01    -2.511534E+00 
 2.869452E+00       4       1     4.337055E+01     1.209124E+01 
 2.869452E+00       4       2     9.719745E+04     4.890040E+02 
 2.869452E+00       4       3     4.899254E+01    -4.814029E-01 
 2.869452E+00       4       4     1.117350E+07     7.281450E+02 
 2.869452E+00       4       5    -1.666770E+03    -2.813369E+01 
 2.869452E+00       4       6     5.414359E+03    -7.661958E+02 
 2.869452E+00       5       1    -9.713837E+04    -4.754763E+02 
 2.869452E+00       5       2     1.234378E+01    -6.258966E+00 
 2.869452E+00       5       3    -1.508938E+01    -2.674285E-01 
 2.869452E+00       5       4    -8.742262E+02    -2.676347E+01 
 2.869452E+00       5       5     1.117225E+07     7.051672E+02 
 2.869452E+00       5       6    -1.706987E+03     8.550026E+02 
 2.869452E+00       6       1     1.742246E+02     3.214996E-02 
 2.869452E+00       6       2     3.407092E+02    -1.034232E+02 
 2.869452E+00       6       3    -3.148762E+01    -1.222164E+00 
 2.869452E+00       6       4     4.750121E+03    -8.067630E+02 
 2.869452E+00       6       5    -9.343433E+02     7.473429E+02 
 2.869452E+00       6       6     1.858377E+07     5.959135E+05 
 2.908329E+00       1       1     8.707018E+03     3.111102E+02 
 2.908329E+00       1       2     4.795468E+00    -1.573710E+00 
 2.908329E+00       1       3    -7.730602E-01     1.949793E-01 
 2.908329E+00       1       4     1.284850E+01     9.584075E+00 
 2.908329E+00       1       5    -9.598382E+04    -4.631688E+02 
 2.908329E+00       1       6     1.879317E+02     3.402326E+02 
 2.908329E+00       2       1     3.048333E+00    -2.977530E+00 
 2.908329E+00       2       2     8.721490E+03     3.158556E+02 
 2.908329E+00       2       3    -1.275125E+00    -7.061834E-01 
 2.908329E+00       2       4     9.598567E+04     4.790215E+02 
 2.908329E+00       2       5    -1.571613E+00    -5.881207E+00 
 2.908329E+00       2       6     3.086391E+02    -1.284624E+02 
 2.908329E+00       3       1    -2.078263E+00     1.711747E-01 
 2.908329E+00       3       2    -1.354273E+00    -5.679015E-01 
 2.908329E+00       3       3     2.391046E+04     1.931059E-01 
 2.908329E+00       3       4     2.481507E+01    -7.213899E-01 
 2.908329E+00       3       5    -3.910570E+00    -2.911181E-01 
 2.908329E+00       3       6    -4.601121E+00    -2.876804E+00 
 2.908329E+00       4       1     2.969114E+01     6.108676E+00 
 2.908329E+00       4       2     9.700477E+04     4.518884E+02 
 2.908329E+00       4       3     4.812838E+01    -9.188533E-01 
 2.908329E+00       4       4     1.117055E+07     7.021987E+02 
 2.908329E+00       4       5    -1.641163E+03    -2.817049E+01 
 2.908329E+00       4       6     5.400117E+03    -1.065237E+03 
 2.908329E+00       5       1    -9.692450E+04    -4.375985E+02 
 2.908329E+00       5       2    -2.951925E+00    -6.734956E+00 
 2.908329E+00       5       3    -1.451479E+01    -3.236268E-01 
 2.908329E+00       5       4    -9.111739E+02    -2.932373E+01 
 2.908329E+00       5       5     1.116924E+07     6.734822E+02 
 2.908329E+00       5       6    -1.723941E+03     4.779101E+02 
 2.908329E+00       6       1     1.827064E+02     3.400975E+02 
 2.908329E+00       6       2     2.974482E+02    -1.000345E+02 
 2.908329E+00       6       3    -2.877113E+01    -3.417068E+00 
 2.908329E+00       6       4     4.863633E+03    -1.041610E+03 
 2.908329E+00       6       5    -8.815662E+02     3.652449E+02 
 2.908329E+00       6       6     1.852999E+07     5.889647E+05 
 2.947207E+00       1       1     8.834852E+03     1.931186E+02 
 2.947207E+00       1       2     2.814293E+00     2.624911E+00 
 2.947207E+00       1       3    -8.867333E-01     2.480248E-01 
 2.947207E+00       1       4     1.599618E+01     9.162465E+00 
 2.947207E+00       1       5    -9.618311E+04    -3.125910E+02 
 2.947207E+00       1       6     4.494811E+01     3.628980E+01 
 2.947207E+00       2       1     2.737961E+00     1.742417E+00 
 2.947207E+00       2       2     8.837930E+03     2.005427E+02 
 2.947207E+00       2       3    -1.138413E+00    -5.963859E-01 
 2.947207E+00       2       4     9.617123E+04     3.276181E+02 
 2.947207E+00       2       5     6.532834E+00    -1.480315E+01 
 2.947207E+00       2       6     3.305214E+02    -6.497182E+01 
 2.947207E+00       3       1    -1.904164E+00     2.657468E-01 
 2.947207E+00       3       2    -1.416308E+00    -5.181648E-01 
 2.947207E+00       3       3     2.391133E+04     2.461623E-01 
 2.947207E+00       3       4     2.456527E+01    -7.663642E-01 
 2.947207E+00       3       5    -3.418764E+00    -1.810259E-01 
 2.947207E+00       3       6    -9.705001E+00     5.348139E+00 
 2.947207E+00       4       1     3.535974E+01     6.717728E+00 
 2.947207E+00       4       2     9.720521E+04     3.078265E+02 
 2.947207E+00       4       3     4.963645E+01    -8.891691E-01 
 2.947207E+00       4       4     1.117105E+07     5.272478E+02 
 2.947207E+00       4       5    -1.593946E+03    -3.663876E+01 
 2.947207E+00       4       6     5.590427E+03    -6.847543E+02 
 2.947207E+00       5       1    -9.714151E+04    -2.957025E+02 
 2.947207E+00       5       2     8.120417E+00    -1.499724E+01 
 2.947207E+00       5       3    -1.145962E+01    -1.019994E-01 
 2.947207E+00       5       4    -8.915513E+02    -3.534253E+01 
 2.947207E+00       5       5     1.116974E+07     5.110876E+02 
 2.947207E+00       5       6    -1.637484E+03     7.798418E+02 
 2.947207E+00       6       1     4.133698E+01     2.956649E+01 
 2.947207E+00       6       2     2.975891E+02    -9.241215E+01 
 2.947207E+00       6       3    -3.443836E+01     4.445532E+00 
 2.947207E+00       6       4     5.133046E+03    -8.172000E+02 
 2.947207E+00       6       5    -8.183663E+02     7.294192E+02 
 2.947207E+00       6       6     1.861748E+07     4.678935E+05 
 2.986084E+00       1       1     8.899916E+03     1.962675E+02 
 2.986084E+00       1       2     1.112353E+00     3.026066E+00 
 2.986084E+00       1       3    -8.847828E-01     2.977078E-01 
 2.986084E+00       1       4     1.594871E+01     6.887717E+00 
 2.986084E+00       1       5    -9.629968E+04    -2.902862E+02 
 2.986084E+00       1       6     1.311567E+02    -2.180350E+01 
 2.986084E+00       2       1     1.385687E+00     2.357239E+00 
 2.986084E+00       2       2     8.902550E+03     2.015587E+02 
 2.986084E+00       2       3    -1.306068E+00    -5.289579E-01 
 2.986084E+00       2       4     9.628092E+04     3.057340E+02 
 2.986084E+00       2       5     7.878010E+00    -1.565466E+01 
 2.986084E+00       2       6     3.031786E+02    -7.651951E+01 
 2.986084E+00       3       1    -1.919154E+00     3.092782E-01 
 2.986084E+00       3       2    -1.439178E+00    -5.298535E-01 
 2.986084E+00       3       3     2.393705E+04     2.083800E-01 
 2.986084E+00       3       4     2.469288E+01    -7.049656E-01 
 2.986084E+00       3       5    -4.785665E+00    -3.827021E-01 
 2.986084E+00       3       6    -1.369686E+01    -6.798550E-01 
 2.986084E+00       4       1     3.457282E+01     6.094317E+00 
 2.986084E+00       4       2     9.731543E+04     2.954074E+02 
 2.986084E+00       4       3     4.678917E+01    -6.619871E-01 
 2.986084E+00       4       4     1.118020E+07     4.787945E+02 
 2.986084E+00       4       5    -1.655967E+03    -3.245317E+01 
 2.986084E+00       4       6     5.292697E+03    -6.555355E+02 
 2.986084E+00       5       1    -9.725317E+04    -2.843172E+02 
 2.986084E+00       5       2     1.466293E+01    -1.310131E+01 
 2.986084E+00       5       3    -1.332908E+01    -4.070963E-01 
 2.986084E+00       5       4    -8.930493E+02    -3.143951E+01 
 2.986084E+00       5       5     1.117893E+07     4.564469E+02 
 2.986084E+00       5       6    -1.656766E+03     8.487782E+02 
 2.986084E+00       6       1     1.301372E+02    -2.177674E+01 
 2.986084E+00       6       2     3.132660E+02    -1.050253E+02 
 2.986084E+00       6       3    -3.366472E+01     7.636212E-02 
 2.986084E+00       6       4     4.881811E+03    -7.421977E+02 
 2.986084E+00       6       5    -7.887230E+02     7.760259E+02 
 2.986084E+00       6       6     1.869386E+07     4.938657E+05 
 3.024961E+00       1       1     8.909838E+03     2.318394E+02 
 3.024961E+00       1       2    -9.168306E-01     7.072103E-01 
 3.024961E+00       1       3    -9.304572E-01     4.796974E-01 
 3.024961E+00       1       4     2.062810E+01     7.396474E+00 
 3.024961E+00       1       5    -9.642214E+04    -3.197555E+02 
 3.024961E+00       1       6     3.002759E+02     3.503630E+01 
 3.024961E+00       2       1    -3.276110E-01    -6.361000E-01 
 3.024961E+00       2       2     8.916263E+03     2.347692E+02 
 3.024961E+00       2       3    -1.055799E+00    -5.376921E-01 
 3.024961E+00       2       4     9.639897E+04     3.300399E+02 
 3.024961E+00       2       5     1.423539E+01    -8.566292E+00 
 3.024961E+00       2       6     2.754025E+02    -9.906394E+01 
 3.024961E+00       3       1    -2.139974E+00     4.967739E-01 
 3.024961E+00       3       2    -1.339415E+00    -6.175402E-01 
 3.024961E+00       3       3     2.392284E+04     1.928781E-01 
 3.024961E+00       3       4     2.447236E+01    -5.659266E-01 
 3.024961E+00       3       5    -3.762023E+00    -2.060535E-01 
 3.024961E+00       3       6    -5.733722E+00    -3.772707E+00 
 3.024961E+00       4       1     3.674343E+01     2.447464E+00 
 3.024961E+00       4       2     9.741015E+04     3.062307E+02 
 3.024961E+00       4       3     4.817663E+01    -4.883365E-01 
 3.024961E+00       4       4     1.117677E+07     4.749975E+02 
 3.024961E+00       4       5    -1.614605E+03    -2.028491E+01 
 3.024961E+00       4       6     5.257474E+03    -8.803471E+02 
 3.024961E+00       5       1    -9.734756E+04    -2.993917E+02 
 3.024961E+00       5       2     1.503869E+01    -4.346754E+00 
 3.024961E+00       5       3    -1.450488E+01     1.603800E-01 
 3.024961E+00       5       4    -9.122386E+02    -1.850693E+01 
 3.024961E+00       5       5     1.117552E+07     4.644742E+02 
 3.024961E+00       5       6    -1.809771E+03     8.286563E+02 
 3.024961E+00       6       1     2.925872E+02     3.609857E+01 
 3.024961E+00       6       2     3.115887E+02    -7.216947E+01 
 3.024961E+00       6       3    -3.136323E+01     4.355983E-01 
 3.024961E+00       6       4     4.719662E+03    -8.466500E+02 
 3.024961E+00       6       5    -1.080976E+03     7.561402E+02 
 3.024961E+00       6       6     1.869518E+07     5.246301E+05 
 3.063838E+00       1       1     8.927567E+03     1.965699E+02 
 3.063838E+00       1       2     1.277270E+00     4.248508E-01 
 3.063838E+00       1       3    -1.153859E+00    -4.445842E-02 
 3.063838E+00       1       4     1.614831E+01     1.068703E+01 
 3.063838E+00       1       5    -9.645418E+04    -3.113669E+02 
 3.063838E+00       1       6     1.217972E+02     1.287002E+02 
 3.063838E+00       2       1     2.059714E+00     7.710122E-01 
 3.063838E+00       2       2     8.930640E+03     2.024897E+02 
 3.063838E+00       2       3    -1.138387E+00    -3.275644E-01 
 3.063838E+00       2       4     9.644277E+04     3.126420E+02 
 3.063838E+00       2       5     5.906390E+00    -4.726653E+00 
 3.063838E+00       2       6     3.536276E+02    -1.252300E+02 
 3.063838E+00       3       1    -2.018528E+00     9.737547E-02 
 3.063838E+00       3       2    -1.329334E+00    -4.436787E-01 
 3.063838E+00       3       3     2.392295E+04     1.923356E-01 
 3.063838E+00       3       4     2.427372E+01    -5.290846E-01 
 3.063838E+00       3       5    -3.668838E+00     2.898578E-02 
 3.063838E+00       3       6    -7.369497E+00     5.863358E+00 
 3.063838E+00       4       1     3.693216E+01     7.276738E+00 
 3.063838E+00       4       2     9.748391E+04     2.882040E+02 
 3.063838E+00       4       3     4.889962E+01    -5.493221E-01 
 3.063838E+00       4       4     1.117689E+07     4.652905E+02 
 3.063838E+00       4       5    -1.629669E+03    -1.928381E+01 
 3.063838E+00       4       6     5.638557E+03    -8.078724E+02 
 3.063838E+00       5       1    -9.741592E+04    -2.879212E+02 
 3.063838E+00       5       2     8.911987E+00    -3.297152E+00 
 3.063838E+00       5       3    -1.177372E+01     4.857016E-01 
 3.063838E+00       5       4    -8.842429E+02    -2.041012E+01 
 3.063838E+00       5       5     1.117560E+07     4.745021E+02 
 3.063838E+00       5       6    -1.820310E+03     5.904179E+02 
 3.063838E+00       6       1     1.200723E+02     1.028637E+02 
 3.063838E+00       6       2     2.986120E+02    -1.046482E+02 
 3.063838E+00       6       3    -3.400365E+01     2.385688E+00 
 3.063838E+00       6       4     5.115767E+03    -8.907995E+02 
 3.063838E+00       6       5    -9.607109E+02     4.832101E+02 
 3.063838E+00       6       6     1.868266E+07     4.180985E+05 
 3.102715E+00       1       1     8.977592E+03     1.915401E+02 
 3.102715E+00       1       2     2.381889E+00     3.418627E-01 
 3.102715E+00       1       3    -9.861764E-01     3.774790E-02 
 3.102715E+00       1       4     1.549084E+01     5.854490E+00 
 3.102715E+00       1       5    -9.653642E+04    -2.714391E+02 
 3.102715E+00       1       6     1.110014E+02     4.659602E+01 
 3.102715E+00       2       1     2.634763E+00     4.784612E-01 
 3.102715E+00       2       2     8.981094E+03     1.977257E+02 
 3.102715E+00       2       3    -1.309990E+00    -2.235404E-01 
 3.102715E+00       2       4     9.653052E+04     2.835700E+02 
 3.102715E+00       2       5     1.867401E+00    -7.284817E+00 
 3.102715E+00       2       6     3.377152E+02    -6.988729E+01 
 3.102715E+00       3       1    -1.924609E+00     1.446233E-01 
 3.102715E+00       3       2    -1.308475E+00    -3.763422E-01 
 3.102715E+00       3       3     2.395064E+04     1.356459E-01 
 3.102715E+00       3       4     2.493366E+01    -4.468350E-01 
 3.102715E+00       3       5    -5.167494E+00    -4.611305E-01 
 3.102715E+00       3       6    -1.259778E+01     1.060604E+00 
 3.102715E+00       4       1     3.776733E+01     2.904632E+00 
 3.102715E+00       4       2     9.756792E+04     2.721173E+02 
 3.102715E+00       4       3     4.678817E+01    -3.268560E-01 
 3.102715E+00       4       4     1.118636E+07     4.152016E+02 
 3.102715E+00       4       5    -1.671874E+03    -1.530446E+01 
 3.102715E+00       4       6     5.383467E+03    -5.584459E+02 
 3.102715E+00       5       1    -9.749364E+04    -2.623904E+02 
 3.102715E+00       5       2     7.102865E+00    -6.649385E+00 
 3.102715E+00       5       3    -1.328464E+01    -2.072500E-01 
 3.102715E+00       5       4    -9.105894E+02    -2.178933E+01 
 3.102715E+00       5       5     1.118505E+07     3.993296E+02 
 3.102715E+00       5       6    -1.637872E+03     6.720129E+02 
 3.102715E+00       6       1     1.258660E+02     5.346338E+01 
 3.102715E+00       6       2     2.971097E+02    -8.898534E+01 
 3.102715E+00       6       3    -3.341098E+01    -2.748268E-01 
 3.102715E+00       6       4     4.869222E+03    -6.580165E+02 
 3.102715E+00       6       5    -7.622807E+02     5.993125E+02 
 3.102715E+00       6       6     1.878176E+07     4.201688E+05 
 3.141593E+00       1       1     8.976428E+03     3.031903E+02 
 3.141593E+00       1       2    -3.342850E-01     3.699252E+00 
 3.141593E+00       1       3    -6.276881E-01     1.176523E-01 
 3.141593E+00       1       4     1.708159E+01     1.500745E+01 
 3.141593E+00       1       5    -9.660290E+04    -3.993927E+02 
 3.141593E+00       1       6     2.254484E+02    -1.032128E+01 
 3.141593E+00       2       1     4.847741E-01     4.060876E+00 
 3.141593E+00       2       2     8.977937E+03     2.978435E+02 
 3.141593E+00       2       3    -1.457179E+00    -3.739446E-01 
 3.141593E+00       2       4     9.658955E+04     4.063348E+02 
 3.141593E+00       2       5     4.702740E+00    -1.454461E+01 
 3.141593E+00       2       6     3.110247E+02    -5.043719E+01 
 3.141593E+00       3       1    -1.800270E+00     3.224541E-01 
 3.141593E+00       3       2    -1.498280E+00    -4.894448E-01 
 3.141593E+00       3       3     2.393437E+04     1.692089E-01 
 3.141593E+00       3       4     2.463070E+01    -4.155605E-01 
 3.141593E+00       3       5    -4.010444E+00    -5.453842E-01 
 3.141593E+00       3       6    -9.697314E+00    -2.598968E+00 
 3.141593E+00       4       1     3.865960E+01     1.615511E+01 
 3.141593E+00       4       2     9.762099E+04     3.832636E+02 
 3.141593E+00       4       3     4.855693E+01    -3.221639E-01 
 3.141593E+00       4       4     1.118221E+07     5.619407E+02 
 3.141593E+00       4       5    -1.655282E+03    -3.329729E+01 
 3.141593E+00       4       6     5.277435E+03    -6.609873E+02 
 3.141593E+00       5       1    -9.755352E+04    -3.822500E+02 
 3.141593E+00       5       2     9.944136E+00    -8.753305E+00 
 3.141593E+00       5       3    -1.452357E+01    -1.410395E-01 
 3.141593E+00       5       4    -9.207697E+02    -2.787306E+01 
 3.141593E+00       5       5     1.118092E+07     5.390047E+02 
 3.141593E+00       5       6    -1.754218E+03     7.698154E+02 
 3.141593E+00       6       1     2.113402E+02    -6.781400E+00 
 3.141593E+00       6       2     3.109290E+02    -9.223677E+01 
 3.141593E+00       6       3    -3.156519E+01    -1.008173E+00 
 3.141593E+00       6       4     4.726352E+03    -7.684912E+02 
 3.141593E+00       6       5    -9.497733E+02     6.920005E+02 
 3.141593E+00       6       6     1.880668E+07     4.484770E+05 
